{
  "accuracy": [
    0.8961669206619263,
    0.9270033240318298
  ],
  "loss": [
    0.24960549175739288,
    0.18405672907829285
  ],
  "val_accuracy": [
    0.9118785858154297,
    0.9159606099128723
  ],
  "val_loss": [
    0.21608518064022064,
    0.20710960030555725
  ]
}