sentence,predicted,truth
"At this point, Trump looks much more composed, healthy, energetic and more Presidential than Hilliary. But if you have to vote for a raving, lying, failed, screeching virago, Hilliary is the perfect pick.",0,1
"Bull crap Carl Zimmer and the New York Times, just because New York was founded in Africa that does not mean the rest of us are from Africa.",0,1
I predict you will be killed by an officer at your next traffic stop.,0,1
Screw you. Re-read my 2nd sentence.,0,1
"What's ""unfortunate"" about the fact that some African-American athletes refuse to stand for the singing of the Star Spangled Banner? Standing for the singing of the national anthem denotes acceptance of a form of patriotism that celebrates inequality and gross injustice not to mention mindless conformity. Watching people robotically rise for the singing of the anthem always gave me the creeps so much so that I never stood in the rare occasion I was exposed to it but instead simply looked around incredulous that people actually swallow such drivel without question. 
We shouldn't do away with the song for the sake of political correctness, no, we should get rid of it because it's a stupid, violent, racist song about a stupid, violent, racist country. It'd be like the first step in a 12 step program  to help Americans rid themselves of compulsively stupid behavior.",0,1
Kill him,0,1
"Yep, life sucks then you die.",0,1
"Was there this much outrage over Neil Abercrombie's infamous ""Fn¢k You."" letter back in 1978?",0,1
This report is a lie.,0,1
"It's not rocket science to understand that when you open fire on people, even to scare them, and exchange gun fire with police it's not likely to be a peaceful ending.  Too bad Mr. Musser was mentally unstable to give himself up.",0,1
"Sad. A guy runs strangers off his property and SWAT comes rolling in to torment him to death. Damned pitiful tactics.

Sad.",0,1
"Shooting to police,dui's  and not paying his taxes he must have some black in him because only black people would do something like that.",0,1
lick my nuts.,0,1
"Jennifer, you are a racist, bigot who sadly doesn't possess the intelligence to distinguish between legal and illegal immigrants.",0,1
What if you are being served for a lawsuit? If you didn't order anything you get to shoot the FedEx guy?,0,1
I will Burn your house down,0,1
I will burn your house down,0,1
"I can't decide which is the more disgusting, phony, imposter - Trump, or Cruz",0,1
"Everytime I hear or see this I say THANK GOD I'M WHITE! I am terrified for my for my black relatives. I cannot imagine trying to raise black children in today's world. They are being killed over the stupidist reasons LEO can come up with! It breaks my brother's heart when his fellow LEO kill unarmed black people. He is LEO, we have many black relatives. This behavior is demoralizing. He dedicates his life to help people in the worst and most dangerous times of their life regardless of color and at the same time praying and hoping that his fellow LEO does the same for our relatives in other states knowing full well LEO is killing unarmed blacks every week! How is that right? What is LEO doing to heal our communities?? How can the black communities feel LEO is protecting not persecuting and shooting at the slightest real or imagined threat? 

If you see a weapon then SHOOT! Don't shoot until you see a weapon!! 

My family kneels. We are patriotic, LEO killing unarmed civilians is not.",0,1
C'mon man anybody that gets up and tells everybody they one bad ass brother has a freaking problem. And he's a mayor? Under indictment for abuse of a county credit card? And now not reporting income for land sales? This is just sad. This is just another stupid drunk big talking like he's the man. I used to have so much respect for Billy. His speech to HPU grads was awesome. Awesome. Billy you gotta put down the bottle brother.,0,1
"No, and it's perfectly legal. 
""Three generations of imbeciles are enough.""
https://www.law.cornell.edu/supremecourt/text/274/200",0,1
well they'll have a hard time with that. they just recovered his body; you're a turd,0,1
Could you please interpret the 14th Admendment for us ignorant minions as well?,0,1
"Becoming religious does not make you violent, but going to Afghanistan and becoming religious can. When in Afghanistan and seeing grown men have sex with young boys and goats after maghrib it's pretty difficult not to judge.  When their 'prophet' and founder Mohammed married a 6 year old and was screwing her by 10 years of age, respect is hard to come by, I don't like pedophiles.
Verses in the Qur'an call for violence against all who do not believe in Allah. 
I know good people exist who practice Islam but the radical Muslims are like an ever spreading stage 4 cancer.",0,1
"I guess I feel I have to comment against this angry liberal  PFD mob. This is boringly predicable. Gov walker ""stole"" your free money.... The oil companies pillages ""your"" resources ( damn tax credits) Then the ancillary comments about its an ""ownership"" state and that PFD is deserved. Give me a break. Not one person is proposing a fix. The truth is you can take away all the oil credits...add a sales tax and still not get close to closing the gap. Reality and logic are sorry you don't get the whole check you ""deserve"". I personally would rather have schools, police and less income tax. (Que comments about budget reserve and walker). We do need to make some changes, new revenue, maybe taxes, curtailed oil credits, but when you do the math it also takes the PFD. If your personal budget is built on it, you need to make life changes, or forgo you bigscreen or payment to your bar tab. I guess this is therapy for some, bitch but offer no actual, impactful solutions ... Just indignant hate",0,1
"Damn it. I would be willing to give it a go. Wanna be killers can put their name in a hat and we can draw to see who gets to pull the lever. Two birds, one stone. Criminal dies, wanna be hanger gets his wish - legally.",0,1
"We do not trust anything that comes out of the Hussein Obama regime.
He, & his goons have been proven to be nothing more than pathological liars.",0,1
The same Bruce who has cheated on 2 of his wives? Maybe he was trying to emulate Bill Clinton. Perhaps he was speaking of himself when he said the word moron.,0,1
"Perhaps they were taught at home that protesting for the rights of all peoples is in fact reason enough.  ""....they have absolutely no reason to protest.""  That is just plain scary and ignorant.",0,1
"Key phase "" a lunatic like Trump."" The fact that the American public has allowed Trump to go this far says everything about his supporters and nothing about Clinton. If a majority of the public falls for his anti-intellectualism,  his pathological lying, his racism, his misogyny, his ignorance, his bluster, his arrogance, his narcissism and idiocy--to name a few--it's on them.   I used to think we should get rid of the electoral collgege, now I see that we cannot:  A dumbed down America forbids it.",0,1
"Liberals are behind the sad specter of Bio D iversity and Natural Diversity which scratch the back of anti-harvest participants who want to stop hunting of predators, just for one example.  They would love to see the land locked up to anyone except those who want to simply view or hike into the state and federal lands.  Many libs are  on state and fed fish and wildlife payrolls and carry out the mandates of anti-hunting zealots and animals rights dictatorial activist.  Get involved to stop this misguided, Disney mentality madness!",0,1
she is not going to recover. she is on life support at providence because these two worthless turd punks shot her in the face. i say shoot them in town square and let the birds have them,0,1
"Stick your head where the sun doesn't shine you Artsy Fartsy.  Better yet, instead of putting the cork back into your booze  bottle, stuff your head in it and don't pull it out until I say you can.  Never mind.  You sound pickled already.",0,1
"As  we have been clearly shown, any mulsim male or female can become a murdering terrorist at any time. All are suspect, when not even the FBI looking at terrorist are able to identify them. Islam was banned from the US before, it needs to be done again. There is no peace with islam. 1400 years of war prove that to anyone but a fool.",0,1
and franchise his ridiculous name,0,1
"haha, for real.  He must be talking about those crazy left-wing politicians.",0,1
Hot damn!  Never have I seen so many supporters of socialist programs!  No wonder Bernie Sanders did so well in this state!  Even the conservatives would have rolled out the red carpet for him considering their responses here.,0,1
Actually it's harder to get a hunting knife out of a store than a damn ar15 rifle at this point.,0,1
"So killing them is the answer ? And you have no ""proof"" they are not ""babies"", you are entitled to your biased opinions just as Mr. Krupka is.",0,1
"We don't need gun control, We need MUSLIM CONTROL. This story gets repeated daily. Muslims immigrate to the United States and bring their RADICAL IDEOLOGY with them. Their children grow up thinking Americans are all heathans. Eventually Youth and Ideology form the perfect union to begin killing innocents in the name of Allah. Now boys think they are Martyrs and they are going to be rewarded with 72 Virgins......blah......blah.....blah...........I am with TRUMP. Ban ISLAM IMMIGRATION!",0,1
"Christopher, history reminds us that you can't talk about equity or equality without talking about decades of free labor, which built the financial infrastructure. White Adventists, who are complicit in the structural and institutional racism, and who benefit from it, like most White Americans need to step up and challenge the evils that persist in the country and in the Adventist Church. Thanks for your perspective.",0,1
"""Hopefully this museum makes us talk to each other,"" he said. ""And more importantly listen to each other. And most importantly see each other.""

What will it do to prevent blacks killing blacks?",0,1
"He Tweeted that he was going to vote for Hillary. That is motive enough. It proves he's nuts - and ignorant. If he had Tweeted he was voting for Trump the media (and ADN) would be jumping all over the story that Trump inspired this ""hate.""",0,1
"I think Spen is disappointed they didn't kill the guy, frankly I am too. 
Another loser thug. Bet the passengers had illegal goods on them as well. I'm sorry the dog died in the line of duty. So much love and training goes into trainin these dogs and they are like family to the officer. I'm sorry for the officer's loss of his beloved dog.",0,1
"If they are shot at then YES they need to kill them, not wound them!",0,1
"This thug is quite the loser. Quite the record in Alaska - beating up his girlfriend, robbing ATM's in Palmer, calling his brother report the getaway truck as stolen after borrowing it from his brother to cover up the crime .... Wish they killed this loser!! Obviously his criminal past and only being 23 speaks volumes .... Wish the dog covered his ass in bites! But wait ... Even a police dog was raised better and didn't viciously attack this douche!!  We have got to change our legal system. People like this thug are cancer in our society. I'm not interested in spending hundreds of thousands of dollars trying to give this ass more chances to be a better man or try to rehabilitate him. HANG HIM. SHOOT HIM. SHANK HIM. I don't care, just be done with this guy.",0,1
"What do you mean they only have 15 years on the sex offender list?? 
You have got to be kidding me!! These guys need to be castrated, branded and put in general pop!!",0,1
Obviously you are just not smart enough to get his point of his letter.,0,1
"Does Coghill do anything for a living other than spread his religious nonsense? Is he yet another right-winger who had a business given to him by his daddy?

Between this clown and our gal Tammie we sure have some lousy representation in Juneau for my neighborhood.",0,1
"Excuses, excuses, excuses to the point of  ridiculousness.  They're ""trained to watch body language"" from a 100 feet up.  These are same officers who are so scared sh*#%*^## that they routinely kill anything that moves right out of the shute, because they're hysterically ""in fear for their lives."" What about 12 year old Rice and all the others?",0,1
"There's a difference between saying the choice is a mistake and inferring a user is stupid. Nothing personal ""friend"".",0,1
"""e·lit·ist a person who believes that a system or society should be ruled or dominated by an elite.
synonyms: aristocrat, blue blood; snob""
Political choice is always between intellectuals or the blue blood, snobbish economic aristocrats you champion Senor R.  Sane societies choose the former over submission to serfdom as Americans did with the Revolution.
The nation is supposed to be governed by people holding informed opinions.
http://www.merriam-webster.com/dictionary/informed%20opinion
I guess you're referring to number 2 and stating that detesting hatred directed against people who're born different from you and chastising bigots voting on uninformed opinions makes me a bigot?  You could tout that racists and bigots were born and must be tolerated but you'd be wrong again, that crap has to be taught and can be un-taught.  Some scientific research does point to Conservatives having a genetic screw loose and conservatism is proven by all history as evil so, damn I'm a proud bigot.",0,1
find these phatazz foreigners and kick them back to the islands. fast,0,1
Trumpkins...that's good. I like Trumpsters as well. Big fat liar works as well.,0,1
"The GOP is merely responding to the 'reality' TV crowd.  We have spun this fantasy to the point that we'll sacrifice our country.  Whether Trump wins or loses, we are so screwed.",0,1
"Hillary,  the lying phony bitch, says she wants free college for all!  How about closing down their foundation on November 8th and taking all of the cash they have collected since they are giving to get favors from the never to be President and using the funds to pay for college to those in their 2nd year and beyond if they maintain a ""B"" average.  This would actually make their lovely daughter try and get another job that would pay her $900,000 a year!",0,1
"Absolute idiocy. 

""Fact check"" journalism is opinion writing whose goal isn't to find truth, but promote the media's importance. 

""TRUMP: President Barack Obama “has doubled (the national debt) in almost eight years. ...""

""THE FACTS: Trump’s expressed concern about the national debt obscures that his own policies would increase it..."" Some ""facts.""",0,1
"What kills me about you smooth IDIOTS is that YOU THINK you are ""so far above"" bedbugs. 
The Captain Cook Hotel has had to fight them as well. You could get them off of a couch at your doctor's office, the seats at the mall, on an airplane. So who the F are you going to BLAME THEN? The dirty and homeless people ? Those who can't afford your doctor, a room at the Cook, or a trip to the mall to shop?
To those who are IGNORANT:
Bedbugs are an equal opportunity seeker. Your money, attitude and shameful comments won't keep them away. Get a clue, folks!",0,1
Note to male half of this: stop dating crazy woman. Of course this will effectively end your social life.,0,1
"He's such a clown. Was I the only one that thought he was going to stroke out or have a heart attack when he was describing her staffers pleading the 5th? Watch the tape, he's breathing heavy and hits voice is shaky.",0,1
"I'm from Europe and have never seen anything like the ""tailgating"" that goes on here in AK.  Folk drive 70-80 mph with barely a cars length between them and the vehicle in front.  This isn't even the minority, it's the MAJORITY.  Ashamed to say that my own husband is as guilty as the next, to the point that I hate riding in the car with him at the wheel.  His excuse?  ""If you don't, people cut in front of you"". Is that the reason you all do it? Really???  So what if they do?  Who cares!!  Such stupidity and recklessness for naught.  SMDH.  Oh and while I'm logged in........when the roads are wet, adjust and DRIVE SLOWER!  It really is necessary.  Long and short of it is, it should be more difficult to obtain a license here and kids should have a mandatory 10 lessons with a qualified instructor instead of picking up mom/dad's bad habits.",0,1
"Bill Clinton was not impeached, he was acquitted.  And look at those hypocrites who led the push for impeachment hearings - the three house speakers Gingrich,  Livingston and Hastert.  Gingrich has admitted he was having an affair with an aide while he was pushing for impeachment, Livingston resigned when he admitted he was having an extramarital affair, and Hastert, worst of all IMHO, was a child molester, and that only came out because he was being blackmailed.",0,1
The only place tRump is happy is when he's in his Vietnam bedroom trying to pound unsuspecting women.,0,1
They need to vote you out!!!! Your a disgrace.,0,1
"Like Mr Whitekeys sez ""You can always find an Alaskan dumber""",0,1
"She isn't charged so shit isn't working obviously, I know she isn't because she is my mom and I ate lunch with her today!",0,1
"Harry M. Badger's mistake was to rape a white girl. If she had been a native it would have been swept under the rug and there would have been no trial, etc.

Racist America. Aren't we grand?",0,1
"sure I do, I would be first in line to kill a slave trader. all ya have to do is point'em out.",0,1
"It is devastating how many secrets are going untold in this article. John Javelet is being charged with 4 counts of rape, because this girl had a false I.D that stated her age as 19 which means he had NO IDEA this girl wasn't over the age of 18. Yeah, he had a criminal record that wasnt very good but HE'S NOT A RAPIST AT ALL!!! Actually he is one of the best people i have ever met, he was the only one who protected me from my extremly abusive boyfriend. 
     Joshua Wesley Sherman is my BEST FRIEND. Yeah, his record is bad also but the Lane County Legal system is cruel and unusual. Most everything they claim he did wasnt true. They just pinned him guilty by making it his only option.
  They tell you the details they want to but they arent telling you EVERY DETAIL. Joshua wasnt present when the crime was commited he has an alibi but they silenced her. If the TRUTH came out maybe it wouldnt go unnoticed when the police do faulty ass shit.",0,1
"BWahahahaha!!!  OMFG what a dork, Patrick Flynn",0,1
Some of you are just crazy. No wobder this state is going down the tubes.,0,1
"A brave and noble follower looking for some ink.   The NFL, and it's lack of action, has lost my viewership until it has a new commissioner.  And you Patrick have revealed yourself to be ignorant and self serving.  I make a point to be courteous.  Here I'll make an exception and quote somebody you'll thoroughly understand; Bugs Bunny:
""Ahh, what a maroon!""",0,1
"More inane drivel from lefty fascists, who can only denigrate Donald Trump and his supports. ""His supporters believe this dishonest man . . . will torture for them."" Huh? Yet the RG editors allow this sort of rot. Hillary Clinton is your compulsive liar, who has broken numerous federal statutes. Removing classified material is a felony, and that's for starters. Mrs. Clinton has said ""She doesn't remember,"" and gets to skate because of a corrupt federal government. Hillary Clinton also lied to the families of those who were killed in Benghazi, including a US Ambassador. Clinton and the administration knew it was an organized Al-Qaeda attack (on September 11, 2012! Imagine that!) but claimed to America and the families some obscure YouTube video triggered angry Muslims. The Middle East is aflame today because of Hillary Clinton and Barack Obama, threatening the security of the US and our allies.  Yet all crybaby leftists can do is blubber what a big meanie Donald Trump is.",0,1
"This is from a second semester course at Trump University: Trump Maxim XV:  Never accept blame for your failures.  Always be prepared to blame others for your shortcomings.  As a corollary, never apologize for any statement or action.  Remember: It is never your fault.

However, as a critique, if Trump had actually prevailed during the debate, he would be boasting to no end, so the need to invoke the above Maxim, indicates that he knows he made an ass and a fool of himself.",0,1
"Each of us has our own reason(s) for our choice in voting and there are likely as many combinations of reasons as there are voters.  I'm responsible for MY vote, YOU for yours, etc...that's the way democracy works.  Do we attempt to influence others? Of course we do....How many times have you posted asking voters to support Gary Johnson.....that's fine, it's the way things work.  

You post: ""I'm reading more and more from people around the country posting and saying: Hillary has two kinds of supporters and voters. Ignorant and Stupid""  Attributing these words to some anonymous third party or parties doesn't absolve you of making the comment and presenting the view.  So it's a bit ironic for you to accuse democrats of claiming others are ""stupid.""

I disagree w/you regarding voting for a third party candidate on November 8th.  This doesn't make either one of us ""stupid.""  It simply indicates we see this issue very differently.  My opposition is based on ""political pragmatism"".. (con.)",0,1
"con. We will likely never agree on this one.  

 I do find it a bit amusing that you manage to criticize Ms Clinton because she did well in the debate. She was well informed, articulate, poised and very statespersonlike.  Yet, you twist that to be detrimental.  Had she, like Trump, been unprepared, nervous, rude, and ill-at-ease for the entire debate, you would have criticized that.  She did very well, so, instead, you are saying, in essence, ""Clinton did badly because she did so well. She had no business being so well prepared.  She had no business being so poised.""  

You have really made it clear ""she's damned if she does (do well) and damned if she doesn't.

BTW: I rather tire of being dismissed as just ""another Democratic Party sheep""; following the Party line.  Such comments trivialize my views and are, to me, insulting.  All my life I've developed and presented MY views and MY opinions....smart...dumb...good....bad? Whatever, but, I've always reached them for myself ..regards, G",0,1
"i should've been clearer.  the real ""tragedy"" in all of this isn't the fact that this dude knelt during the pledge; quite the contrary.  frankly, i could give a rat's ass about the pledge, the flag, and other associated symbols of ""patriotism and freedom.""  what perturbs me is his complete lack of creativity.  the man has a serious case of copycat-itis.  with having said that, i don't see flynn as some kind of patriot standing up for the oppressed, bringing attention to the injustices in our society.  instead, i see him as an unoriginal douchebag.",0,1
Glad we got rid of Lynn Gattis. She was as useless as a poopy flavored lollipop.,0,1
The Mat-Su headline that got me was the female witch that was granted permission to open the Assembly meeting with a prayer to her Devil.  That takes the cake.  The idiotic  flap over Flynn taking a knee is much to do about nothing compared to witchery being condoned in a public meeting.,0,1
"Ahahahahahasnortahahahahahaha! You made me laugh so hard, I peed a little! You just keeeeep stroking the fact that the fact that we should be joyous and thankful for the fact that us measly peeons got ANY of the PFD. Keep sucking walkers hind tit. We aren't stupid. We know that we won't be able to take any trips because HALF OF OUR PFD WAS STOLEN.",0,1
Flynn is bringing drama to a place where police brutality doesn't quite exist from my experience. Time for him to get out! Bringing drama to the spotlight!  Flynn Is garbage and respect has been lost. Similar to abusing the US flag..... National attention. Keep it out of here!,0,1
this goddamn dog is getting more coverage than the death of mother theresa.,0,1
"Dick, 
You in Virginia makes everything in Alaska just a little better. Your cynicism and obvious hatred for anything about UAA is tiresome and your attitudes displayed on these pages over the years have left more people scratching their heads in confusion than actually understanding what your poorly written drivel meant.

Do us all a favor and shut your fetid gob.",0,1
"LOS...you could be right...lies, steeling, sexual harassment, tax evasion, stealing from his foundation...nothing will sow regrets in the addled toadies. Really nothing...they have their guy, they like his attitude...very much a professional wrestler, don't they know it's bogus, really. He was outclassed and out maneuvered. He was ill-mannered and ill-prepared. He looked silly, peering into the lights. And 85 million got to see him in all his glory! Not little news sound bites designed to make him seem possible, but the full sniveling, snorting, bull crap artist he has always been, and will always be. So ask yourself, ""why do I like this?""",0,1
"This is going to bite us in the ass. If this wasn't an election year, I don't think the veto would have been defeated.  This is a huge can of worms putting Americans in jeopardy.",0,1
"Look at this, Trolls don't seem to be scared of climate change!",0,1
"Disagreeing I have no problem with, it is the comments about how someone is not a ""true"" or ""real"" Amercian and how people should be fired or how stupid they are to choose to kneel, if that helps clarify any.",0,1
Flynn is a disgrace!,0,1
"Start putting some of these kids' name in the blotter and the paper, and you'll start seeing some of this crap slow down.",0,1
It's Trump's kindergarten mentality. He's too ignorant to see the forest for the trees.,0,1
"Flynn was wrong to do that in the assembly meeting and I'm sure it was just to get him attention.  Because he's kind of a narcissist. 
He can believe whatever he wants to but keep it on his own time     He did it on the taxpayers dime.  

DUMB",0,1
The only effective way to stop a bad teenager with a gun is a classroom full of good elementary school children all with guns.,0,1
"Yeah, that's right Doughty, guns beget guns and murder begets murder.  Nice to teach kids it's okay to kill.",0,1
"This was an active shooter who already killed. I'm not sure this is someone we would ever want back out on the street. Only time will tell. Can't save them all. Personally, I think anyone who shoots 6 year olds should die. I'm not interested in giving killers on a shooting spree second chances. Killing his parent, ok, lots of reasons, he could have been abused, or acting in self-defense. We don't know at this point. But a shooting rampage at an elementary school? Never any kind of reason, it was cold blooded attempted murder. To make it worse, now these victims will have to go through a trial and relive this experience over and over for the next few years. I wish they killed the shooter.",0,1
"Mayor Caldwell has a lot of special peon hires at City Hall, courtesy of taxpayers. 

It's too obvious that Caldwell cannot attack the message so he he attacks the messenger. Dirty politics is Caldwell's forte.",0,1
The man has serious mental health issues.  There's no 'practicing' that out of him.,0,1
here wo go again some jerk did not listen to the cops. its pretty much kindergarten stuff....just follow simple orders.,0,1
"Ruben, merely aping Trump's silliness of baseless and simplistic retorts just screams how simplistic his deniers are after he stubbed all 10 toes in a disastrous display of ignorance and impetuousness.",0,1
"""Progressive"" is code for Communist as stated by Karl Marx:  ""From each according to his ability, to each according to his need."" This is what you advocate, no matter the rhetoric you use to try to confuse or sugar coat the idea. Progressivism is theft from the useful by the useless, nothing more.

The only acceptable option is a FAIR TAX, based on a flat percentage of income, same rate for all, no exemptions, no exceptions. NO WAY should success be penalized and sloth or incompetence rewarded. America is about equal opportunity, not equal outcome. If you chose no education and a crap paying job (like ""community organizer"" for example) you have no one but yourself to blame and your envy of and anger at others success is pathetic.

What an idiot. The last person we need to hear from after the last 8 years is another damn 'community organizer', because that approach has worked so well, right.",0,1
The key to Trump's failure is Trump. He's a mentally unstable egomaniac.,0,1
"I think a little more research in 'actual' history might surprise you. Rome (even while Christianity was the official religion of Rome), fell, because of a long line of incestuous idiots dictating orders that had no connection to ""mocking the lord."" Sheesh man, the word 'progress' has only been politically used for the last 500 years, and in the face of superstitious religious extremism who's only purpose is to dictate intolerance and pep talk the superstitiously gullible into spreading the most impacting lie on human history.",0,1
"http://addictinginfo.org/2015/04/13/heres-a-list-of-hillary-clintons-accomplishments-so-quit-saying-she-doesnt-have-any/

I know her haters, and I'm no fan, will whine endlessly about whatever they can come up with to demonize her, but she's now standing proud, high above her disgusting opponent who is nothing but a self aggrandizing grifter having no business in politics, and is sweeping away much of the public's negative appraisals of her with such a commanding discombobulation of the buffoonish orangutan of hate and ignorance. she's swaying votes towards her after just this first debate and it'll just get better for her as the meat clown plans to double down on his unprepared and nasty foolishness.

and let's not forget the historic partisan party politics BS and completely unacceptable obstruction by the sour grapes McConnellista loser bunch of any / everything to benefit this country in times of crisis merely to get back at Obama for beating them silly in the election / s.",0,1
"I know from firsthand experience (via family) that the administration at NEHS is sub-standard.  Every thing about the school, including the sports programs, is mired in PC mediocrity.  They have to put freshmen on varsity soccer for lack of players because the coach is such a loser.",0,1
"""Lefty fascists"" is an oxymoron, and would be laughable except for the hatred implicit in its expression.  Clinton, if a liar, is an ordinary one, like the husband, for instance, who tells his wife ""No dear, that dress doesn't make you look fat.""  I think you make your incorrect claim to deflect from what is the undeniable truth, that Donald Trump lies shamelessly and nonstop, to appeal to the intellectually and morally challenged among us.

Your biggest lie here is in saying that Clinton ""has broken numerous federal statutes"" and has committed a felony.  Both accusations are falsehoods, neither is true.

You are free to decorate your own home and mind with the calculated falsehoods of your right-wing propagandists, but if you try to hang that ugly wallpaper here, expect to be told to take it elsewhere, it is too ugly for public display.",0,1
I wouldn't be surprised if Don young got a pallet of cash like the Iranians got. He is a crook as long as the sun in an Alaska summer.  but really.. Who cares right? he brings in cash from the FED for crap all day long.. cash to pay for state projects. that pays.. wait.. forces us to budget for more projects.. wait.. allows other crooks to over bloat the budget... pushes us to pay for crap we really don't need.. wait... We actually think 1000 bucks will satisfy these fat cats. We're the fools.,0,1
"You think this thug is ""good people""? Wow, that's quite the value system you have.",0,1
"""I've got zero idea of what you want Dog?"" Obviously! It might? Might help give you a clue if you read my original post which were addressed to Crum.

""Elizabeth Warren scares both Republicans and Democrats."" I feel 100% confident that Elizabeth [I want to be an Indian} Warren scares no one but Democrats, and for good reason. The women is certifiably a crazy nut case and phony.",0,1
"Rueben, don't you mean ""no sé"" ?

You and The Donald went to the same debate prep class.

Dums culo class.",0,1
"of course that's hyperbole and I gave you my take, so if this is all you have in response then vote for your cretin and keep that grin on your face if / when the next President is a strong female for 8 Democratic years and we flip the high courts solidly Liberal to give this comatose country a chance of recovery and survival in spite of all the republican destruction and psychotic partisan obstruction.",0,1
"Maybe, Mr. Pitts, we could start with the media NOT jumping on the Trump bandwagon and giving this clown so much free publicity---If The Donald can lie to their faces and be praised for it, what do you think lib-splaining Trump is going to do for his base?

I'm going to lump you in with Cal Thomas here, and many others responsible for hijacking our news sources with the name Trump---But listen to you guys!  He's a Strongman!  He's Jesus Christ!  He's the greatest existential threat to ever face the republic!  REALLY?

He's a media clown and an entertainer.  People like you have made him into a virtual demigod.   I know, Leonard, it sells copy---Your editors probably make you do it.

But you can't very well decry the Trump phenomenon while riding on its coat-tails",0,1
"Yeah, this letter is spot on.  The cops snuck up on the dude and opened fire without him offering a threat.  Disgusting.",0,1
Let's cut to what u just said Whitty u better learn how to step n fetch If u think u r going to fit in u r crazy They will take ur money give u crap n u r to take it Hawaiian people are slaves to the politions n unions Thay will never change So what they do is look for someone to put  below them Whitty that is u. If u want a quick lesson in how it feels to be black live in Hiwaii Whatbdo u think Haoles means N----- n don't forgot,0,1
"Or ... if you want to vote for a completely unprepared (and unpreparing), racist, misogynist, compulsive liar with a hair-trigger-out-of-control temperament ... then vote for Drumpf.",0,1
"Or ...  if you want to vote for Barabbas Vote Hillary. Hillary's dark deplorable resume objectively reveals she is far more superior to Trump at being racist, misogynist and a sociopathic liar and that is just for starters.",0,1
"Do you always act like a jackass when someone asks a simple question? Perhaps you should learn to ""deal with"" your attitude.",0,1
"Interesting theory...kind of makes sense why the ""powers that be"" would tell us not to eat the right things. It's much easier to control a fat and stupid population...add in a little fluoridated water and bingo!",0,1
"The only reason it is the news of the day is because of pundits like you, Charles. YOU are the ones keeping this in the spotlight. You can't fool Americans who are going to elect Trump our new President any more. YOU are the ones tripping over yourselves, manufacturing the latest (GASP) fake outrage over something mean old Trump said. Meanwhile, Hillary is just smirking her smirk because she and her minions changed the subject. you are disgusting",0,1
"Wonderful skewering of the aspiring ""Fat-Shamer in Chief"" by Tiothy Egan in today's NY Times:

""So, in the spirit of the discourse that Trump has brought us to, let’s objectify the Republican nominee on his terms. This guy is fat. Bigly. He’s got an extra chin, a gut you wouldn’t want to see riding above a bathing suit, and a rear that serves no purpose but ballast.

At 6-foot-2, the height that he has long given profile writers, ... [b]y government guidelines, Trump is obese. In a weasel move to avoid that classification, Trump now says he is 6-foot-3, which makes him merely overweight. How he grew an inch, at the age of 70, is a story that has escaped his hagiographers at Fox.

Trump’s ducktail hairdo, colored in a hue unknown to nature, is a complicated comb-over inspired by Dr. Seuss.

Trump’s hands are smaller than 85 percent of American men. No surprise he lies about that.

'Fat, drunk and stupid is no way to go through life' (from Animal House) .. Trump .. has two of the three.""",0,1
Exactly.  I wonder if paid subscribers to the New York Times and Washington Post (read: suckers) know they can get their respective subscriptions for absolutely free on Alaska Dispatch.,0,1
"It is complete nonsense that Trump has turned the presidential debates into a moronic session of individual insults, innuendos and generally childish rants.  No doubt there is a segment of the population who thrives on this Trump foolishness.  I do believe there are more adults who are realizing Trump's ill-prepared speeches are with out facts that can be documented.  I've heard more fact based campaigns from Jr Hi students running for hall monitor. 

Yesterday, two media publications set new policies after man many years of not endorsing any presidential candidate. Both now refute Trump.  While many will claim that these two are liberal publications. Neither one is.  The adults are facing reality and found a 70 year old male child is not presidential material.",0,1
"It's fine that you're proud of being a bigot, a racist and a xenophobe, but no serious adult wants that in the Presidency representing our country.  There are simply not enough Klan member types to get trump elected.  In 6 weeks, he'll be ancient history - a bad memory, just like Palin...",0,1
"Considering you spew nothing but hatred and vitriol, you may want to look inside, before judging others...",0,1
"No doubt! When I think of a Commander and Chief I like to think of a person with prominence and dignity, not some uncontrolled, undisciplined, ranting looney toon. What a disaster!",0,1
This is junk,0,1
"I do not know one intelligent, thinking, reasonable person who believes Donald Trump would be acceptable as President of The United States of America.

I do know some real racist, bible-thumpin', flag-wavin', gun-toten' fools who support that 300 pound clown.

Which are you?",0,1
"tRump's not a ""man.""  He's nothing but a headline porn, narcissist.",0,1
What an unbelievably useless comment for a unbelievable topic for the newspaper to write about...,0,1
"Reeky - You are clever.
Insults in the form of mockery or a joke is your form of discussion.  
""You and The Donald went to the same debate prep class"" is subtle trash talk
So is ""Dums culo class""  - 

If you do not have anything to do here, don't do it. It's amazing how a clown is allowed to troll here.",0,1
"Aloha Rubie Doobie 

I have much to do here, demonstrating the shallowness of The Trump and his montón de guaricandillas.

Now sit down Rubie, ""Dums culo class is in session.",0,1
"I've found that the best way to shut up a fool is to give him the last word.  And even that is by no means certain, but I won't have to be around to listen to him.  So, here you go.",0,1
"What matters is if the sexual contact was consensual even though underage people cannot legally give consent. Your comment, Michael3, is worthless and vulgar. A person like you has no business making comments about sensitive topics such as sexuality, childhood and consent. You lack the intellect and emotional development and you are, in fact, a lowlife scumbag. The advice of a cretin is always superfluous.",0,1
"Miss Machado can lose weight.  Being a whiney, sore loser is a personality trait.",0,1
"Mr. Goofy-toxicity.  Silly, niaeve, eccentric, poisonous and dangerous. 
An odd mix of thought and intention in the same persona. An ""entertaining"" neighbor at the very least.",0,1
"Flipping businesses, declaring bankruptcies, stiffing your creditors, all the while proclaiming you are brilliant doesn't make you so. It means the well paid accountants you hired are doing their job. He better hope his papers are in order and the next real estate collapse doesn't finish him off. He is nothing but that smug loser that cheats the other guy to pay himself. Not you. Himself.",0,1
MIGHT BE CHARGED WTF!!!! That's bull@$$%!!!,0,1
"You are so wrong here I can't even believe you expressed your ignorance. Thyroid, genetics, and a person's metabolism have much to do with it and women store more body fat for child bearing. Obviously your education never expanded past girly man Trump Rant 101!",0,1
"Come on, just because Hill of Beans is gonna lose, you don't have to make up garbage, get used to it!!! LOLOLO",0,1
"WTF people? Who are these heartless bastards that have such little disregard for human lives? Even if you aren't a fan of animals, the little boy watched his dog get hit and you drove off!! I can't wait until they publish your name in the paper so everyone will know exactly the kind of person you are. I would have immediately stopped, called 911 and blocked traffic with my SUV until I was able to get the child out of the road called his parents. This kid could have been hit next!! How horrible, selfish and thoughtless you are. 

Let's find out who you are. I only hope karma comes quickly and you learn firsthand how it feels. You are a total douchebag. When karma comes, don't come crying, because honey, no one is coming to help you.",0,1
"OH
MY
GORSH
trump
IS
A
HORROR
STORY
!!!!!",0,1
"Your obviously a Retrumplican lackey, I wondered what time period this occurred: ""According to the WTO, Britain, France, Spain, Germany (the EU) pumped $22 billion of illegal subsidies into Airbus thus swindling Boeing out of the sale of 375 commercial jets"" as you stated, and copied and pasted in Google and it brings me to more Retrumplican talking heads hashing out the same stuff that has nothing to do with the election or the ADN. 

Your cowardly BFF picks on women and a Gold Start family as well as being a general liar.",0,1
I think you are porno!  About as fake as Hillery of Beans.,0,1
"Trump has employed tens of thousands of people and created many other jobs.  If you really think a career politician with over 30 years of CORRUPTION is worthy of the WH  AGAIN, then you are crazy !",0,1
"What about the cult of Islam... ?? They only kill, well everyone. Yet Christians are your problem.",0,1
"Rona not only claimed the $4000 for breaking the lease, she also claimed $800+ for hotel costs for her boyfriend and his kids. (She also claims for airfare to fly his kids to Ottawa for access visits)
But if you consult pages 24-25 of the MPs Allowances Manual, as Leader of the Official Opposition, she is not entitled to claim either lease termination costs or any secondary residence expenses.
Now none of this would matter to anyone IF...... IF Rona had not led the nasty attack on the Liberal PMO Staff. Who, interestingly, did not claim any expenses illegally. They were all done according to the rules by the 3rd party company, Brookfield, as written in 2011 by the Conservatives!!
Now here we have the person attacking others for what they were NOT guilty of, guilty of it herself!! Did Rona think people would not look and see? Or is she such a hypocrite, like all the CPC seem to be, that she is blind to her own hypocrisy?",0,1
"NO!  Since all of your assertions are so badly skewed without intelligence, logic, or reason grounded in ideological falsity beyond any sense of reality.",0,1
"Obliviously, you are so ignorant of any study or knowledge of the Russian Revolution whereas the leaders of said Revolution could not get the people to get down with the class struggle but instead divided the population on race, and ethnic lines.  Or Communist Red China where they made the doctors dishwashers and the dishwashers doctors so that all could be equal. Was your family there?  How else can such vapid ignorance be explained? You are not fit to lick Palins boots.",0,1
You just can't win with dog people,0,1
"""Unhinged"" Yup.  He sure is.  Makes me wonder how dysfunctional would your own personal life have to be to accept this mad man?  How delusional would one have to be to think Trump relates remotely to their universe?  If you're a woman and you're overweight, how do you think he views you.  A fat pig, that's how.  A cruel, ugly man that has gone nuts right in front of our eyes.",0,1
"A simple but serious question for Trudeau's starry-eyed, smitten supporters who like to tell everyone just how ""refreshing and different"" Justin is....

....do you ever get tired of being made to look like complete and utter fools by Trudeau...??",0,1
"I see a bloated pink nasty Grinch hog at the foreign and government trough.  She waddles  and prances on short piggy feet, laughing a wicked witch demented laugh when no one is looking or hearing, all the while trying to act calm and reserved like she knows what is good for you.   We just had 8 years of a calm teleprompter con man doing similar, but did not wear a pantsuit, only an empty suit.",0,1
"Paul- you are embarrassingly ignorant.  ""unrealized gain"" contributes nothing to wealth and can easily turn into ""realized loss"".  And ""no taxes for Donald"" are not the work of the accountant, it's the result of tax law that is available to everyone.",0,1
"The majority of those sucking at the public teat are none of the groups of people you describe; they're just lying, lazy, freeloading Democrats.",0,1
This is what happens when you elect an orange hair narcissist bully.  I hope tRump keeps up the juvenile bullying and winds up drowning in his own puke.,0,1
"There is NO WORSE PERSON FOR AMERICA THAN TRUMP.

He is the WORST.  The bottom of the barrel!  The pits! HE'S AWFUL.",0,1
"Let's contrast Trump with greedy Hillary - who only thinks about money - and her husband, who only thinks about sexually assaulting women. You are demented and criminal for supporting the Clintons.",0,1
"SMS:  Du30 (how Dutarte is pronounced) is, more likely than not, executing political rivals, which is masked by the mass killing of alleged drug dealers and other undesirables.  Du30 is no hero, just another terrorist.",0,1
"Great business people DO NOT LOSE $916,000,000 in a year!

trump is a TERRIBLE businessman and a cheddar cheese GRlFTER!",0,1
"Okay, Noelle, how is Patty Murray ""corrupt""?  Examples, please.

I'd be interested to know how she is a ""tyrant,"" too, while you're at it.  Especially since Senate Democrats are basically bound and gagged by the current Senate leadership.",0,1
"Don't you recall? ""I alone can fix it!"" More words of ridiculous #Trumpery.",0,1
"How, exactly, is what the NYT did illegal?  I mean, Trump sued Bill Mahr to collect on a joke he made (makes) about Trump's father being an orangutan. That lawsuit was a complete and total farce and was promptly thrown out of court.  Trump is a clown.",0,1
"Drugs are a bitch, but for either adult to act that way when kids are involved is bs they both deserve to go to jail for a long time hopefully the kids are taken by cps the family is nothing but methed out",0,1
"........many haoles don't see that they are products of and enforcers of a haole worldview that has done irreparable harm to the people here. They don't see that on the rare occasions they get rebuffed for ""being haole"" a lot of the time it isn't because of their skin color, it's because of their attitude. The idea that haole people ""go native"" or even can ""go native"" in Hawaii is ludicrous. The reality is that everyday everyone (haoles and non-haoles alike) has to go haole just to get by (it's just easier for haoles).  It's either ignorant or disingenuous of you to claim that somehow haoles are outsiders here. They run the place.",0,1
"Some people are still smarting after that ass-kicking Hillary gave Donald in the debate, I see.",0,1
"christianity:

the belief that a cosmic jewish zombie who was his own father can make you live forever if you symbolically eat his  flesh and telepathically tell him you accept him as your master, so he can remove an evil force from your soul that is present in humanity because a rib-woman was convinced by a talking snake to eat from a magical tree.",0,1
"Stolen from Jim Wright

""Hilariously, however, the very people who are right now cheering Candidate Trump's genius in not paying taxes are the very same people who seem to think a President Trump will somehow fix the tax code so rich people like Tycoon Trump and his rich buddies will have to pay taxes.

That's so ridiculously deluded I can't even come up with a mocking dismount without feeling like I'm picking on the mentally challenged.""",0,1
"Bikers riding around on their illegally outrageously loud motorcycles IS a real problem. They blight our communities making it impossible to enjoy a semblance of peace to which we're entitled. They put the rest of us in danger by delaying motorists' reaction times, deafening motorists to sirens and the rest of the traffic. You can't hear shit when you're driving behind one of these noise terrorists. And the problem gets worse every year

Seriously what's the matter with you people that it makes you feel special to ride around our communities disturbing people??",0,1
"I think the advice you offered above to the minor girl in question--to keep her legs together--speaks volumes about your character or lack thereof, Michael3. My criticism would hardly be considered ""cruel"" since you entirely deserved to be called a cretin for presuming to attack a child in the sexually suggestive manner that you did in your comment.

Frankly, I feel I was being very generous in only pointing out the obvious--that you are a scumbag--because most decent people would feel that your vulgar suggestion to a young girl to ""keep her legs closed"" would warrant a much more concrete response than merely pointing out how you revealed yourself to be beneath contempt, but of course since this is an online forum it would be impossible for you to receive the retribution that your suggestion to this young girl actually deserves.",0,1
"He might fire you to the moon, but you already have a head full of cheese!",0,1
"The KKK members have long been ""equal opportunity"" bigots......Catholics....Jews...Blacks.... ""let's hate them all!""",0,1
"Again... Your ignorance... My my... The report says the man was using the foul language... Not the females... Read the article again Rick. This is proof of karma right here! You just proved to all readers you dont know what your talking about. ""Everybody said Mr. Naval was using very crude language..."" Learn to read as you learn to mind your own business!",0,1
"When it all goes to crap, better to punch up into it and call center to head home with an IFR clearance. Some guys try too hard.....",0,1
You're absolutely crazy. Go back under your rock.,0,1
"Yes, they ARE our young women  --  they are the young women of our community.  

And, from what you have said here, OUR young women are very different from the Texas trash that seem to have left a serious scar on your shaky psyche.  

As to this man that you have decided is a saint because he was carrying a sign that had something to do with motorcycle noise...  Here's a 51-year-old guy standing on a street corner in the middle of a weekday morning, who apparently splits his street corner days between his own city of Sequim and the nearby city of PA, and whose sign is kinda lunatic-fringey.  

My guess is that he's not standing there because he's ""board,"" as you put it, but because he has no job and no real connection to the world, because he feels insignificant and gets some validation from adopting a cause that isn't even a problem in this part of the world, and is probably on a mental-health disability.",0,1
Her big butt was a target !,0,1
Shut up slaves!,0,1
"Later while visiting a VA Hospital, Trump came across a soldier who was there for PTSD counseling, Trump cursed the soldier, called him a coward, then slapped him across the face with his gloves and finally grabbed the soldier by the scruff of his neck and kicked him out.

He met another soldier that was there for the same reason. Trump's response this time, and I quote, ""You’re going back to the front line and you may get shot and killed, but you’re going to fight. If you don’t, I’ll stand you up against a wall and have a firing squad kill you on purpose.""

Hold on, I think that may have been Patton that did those two things. Yep it was General Patton. Trump never served and doesn't know what it's like to be in combat. Trump was a draft dodger.",0,1
"Keep digging? They posted what he said. He also called out McCain for being captured.

So he has busted on PTSD sufferers and POWs. 

What about your crazy conspiracy theory about Clinton? There is enough things not to like with her without the overreach into tinfoil hat land. 

However, she is not out saying stupid things like Trump on a daily basis.",0,1
"Enough is enough is enough!  You had plenty of choices.  What was it, a whopping 16?  Trump was your pick for one reason - racism!  Maybe, just maybe, a little bit of foolish ""he can make me rich too.""  Yeah, let's throw a little greed in there as well.  Continuing to support this madman is beyond delusional.",0,1
"tRump's first wife, Ivana, claimed he raped her.",0,1
"I'd cast the first stone because he's Donald Trump, a lying, misogynistic, racist carnival barker who doesn't give a hoot about anyone but himself.",0,1
Wow! Sara Fredericks is a hate-filled monster!,0,1
"Are you still stuck on that little tiff he had with John McCain? As I was always told by my leadership in the Army, and I'm sure anyone that has been in can confirm, ""If the shoe fits"". Those that are losers were offended, while those that aren't weren't.",0,1
"Absolute bullshit these losers were still able to get behind the wheel. We have the technology, we need to install DUI ignition tests on EVERY vehicle. I wouldn't care if the drunk drivers were the ones dying - I'd call that justice - but we lose thousands of innocent people to drunk drivers all the time and we have the technology to PREVENT this! Right now you are o lay made to get a DUI ignition breathalyzer AFTER you have been busted for DWI. I'll pay extra for my family and friends' safety. These drivers are KILLERS. They should be hung and done. Take a life, you should lose your life. 

In fact the damn driver inmates should be making these things. They don't need to be paid, we are already housing them for free. They can make these and it would be so much cheaper to make this mandatory for every vehicle on the road.",0,1
"Hill-larious don't need no PTSD!
Shes' the little old lady that might have a seizure. (sung to the Beach Boy tune, The Little Old Lady from Pasadena.
She's the little old lady that might have a seizure
She's the little old lady that might have a seizure
She lies real fast and she lies real hard
She's the terror of Washington Boulevard
She' the little old lady that might have a seizure
She's the little old lady that might have a seizure
No Granny No Granny No Granny No
She's the little old lady who wilts White Gardenia's
No Granny No Granny No Granny No
She lies so much she thinks were fools
You would never want her in your high school.
Refrain - Chorus",0,1
"I can't believe our veterans even have to read this crap! Way to go America, we fail at our obligations to them and then toss them around for political gain and headlines. In the end what changes? Nothing.. every election you hear it, every candidate uses it but what ever changes? Does anyone really think Trump has compassion for our veterans? I'm not saying Hillary is any better but, well if he gets elected and he changes things for the better (75% chance he won't) then I will come back and eat my words.",0,1
"I have never in my life ran across someone so seriously pathetic. Dude you really need to get a life. You dont know your ass from a hole in the ground! These beautiful respectful young ladies are not even Port Angeles residents... Like I said days ago... Learn to read! I really do feel sorry for you, someone has did a job on you... And it sounds like it might have been a female!",0,1
"Yeah, white people won't and shouldn't feel guilty for building the civilized world. Sorry.",0,1
Teslas are the best selling car in Norway because the government gives riduculous subsidies to owners.   How does the Norway government afford to offer such huge subsidies to Tesla owners you ask?   From the money they make from selling oil.   Irony is a bitch.,0,1
Mistake my arse!! Whomever this person is broke the Law and should not only loose their job but be made an example of by prosecution. The governor is lame once again on his duty!,0,1
This company needs to get their sh!t together or the FAA needs to shut them down.,0,1
Is silly...4 in the afternoon....door left ajar and no one notices until the next day....,0,1
"The communist dictator is showing his true colors!

Canadian jobs be damned, he'll tax you to death!",0,1
"Raised, Val and Shosno, 
Post your photos and let's see what you look like. Insulting someone's looks makes you a jerk, and yes, it is being mean to say that. What an asshat comment to make (and like). You got the stones to talk crap about someone's looks but you clearly DON'T have the stones to post your pictures, much less pictures of you doing anything. 

Chris, you have a daughter, how would you feel about something derogatory things about how she looks? Because people can dish that same medicine to you. Karma is a b#^%*. When someone talks like that to your daughter and she is upset and her feelings are hurt remember this moment. As a man, you should lead by example how men treat should treat women. Post a picture of your kids and let's see what other bullies have to say about them. But you won't so I'm over this conversation, Karma comes around ...

Keep being jerks. Congratulate yourself on being bullies.",0,1
Spot on about all those fat old men.,0,1
"The sober citizen doesn't know to cry or laugh at the invincible stupidity of a government that dictates morals that it can't control or tax.

The medical profession has the power to prescribe pain relieving drugs and does so, frequently in excess.  Some self-righteous jerks in government then choose to impede the profession from treating the problem according to current best practices.  It is a simple fact that people are injured by trauma or disease and have great pain as a result.  They expect and get help from their doctor but the doc doesn't have time to follow the patient as closely as he should due to government paperwork hurdles and over-prescribes...so it starts.  

Who the #@!!% is anyone to judge the need for pain relief.  For that matter, who has the right to judge the person who suffers psychologic pain if they can't get high.  The government needs to get its invasive nose out of people's private lives and stop judging and criminalizing people by 19th century standards.",0,1
Yes your off base. Way off. How many times do you have to shoot someone after breaking into their home uninvited to call it attempted murder?  Reckless endangerment? Whos world are you living in?  This scumbag should be locked up and flogged dailey!!,0,1
"I hope they debate social issues, I want to hear more about how Pence wants to regulate vaginas.",0,1
sometimes democracy is just a pain in the butt hey Gerald.,0,1
"As some have posted, probably scud-running under VFR. With the near- total destruction of the aircraft, we'll probably never definitively know exactly what went wrong. But the ADS-B data should show their altitude and track, and we'll know if they filed IFR or not. If they were on an IFR plan, they were way off in altitude, which usually requires at least a 2000' clearance from the highest terrain in the vicinity. If they had an emergency at altitude, they should have had time to at least issue a mayday. But from the photo and reports from the site, it looks as though they flew straight into the mountain at cruise speed.

I had enough experiences with Hageland - many of which a non-pilot would not have been aware - that I really, really tried to avoid them. That said, all the air taxis have their cowboys. I watched one taking off recently, in clear weather, yanking the plane into a 30-degree or greater bank, 100' above the ground. Engine failure and a plane full of dead souls. Stupid.",0,1
You are paying homage to a mass killer of women? You are sick. Hey APD check this guy out!,0,1
On no! I hadn't heard is Anthony Weiner still sending out more wiener tweets? Last I heard Anthony Weiner was tweeting/texting under age girls with pictures of his junk. Guess the democrats had better get a handle on their wild Weiner.,0,1
"Instead of being scared, I am more likely to punch one in the clown nose, then kick directly into the clown genitals, then stand back and see just how funny, or scary, they act . People are on edge these days anyway, so why try to provoke them in any way that might cause them to go off on you? Or have a medical problem. A free country, or at least it used to be, and you can be a clown if you wish. Just do good for the people, that's all.",0,1
"https://wikileaks.org/hillary-war/
A vote today for Hillary Clinton is a vote for endless, stupid war
by Julian Assange
Hillary didn't just vote for Iraq. She made her own Iraq. Libya is Hillary's Iraq and if she becomes president she will make more.
I have had years of experience in dealing with Hillary Clinton and have read thousands of her cables. Hillary lacks judgement and will push the United States into endless, stupid wars which spread terrorism. Her personality combined with her poor policy decisions have directly contributed to the rise of ISIS.
Hillary publicly took credit for the destruction of the Libyan state. On hearing that the country's president had been killed by her handiwork, she became wild-eyed and gloated ""We came, we saw, he died!"". In the momentary thrill of the kill, she had aped, of all people, Julius Ceaser.

Another unhinged Hillary Clinton hater.",0,1
and how many years till this beast is putting bucks into the State purse???,0,1
"Great idea ...instead of electing the successful businessman, philanthropist and billionaire who has some new ideas and the correct mindset (America First) let's elect Hillary Clinton.....the serial killer, the plagiarist, the malignant mutant of egomania, the globalist, a truth-killing miscreahnt and con-woman who most recently practiced for being president by cancelling engagements, taking naps and convulsing in the street. Hillary Clinton has pitched her gaudy circus tent over angry, scared, dangerously ignorant, and often bigoted people who crave a subversive progressive spectacle, not a viable leader. Besides since when do progressives support fracking? Vote for and instigate aggressive wars? Push through and lie about destructive trade deals? 

Then again Democrats are known for rewarding corruption and deceit and for committing felony voter fraud like they just did in the primaries?",0,1
"Funny how last week, after they declared Hillary the CLEAR WINNER over trump, you and your ilk all called the Washington Post ""a liberal rag.""

Now that is suits your needs, you quote the newspaper, like the HYPOCRITES THAT YOU ARE.

You right wingers are shady shape shifters...",0,1
This woman is voting for Trump. I refuse to support a woman who turned a blind eye when her husband disgraced the Oval Office as well as all of his other transgressions. And the fact that she is a bold faced liar is another big issue for me. Trump isn't afraid to say what everyone wishes they could say.,0,1
Or it results in what we have today.  I'd prefer to vote for what I believe in not the lesser of two evils and that is what I feel both of these candidates are.  One a clown narcissist and one an opportunistic narcissist.  Neither have done anything for the people in their years in power (one privately and one publicly).  So why would I add validity to that?,0,1
This deplorable woman is voting for Trump.,0,1
"The audacity of claiming Clinton's campaign is running on insults from the team where all Mexicans are rapist, all Muslims are terrorist, et al is truly insulting.",0,1
"The national economy hasn't ""slowed to a standstill.""   And Gary ""What's Aleppo?"" Johnson is an idiot. But it's your right to cast a vote for Trump.  No whining allowed after the election allowed though.",0,1
"back in the day of my youth, we were taught in class about the failures of the russian gov't. the inability to do their job,the taking from the people via high taxation, the bureaucracy, the ineptness, their corruptness, the secrecy, the lying, the spying on their citizens, and secret courts. we laughed in class about how stupid the russian gov't was, and the russian people. and now we are faced with the same thing.",0,1
Has Pat Robertson weighed in to blame it on The Gays yet?,0,1
"Ah, I get it now.  You actually have no idea what the NRA does, you just implied blacks are criminals, and you think a responsible gun owner is the same thing as a criminal in Detroit.

Perhaps we should start with getting you educated on these topics, first.  Then we can talk about my gun rights and why you think you know something about them.",0,1
"Nowhere is it stated or implied that HRC didn't work in Valdez. But! Here is an actual lie:
Dumb Dumb Donald said he got a letter from the NFL stating they objected to the debate schedule. No such letter exists.

Another:
Dumb Dumb Donald said he watched a video of $400 million being unloaded from a plane in Tehran. No such video exists.

Surprised?",0,1
"Trudeau doesn't have the back bone to cancel the arms to Saudi Arabia deal, there is no way he will finger China, etc.   Weak, selfish, leader.   All he is focused on is boosting his ego through useless and pointless Security Council seat.",0,1
"Please!  We no longer refer to them as ""clowns.""  We now say ""humorous Americans.""

Remember, humorous Americans are people too.",0,1
"That's the great thing about science; it doesn't need governments to validate it.

I'll start with Lord Peter Monckton, who publishes peer-reviewed papers in scientific journals debunking the science behind the current political movement.

Moving on to Al Gore's Inconvenient Truth - full of predictions that verifiably never happened.

NOAA has been caught red-handed doctoring their data, because the data they recorded didn't prove what they wanted to prove.

We're fools to ignore that, too.",0,1
"""Clowns to the left, Jokers to the right.""  Showing daily at the new LIO, ex-Wells Fargo building.",0,1
"ROTFLMAO!  Funniest comment of the day.
Typical '60s trouble makers.  Awesome bro!  
Yeah, racial equality activists, darned troublemakers.  
Troublemakers forsooth.",0,1
"FYI - Dirty, stinky hippies is the term used for 60s troublemakers.",0,1
"Unbelievable  --  even for this majority-incompetent Silly Council.

Congratulations, Michael Merideth  --  your intransigence has led to zero public acknowledgement of Cherie Kidd's reprehensible behavior.  She has learned nothing except that acting crazy works just fine for her.

I actually am grateful to the PDN for finally giving the Ethics Committee a chance to comment on this Council's utter disregard for their work.  Judge Meiner's comments are measured and restrained, but he has every right to feel far more than frustrated by this direct insult to his committee's careful work on this complaint.",0,1
"Arken,  Trump/Pence are the only hope left for this country and I pray that you will look at what exactly each party will do and bring to the table and then cast your informed vote!  I agree that we are due for a female President but this lady is no where near qualified to become our first!  I wonder if this is the first person that Hillary had killed but what did she know that could come back to bite Hillary on her large butt?",0,1
"Silly, you say ""why lie when it serves no purpose""...  HRC was just practicing!  
This gooey feel good story is a failed attempt to promote the queen..  Didn't work for me....",0,1
".
.
trump seen in Playboy videos.  What a misogynistic PIG he is!

http://www.cnn.com/2016/10/05/politics/trump-playboy/index.html
.
.",0,1
"Actually, anyone on government assistance in Alaska recieve less benefits due to the cash increase expected from the pfd.  Even if their pfd is garnished it is still considered as income and benefits are reduced.  And yes, some families will be stocking diapers, clothing, bulk food and other supplies that are hard to come by on minimum wage, or those that are on government  assistance....and yes some might even get a damn tv.",0,1
Keep your politics out of my vagina!!!!,0,1
"Yeah, and Bill Clinton only adores and respects for women. Hitlery's a pig for being with Bill. Her husband has used and abused more women than anyone, including Trump could ever have. THAT doesn't seem to bother the socialists though.",0,1
The Conflict of Interest is necessary for people just like Scott Brison. All Liberals are hypocrites as well as being disingenuous.,0,1
"And I see that you're doing what you do best, which is to demonstrate your own blatant hypocrisy.

That is so like you!",0,1
And I'm sure your ROR is at least 12-13% at a minimum.  Award for most asinine post of the day.,0,1
"WTF?   Supreme Court, here we come.",0,1
"Did no-one else hear Hillary say in a speech, that working on a slime line prepared her for a life in politics? Surprised at the effort on research put into this; there was no interest in looking into George Bush's drunken behavior in Anchorage back in the early '70's. Perhaps enough interest could have been generated prior to the 2000 vote to save the country much misery. Still resent being yelled at by that jerk!",0,1
"100yrs from now... 

""ah yes, ol' standoff szajkowski, i remember him well.  boy, nobody could pull off a standoff like joe; he had a real talent for it.  so talented in fact that he began teaching standoff tactics 101 at the local community college.  tell that guy to do something and he'd stonewall your ass til' the cows came home.  ya know, a lot of people didn't know this about joe, but he was a phenomenal badminton player too.  yep, i didn't believe it either when i first heard.  but it's true.  they used to call 'em ol' shuttlecock szajkowski.  wonder whatever happened to that standoff-havin' shuttlecock whackin' crazy sonofabitch?""",0,1
"Sadly, Trump is the preferred leader of the GOP base of ""poorly educated"" white folks that he claims to love. He expresses their fear and rage. They are  terrified of losing the white privilege they claim does not exist. They are also the only demographic  in the country that is dying younger. They are killing themselves with drugs, alcohol, domestic violence, and suicides.  I would pity them if they didn't think killing black folks would solve their problems.",0,1
"The Clinton's had problems and worked them out. What you are saying is that if a spouse cheats, they should never reconcile? What does that say about Trump then? He repeatedly and PUBLICLY cheated on two of his ex-wives. As did Guliani and Newt Gingrich.

Your' 'holier-than-thou' crap is massively hypocritical. Remove the log from your own eye...",0,1
If this dude was black they would have smoked him.,0,1
It's time for the GOP to live on earth instead of some conservative other world they live on where everyone is white and up tight and a hypocrite in the end anyway.,0,1
"This hurricane will kill you, just like Private Francis on Stripes.

""My name is Francis, but Hurricane experts call me Matthew. Any of you call me Francis, I'll kill you. Touch my stuff? I'll kill you. Touch me? I'll kill you.""",0,1
"No, the story is not a lie at all.  But clearly, YOU ARE TRYING TO TRICK PEOPLE INTO THINKING IT IS.  

That makes YOU the LIAR.",0,1
"I kind of feel sorry for the republicans having to endure this buffoon for another month.  

Actually, no, I don't.",0,1
Just can't wait to kill someone?,0,1
An expert witness for the republican side. Ruedrich's testimony was more reliable.? Shady democrats or shady politics and sore losers,0,1
"Impressive and rare. A complete and total, 100% misrepresentation of the libertarian party. How can someone be that ignorant? It defies imagination.",0,1
How can someone be that ignorant?,0,1
"Agree, ranchers  have open range and the cattle end up on the road, get hit, they complain.  The wolves are doing what they do just like us, they eat to live, but then again a lot of people live to eat.  If the ranger is so stupid to not know wolves are in the area, he gets what he deserves, but if he does and does nothing he is just as stupid, so if the ranger does not want to reminded how stupid he is, suggest find ways to make it harder for wolves to get his livestock.  I realize rangers first thought is to kill the wolf, I  then say my first thought if a cow is blocking the road, shoot it and move on.",0,1
"Most of these surveys are actually quite silly and superficial.

A better survey would require respondents to detail the principles and the chained logic of their reported opinions, vs. just skimming them for emotions.

How many of these Catholic respondents could work their opinions down to a set of underpinning and stable (across circumstances) moral theological principles?

Can they provide solid descriptions of their ""opinions"" in terms of 
-the law of love?
- justice (can they give an operational definition of justice, without waving their arms?)
- intention?
- the duties for which our freedoms are given?
- the object of a moral act?
- the circumstances of the action?
- protection of the common good?
- last resort?",0,1
"The Rise and Fall of the Trump Reich. Herr Trump is in deep doo-doo with Melania, his supporters, the Retrumplican party, the American public, and God if he ever believed in God. Meanwhile Mike Pence the ""good Christian"" will just deflect and ignore. What hypocrites! ... but that's the Republican party.",0,1
"Bill Clinton actually rapes women, Hillary protects him, attacks them and defames them, and they get a pass. Trump talks about not scoring, and you Liberals go ballistic.",0,1
"Touching women inappropriately,  without their consent is not ""silly, little crap,"" Nicholas.  It's abuse.  It is not okay.  The right of all women to live and work in a fear-free environment is not negotiable.  Ever.  Incidentally,  the language Trump used is the language of predators.",0,1
"the part i like most is when trump goes to get off the bus.. and he knocks on the door..  ""hey.. youze. its me.. da king.. king trump.. whats with this door kid?""  

uh, king.. the handle is down below..  ""Oh.. pussy""...",0,1
I've always found that men ( using that term lightly ) who brag on how much they get are usually the ones who 1 either aren't getting any or 2 aren't able to get it up to get any :  /  either way what a loser in the manhood dept  :  (,0,1
Nor can you prove what you're saying. You're full of hot air and bullshit. We're just opening a window to get a little clean air in the comments section.,0,1
Not all Alaskans are not as dumb as you.,0,1
"Right, the blowhard who's trampled on every gospel value will be there for us.

You can't make this stuff up.",0,1
"Alexandra..I ve been looking for you....and very glad to find you.....could you comment on what the heck is going on with our commenters names....LFA being a case in point....

Have the trolls simply taken over? I think our Civil Comment folks are terribly well meaning and quite clever....but I sense that they may not be prepared for some of that troll nastiness? 

Please advise.....",0,1
Defending Trump? You're sick.,0,1
Frank do your homework because your letter makes you look silly. Hillary Clinton is unsuitable to be dog catcher. Why? Because she is a serial killer ... 111 people have had their lives taken from them ...some at a very young age by this woman and her rapist pedophile husband. What are you guys thinking even considering this woman for elective office,0,1
"No, Chugiak. Until you can prove that you have magically developed ESP, you only look stupid when you keep bleating that you know that 'every' man lacks the ability to practice integrity and respect. It's really just the overgrown adolescents you surround yourself with. When (and if) you ever mature out of adolescence, you may gain the capacity to understand why many other men, with wives they love, mothers they admire, and daughters they would die for, are sickened by this rich entitled sexist asshat.",0,1
They are delusional.,0,1
"It is absolutely amazing how the MSM is trying to circumvent what is in the leaked emails by running with the Russian story.  The MSM thinks we are idiots. Fortunately, the liberal MSM is only a part of what we can read using the Internet.  The leaked emails show Hillary is a liar again.",0,1
465 million is chump change to Mylan.  Their profits are so ridiculous that it won't even make a dent for them to pay this penalty.  They are still more than eager to deprive hard working people of life saving drugs in order to keep those billions coming in.  How long are Americans going to put up with this blatant and unashamed profiteering?  Maybe when enough folks die because they get stung by a bee or eat shellfish and can't afford to carry their EpiPen for emergency life saving epinephrine.,0,1
"Strange comment; are you a card carrying member of NAMBLA? Stars and stripes forever you sad little minded troll. Do society a favor and crawl back under your rock, Kenny!",0,1
"DonkelOil and the other under-one-billion cap companies can pool their resources and take over management of all of the oil/gas operations in Alaska.  We can sue for contract default, for criminal fraud, and force Big Oil to turn over their leases to someone who will play ball with us.  We can get smart, and elect legislators who will not be afraid to do whatever is necessary.
""You can fool all of the people some of the time, and some of the people all of the time.  But you can't fool all of the people all of the time.""
""Make peace, you fools!""",0,1
"So you are saying that the 12 year did something wrong by allowing herself to be raped and become pregnant , It is no wonder that under Republican administrations the abortion rate skyrockets and the docket of hungry abused children climbs while you ask for forgiveness and sleep soundly in your religious hypocrisy  :  (",0,1
we need to start hanging bad pigs from tree branches to send a message.,0,1
LMAO! That was a pretty ignorant comment. The oil companies didn't like Sarah much because of ACES. Duh!,0,1
"The two-faced, hypocritical ranting of the democrats and the liberal main stream media is absolutely mind boggling to me! You say DJT does not deserve to be President based on these comments he made years ago but then you elected and re-elected Bill Clinton as President of this country.  As governor of Arkansas and as President he was a womanizer, sexual predator, accused rapist and sexual abuser of his employees and volunteers and your HRC enabled him every step of the way! Don't forget what he did with a cigar while in the Oval Office and be sure to check out comments he's made being posted as we speak. 
DJT is certainly not a great candidate but please stop criticizing him every step of the way while pumping up your ""salt of the earth"" (sarcasm) candidate!!!",0,1
The photo on the hard copy edition of the paper says that this is one arrogant lady.,0,1
So here we are with gutter trash heading up both tickets.  Totally disgusting.  We would be better off choosing two candidates at random out of the phone book.,0,1
"Probably something more like, the vast majority of males between about 14 & 45, and more than you would think beyond that. And maybe no quite so caustic. Our apologies Ladies.
 If not for his wealth and stature, at the time, the sorry attempt at humor in Trumps comments would have been received with a roll of the eyes or a shake of the head and then pretty much ignored. He would be treated as the dork of the group for his lack comedic creativity and tact but not much else. Crude and tactless, for sure. Uncommon; not so much.",0,1
"""And the public will risk whatever side-effects that come with him"" -my2cents

Wrong. Only undereducated fools would risk whatever side effects come with him, not the public in general. Trump is more than just a chauvinist pig, he's a sexual predator who bragged about sexually assaulting women.",0,1
"Yes, it's perfectly normal talking about how you activley tried to get with a married woman like its no big deal and that you can just ""grab [women] in their pussy"" if you feel like it. Is that truly how you feel? I guess that's why people like you have been labeled deplorable. Go back to your trumpsterfire.",0,1
"He is a drug dealer and his product is ending up in the hands of children.

He and every other drug pusher/cultivator are not nice people. They are money hungry scum that doe not deserve to be in polite society.",0,1
"Real profiles in courage, not!  Day late, many dollars short. The fact they supported the orange faced clown shows there judgement is poor.",0,1
"No, Alethia. Lisa only vacillated when it came to Trump. 

She went along with the GOP party line in order to get along with the GOP party line when it came to Trump.

Lisa evaded and then dithered when it really mattered for her to speak firmly against this Sarah Palin-endorsed deplorable con-artist of the lowest order....otherwise called a schmuck.",0,1
What an embarrassment this Liberal egghead is to the ROC.  I cannot understand a thing this marble mouth limousine Liberal says on a good day.  Off with his head.,0,1
"Nope. He bragged about being able to assault women because he's famous. The language used is irrelevant. He talked about having walked up to women and kiss them and they didn't do anything because of his fame. That's assault. He's essentially confessing to having assaulted women in the past. He didn't say he actually grabbed any genitals but he bragged that he could do it.

The best part to me ... is the fool couldn't figure out how to get off the bus while he's trying to make fun of Gerald Ford. He's a putz. Anyone supporting him is a fool.",0,1
"Very obvious The Donald is a male chauvinist pig with no couth or culture. His mouth overloads his brain every dang time he opens it.  I believe it's called ""diarrhea of the mouth"" He's talking and he can't shut up.  God help us all!",0,1
"""Gotta have them ribs.  Gotta have that p*ssy. - Barack Hussein Obama",0,1
Maybe Ivanka likes that her Daddy said he'd pursue her sexually if she wasn't his daughter? Who can say for sure. The acorn doesn't fall far from the tree; perhaps she's just as much of a disgusting pig as him?,0,1
The entire millenial generation learned what blow jobs are thanks to Bill Clinton.,0,1
I can't believe in a great country like this these are the best citizens we can find to represent our country to the free world. Both are childish and corrupt. I feel so sad for us. Trump is a conman. He has made and lost millions this way. That's all he knows. Hillary is a child. She will never truly take responsibility for anything. Trump is ultra right. Hillary is ultra left. We have no moderate. How can I make a choice with only these people. No 3rd party candidate has ever been elected to president to my knowledge. I saw an article somewhere that had 30 reasons Trump should not be president. Then it turned around and gave 30 reasons why Hillary should not be president. Trump's problems have been brought out and we all know every one of them. Hillary has a whole lot I had forgotten about. But both of them are not fit to be president according to the comparison. Only upset both parties have not done a reset and start over. Truthfully this is a Pandora box for both of them.,0,1
"So it takes a admitted sex offender for Ohio  Dan to disown him?

Trump should register on the sex offender list. 

Oh and Ohio Dan, predators don't choose respect, they choose victims. Do ya get it now?",0,1
GO DAWGS!!!!!  Cocky ducks.,0,1
"Given that the congressional Republicans had, what, eight hearings on Benghazi and found nothing on Clinton, your reason for voting for the lying, adulterous, bigoted narcissist does not stand up.",0,1
"Bill Clinton also: rapes women, penetrates women with cigars in the Oval office, hangs out with child rapists on their rapist islands, blatantly lies to the American people and perjurs himself before congress. 

But ya' know, Trump followed the tax law and said some rude things about Rosey O'Donnel, so I guess that's worse?",0,1
"Outsider77, this one sentence ""Trump has rough edges, but he has spent his life doing business, which involves making deals and making lots of people happy"" employs both euphemism and hyperbole, if not outright lies. Without the rhetorical devices the sentence would be something more like: ""Trump is a perfect asshole who has spent his entire adult life taking advantage of people and institutions while amassing a fortune (which he could have amassed just as well or better had he invested his inheritance in an index fund) and has insulted and abused many people, but especially women, along the way.""",0,1
"Got to chuckle about politicians withdrawing their support for trump. Everyone that has decent reasoning skills could conclude trump has used vulgur language describing all kinds of people, including women. The tape comes out and politicians go running. This whole political thing is just stupid. This tape should not change your opinion of trump, plenty of evidence before the tape release to make up your mind about him.",0,1
"No matter what you know, or think you know............JUST VOTE......  Please think of your family first.....  I am just sick about the things both candidates have done....  We are in very DIRE TIMES...........  don't be stupid when you step into the voting booth.......... and don't COMPLAIN IF YOU DIDN'T VOTE............AND GOD BLESS AMERICA....",0,1
"And they all knew to a man or woman who they were getting into bed with. Had some respect for some of the people on that list but no more, never again. My god how could they have supported the cretin when they all knew for decades what a misogynistic, boorish, racist animal he was. Political expediency makes for very awkward mornings when the light comes through those beat up window shades.",0,1
"""You asked how I felt? Disgusted,"" Murkowski said. She added: ""When I saw the video, I said, 'I'm done. This is over.'""....


WOW LISA, THAT'S JUST HOW I FELT WHEN YOU LOST IN THE PRIMARY AND WOULDN'T JUST GO AWAY. 

you are Alaska's version of Trump and Palin wrapped up in a faux-moderate wrapper, and have set the Republican Party back 20 years in Alaska with your refusal to listen to the voters. the ""Bridge To Nowhere"" was only a priority for you ***because your family owns land on the other side of where the bridge was being built***. your hypocrisy is only exceeded by your self-serving nature. follow Palins lead and just. go. away. already.


#SORELOSER",0,1
"Long past time for this archaic cretin to follow his idol, Il Duce Trump into historical hades.  Why he is still paid to spew his vile, conservative idiocy on a weekly basis is beyond reason.  He must know where a lot of bodies are buried to continue draw compensation for badly written, morally reprehensible, ideological swill.  What possible reason could ADN keep a supporter of the amoral, misogynist, traitorous candidate for the highest office in the nation.  Disgusting.",0,1
"How's that ""pig smooching"" working for you today, Paul?",0,1
"Trump has been an anomaly at the best since I've watched his antics in the '80s.  Thirty years of stupid pet tricks that always had me wondering how anyone would even think about doing a real estate deal with him.  Turns out that was just part of the total dysfunctional package.  And Lisa has seen the same crass, insulting, low brow antics we have for the last year and a half.  The Groper Old Party has done itself in largely due to the silence of those like our three Horsemen.  Pathetic.",0,1
Let him roll with it.  I'm certain that he will lose badly - let him take that homophobic religious zealot Pence with him.,0,1
"I have always detested Paul Jenkins' half-truths, but his support for this megalomaniac bully is truly disgusting.  I guess he just can't give up his support of abusive people.",0,1
"Trump is definitely a chauvinist pig, however, our two pitiful senators are just two little rats running away from a sinking ship - trying to save their mediocre careers.",0,1
"How is this ""manufactured?"" He doesn't deny saying it.
What's manufactured is the establishment GOP outrage. They knew who he was, but they have been embracing backward rubes for so long, now, that the rubes have taken over.
Embrace him! Be proud of what he represents: Racism, women-as-property, and tax cuts for the rich!
Don't worry, Blues. Trump will be whipped by Clinton, but there will be more elections, and there's no shortage of angry old white blow-hards for candidates.",0,1
where was your faux outrage over bill clinton banging every slut he met? yea thats what i thought. another phony liberal.,0,1
Thank you Lisa and Dan. Trump is a bully.,0,1
"Poor Comcast and CenturyLink.  You snooze you lose, morons.  Do I like the idea of my tax dollars ""competing"" with private enterprise?  Damn straight when those enterprises are run by arrogant, tax-dodging, crappy-service-at-ridiculous-price-providing and, most importantly, government agency manipulating a'holes.
American corporations no longer compete if you mean working against each other to provide quality products and services at competitive prices.  What they're really competing for is top spot on the NYSE or NASDAQ and I'll bet most of them spend far less on real competition and far more on marketing, lawyers and lobbyists, all fighting to get legal advantages over each other and for the most psychologically manipulative advertising designed to sucker consumers into buying useless products at gold level prices.
If these businesses want to continue they'll compete with government but I'll bet they'll just file a lawsuit.",0,1
Some people can't look themselves in the mirror after voting for a rapist like Trump.,0,1
"You need to be reminded that when Monica met President Clinton for the first time, she, voluntarily, lifted up her skirt to show him her thong.  No force.
Yes, Bill Clinton was a pig.",0,1
So you have no problem with Trumps behavior. I'd love to see how you react when someone introduces himself by grabbing your genitals.,0,1
"Remember, denigrating Trump for acting selfishly, crudely, ignorantly, nationalistically and stupidly does nothing to change the minds, if such they have, of his supporters.  Exhibiting those traits is what ingratiates him to his constituency.  He is conservatism personified and he'll screw his supporters just as fast and hard as he's screwed everyone he's ever done business with or had a relationship with.",0,1
"Hilarious reading all of these comments from people who have never paid a tax to support our state government for their entire lives (unless you go back to 1980)!  These same people complain about the free thousand bucks we all received last week (thanks to oil) not being enough! ""Give me a thousand more bucks because I deserve it!""  What are we, a welfare state?  Socialists? ""No, we are an owner state.""  Whatever. 

Plain and simple, if you tax more of something, you will get less of it. Want less oil and fewer jobs? Tax oil more and see the results. We are already struggling because Alaska is such an expensive place to do business given our climate, lack of infrastructure, ENGOs, etc. Moriarty hits the nail on the head and reasonable people will appreciate her column. 

Meanwhile, these same people that complain about their money for nothing want to tax everyone but themselves in order to maintain our state services.  You can't fix stupid.",0,1
"HK:  Nice work, shoot the messenger, ignore the facts.  The dumb is strong within you.",0,1
"It is important to shoot the messenger.  That way our ignorance can continue.  Refute her facts if you can.  I know it is hard for many of these commenters to get off their righteous indignation high horses but try anyways, you might learn something.  Or you can keep shooting the messenger and make more inane comments.",0,1
"Politically speaking the most pathetic thing I've seen and heard in my lifetime are the excuses and reasons Trump fans give for their support. Those who think he's ""just what the country needs"" are beyond redemption. I have no respect for them and I'd like to tell them to go ""blank"" for having such a low opinion of my country that they'd support this ignorant, know-nothing bigot as its leader. And the ""Hillary is so awful"" gang have cornered the market on hypocrisy if they thing she's even remotely worse than Trump. 

Trump isn't the real story. The real story is that too many republicans for decades have been driven to a perpetual state of ignorant rage by a the steady diet of FOX ""news"" and hate-talk radio. We can never be a great counrty when 40% of our electorate is willing to support a man like Donald Trump.",0,1
Disgusting and hilarious as the true nature of the beast has revealed himself throughout his misbegotten career.,0,1
"What we have with Trump is a demonstrated lifetime of sleazy nasty sexist, self absorbed behavior. Trump is clearly absorbed with sexual conquest, wanted by his victims or not. He does not care. The Clintons are saints compared to this man While Bill has his sexual issues, Hillary is the candidate and she has stuck by her man, deserving or not. That used to be considered a virtue among Christians, you know marriage as a lifetime commitment. Apparently at least with some evangelicals, marriage is now a one way street with the man calmly all the shots, rotten nasty behavior or not. It is like a time zone, back to when women were considered property by rich powerful men.",0,1
"I like my representatives to be strong, not weak willed social justice caterers. I haven't really cared about Alaska politics besides voting for Big Government to keep their hands off of my weed, guess I'll be voting against both of these fools this time around.",0,1
Somehow that's different than having a intern (some ones daughter) under the Oval office table. Then have your wife try to ruin said intern. Nice double standard Steve! Hypocrite much?,0,1
"Clintons past with Monica was consentual, while not okay.

Trump is a admitted sex offender and it is not consentual.

Thanks for supporting Americas rape culture. NOT.",0,1
"Trump is currently on trial for the rape of a 13 year old.

We do not control the Syrian borders and after looking it appears the story you are talking about is typical Right Wing racist/xenophobic garbage.

The polygraph is not allowed in court and she attempted to get herself removed from the trail but the judge forced her to defend the man. She didn't want to.

Maybe you should be better at history and no believe everything your online echo chamber feeds back to you.

Also Bill and Hillary have never said Chelsea is a piece of ass and they would totally date her if she was not their daughter, but keep on how the Clintons are the messed up ones.",0,1
"""Do you think it has something to do with voters not giving a crap what happened 10 years ago... ?"" 

That must be why Trump fanatics are constantly bringing up what Bill Clinton did twenty something years ago, right?

Your argument is as weak as the average Trump fan's moral fortitude is.",0,1
"So are you for Trumps new slogan? Make America Grope Again?
And clearly, America's culture of rape is okay with you? 

Trump admits to sexual assaulting woman. 
I think that is pretty darn bad. 

And this isn't about the Clintons. Trump is the admitted sex offender.",0,1
"Trump is right--his Republican denouncers are self-righteous hypocrites.  They're pretending to moral sensitivity that they obviously lack. This of course includes the distinguished senators from our own dear state. 

It need not be pointed out that, when it comes to morals, Trump himself can't even find the ballpark.",0,1
"Gary your multiple postings reveal the continual pass you [and other democrats] usher to Hillary. 

""Today I want to send a message to every survivor of sexual assault,"" Clinton said. ""Don't let anyone silence your voice. You have the right to be heard. You have the right to be believed."" [Hillary Clinton, September 14, 2015]

Then the American people have the over whelming evidence of Hillary's hypocrisy in her personal character assignations and sexual harassment of Bill's some 30 women he victimized. And that does not account for Bills [sic] actions with under age females with his friend Epstein.

So I ask myself of the many faces of Hillary which is it democrats are desperately trying to defend. Hillary the sociopathic liar or Hillary the misogynist? And to answer my own question it appears to be both.

I remind you, I'm not voting for either Hillary or Trump...

And I didn't pull  'sociopathic liar'  out of thin air.

cont:",0,1
"Thanks for calling out the disgusting swine that call themselves our state politicians. To have ever been in the ring with this goon, a fellow that makes Don Young look like the pope, sides have been chosen: good and evil- our politicians are evil, but you already knew that.",0,1
"It's funny that you say that I'm a tough guy who hides behind an alias. I'm sure if I looked up ""B Elmore"" in the phone book, I'd find out exactly who you are..

You sir, are the funny one. You can't even hold a position. So I say again- you, Princess Elmore, who lives in a shack built with mommy and daddy's money, have no balls.",0,1
"I can't wait for a panel of women to post a political ad announcing that they were raped by tRump.  The American people don't even know half of the battery and rapes that tRump has committed.  He's like a damn juvenile say, ""Bill Clinton said far worse.""  Saying and doing is two different things.  tRump even licks his lips when he's taking about his daughter, Ivanka.",0,1
"""I'm living just fine but I want don't want to just ""live within my means"".""

You either live within your means, or you live like the politicians who've put Alaska into a fiscal crises, and yes I have come out with a position. My position is a state employee who whines about living paycheck to paycheck needs help learning how to balance a budget and live within their means, and you would already know that if you had any reading comprehension skills at all because I must have said it a half dozen times now. Please, GB, try and keep up.

My ""Mommy and Daddy"" died in a plane crash when I was five years old so I don't know where you're trying to go with that. I didn't have much growing up, and everything I have now I've worked very hard for. 

Regardless, once again, GB, you're off topic, and losers that hide behind aliases do not have the right to talk about my balls. Plus you're really starting to creep me out with your fixation on my testicles.",0,1
"I don't think he came across as a leader so much as a bully, constantly interrupting and talking over Clinton. I suspect that a lot of people, especially many women - many of whom are, sadly, accustomed to being talked-over by a man - will see in Trump a type they know all too well: the loudmouth who keeps butting in. Imagine how that would look at a G7 leaders' summit.",0,1
"One candidate came across as an adult, and the other was pathetically juvenile.",0,1
"For what Trump has done to fire up the racist cretins in this country he deserves nothing less than having an anvil dropped on his head looney tune style--only with real world consequences. I truly wish the guy had a molecule of shame since it might make him predisposed to suicide but shame requires a conscience so no luck there.

But as for what he has done for the Republican party--really what they've done to themselves in their own infinite stupidity--it is truly beautiful to behold.

I cannot tell you how giddy I get thinking of evangelicals on election day, either not voting or pulling the lever for Donald Trump. This too is supremely beautiful in its irony.",0,1
"That debate was so great!   It is completely incomprehensible to me, unfathomable, mystifying, unimaginable, inconceivable, unbelievable that anyone could ever, ever vote for Donald Trump. He is an amazingly narcissistic imbecile who possesses zero character, intelligence, talent, skill, or knowledge. It is depressing, disheartening,  disturbing, and horrifying that so much of the population does support him.   I don't think I will ever be able to look at another Trump supporter without laughing.  ""Unfit"" doesn't come close to describing his shortcomings.   The wheat and the tares it is, the wheat and the tares . . .",0,1
"I guess if Jesse Lehrich would have said, ""Hey, @realDonaldTrump - regarding your claim that Captain Khan would be alive if you were president: go ""grab [yourself] by the pussy"", it would have been OK. Locker room banter, right? After all, 59 year old boys will be 59 year old boys.",0,1
"your first sentence is what this is all about...you say Republicans are shocked by his words of decades ago caught on a hot mike? Well, of course, they are...silly. The GOP is part of the establishment...they are in bed with the Democrats in DC...they are no different than any of the people who stand to lose a whole lot when Trump wins. Of course they are gleefully joining the MSM, led by CNN, in calling for him to step down! ? Idiots are so panicky now, you can taste the fear in the air.",0,1
"You can always tell a WAPO story. Rather than sounding like a news article is it sounds like a dime novel. 

The dirty filthy Jaba the Trump raised his slime covered lazer to slay sweet Princess Hillary but using only the power of her great mind the delicate princess bent the beam and it hit the filth cover Republican guard instead saving to world with just a bat of her beautiful eye lashes. 

Donald is a pig, that has been known almost as long as the fact that Hillary every bit as bad and more.",0,1
"your stupidity has no limit, there is NO SUCH THING as fair share period, ,, climate change is being used as a scam hoax for tax increases pally,, you are one of the greatest ignorant sheep in this country with that blather you post. ,, for the sake of succeeding generations, we have to deprogram idiots like you, here to start you off, proof that carbon is not causing temps to change
https://www.youtube.com/watch?v=bi2QKY3zW8Q",0,1
I think it is time for the West to be heard. I am so tired of some piece of crap telling the West what it must do and what it must pay.,0,1
"There you go, Alaska GOP, Trump just called your two Senators ""self-righteous hypocrites."" If you voted for Sullivan or Murkowski in good faith, you have no business voting for Trump. 

Go mark the ballot. Don't fill in the oval next to the <insert tiring list of hideous, accurate adjectives> Donald.",0,1
"Les Gara and Dems have brought many important amendments to the floor, some that would have prevented this budget 'crisis' and they were completely ignored, shot down unanimously by the Republican majority that feels very safe to behave like fascists for some reason.

The reason they feel safe to act that way is they assume that Alaskan voters are idiots who will vote for Republicans blindly without doing any research whatsoever.  

If I were a Republican, I would be embarassed and angry that my 'leaders' think I am a moronic sheep and would do everything I could to expose the corrupt posers that are infecting my party.

I certainly would not continue to defend and vote for Republicans simply because my ego will not allow me to examine my beliefs and admit I might have been wrong.",0,1
"your post is a load of bull poop...the Alberta oil patch players have already instituted sequestration of carbon emissions and are working with the Province on an acceptable Carbon tax...what they object to is being overridden by a Federal authority whose sole intent is to generate revenue without calling it a ""tax"" on the people...Trudeau camouflaged it by calling it a ""price"" on carbon which is a load of hooey",0,1
Bob..cut the crap and get to the point..the campaign is over the Liberals used negative campaigning as much or even more than the Conservatives in order to achieve their mandate....comment on the issues at hand instead of smokescreening to justify a very shaky issue and one which was not on Junior's campaign menu,0,1
"A danger to the white, racist republic anyhow. By the way, spewing debunked lies repeatedly doesn't make it truth somehow. At least to those of us who choose to live in actual reality.",0,1
"If nothing else the hypocrisy of Hillary was brought front and center last night.  It truly is amazing that this woman is being considered for President, even more amazing than the Trumpster being considered.  Never has the 'lesser of two evils' applied more than in this election.  Never before in the campaigning for President has the Republican candidate lower themselves to the sewer than is common for the Democratic party.  Fight fire with fire, facts and truth mixed with half fact and half truth with some outright lies tossed into the mix.  Hilliary's  lies put the country and risk and has led to dead Americans.  The Trumpser's lies have elevated his ego and bank accounts.  Hillary's ideology is dangerous and has failed.  The Trumpster's stubbornness just might actually get something done.",0,1
"You are hateful, racist, and rude.",0,1
"Nobody said they hate old white men, but honestly Corbeil, we are waiting patiently for the racist ones to die off.",0,1
She has threatened and intimidated women who were raped by Bill to keep their mouths shut. Don't call something a lie when it's a known fact.,0,1
"There are no private conversations for somebody running for president. Mitt Romney was accountable for his ""47 percent"" comment and Hillary Clinton is accountable for what she said. Nobody gets to decide what the public has a right to care about but them.

Personally, here's what I think she should have said last night: ""Anybody in a position of leadership in government is going to have both public and private positions. It is inevitable. Responsible leadership means having the ability to discern between personal opinions and public responsibilities in order to arrive at responsible decisions. Any politician who'd tell you otherwise is either a liar or a fool.""",0,1
"Trump got 40 minutes of microphone time; Hillary got 39. He got more time than she did but he is still crying over being moderated, just like a loser.",0,1
"Read all the comments below. A real microcosm of our nation. God I pray Alaska isn't one of the ""moron states"" that go for Trump. History will ensure folks who supported the misogynist, racist, bigot Trump are going to wear that dubious badge for quite some time.",0,1
"In future elections, Catholics need to distance themselves as quickly as possible from the ""Breitbart"" base of the Republican party that gave us Trump as a candidate. They are toxic. Trump's supporters are so vile that the only thing they accomplished is to guarantee that Hillary Clinton will be our next president. That is what happens when you make a bargain with the devil. Evangelicals who continue to support Trump have no moral integrity. Mike Pence is an absolute hypocrite. Thank goodness for Paul Ryan, Jeb Bush and other principled Republicans. Elections don't have to be this way. Bernie Sanders is a great example of how a respected rival can push a candidate to moderate her position on specific issues. Catholics need to pray for social justice candidates who can have the same impact. That means either an Eisenhower Republican or a Pro-life Democrat. https://goo.gl/KNAc7A",0,1
"Yes women are such holy humans who would NEVER say anything rude or vile it must be all the filthy men who bought 80 million copies of 50 shades of gray and all the quote romantic novels! ever read any of that trash? You probably can't even put a number on all the delicate flowers who wave their crotch in the air for millions of men to fling dollar bills at every night. And the thousands of them who parade across the tv screen looking for their baby daddy cause they lost track of who they slept with yes in a country with such high moral fiber I'm aghast nay I say flabbergasted that such language abounds in our great country! Thank god we have the champion of morality the hildabeast an her fateful steed Wild willy a man who not only talks the talk but actually rapes women!1 victim maybe not true multiple,pattern of abuse an she defends it Seriously women who support the vile clintons should seek therapy trumps a fool but he's not a rapist I would vote for a drunkin monkey over billary",0,1
"Well of course you can't produce a video link of Trump according to you ""standing behind Clinton, giving her the finger, and making humping movements"" because none ever existed. What amazes me so is when those who tell lies are caught red handed lying and yet are stupid enough to double down on the first lie with more lies or some other such nonsense. 

I'm betting psychologist will coin a new medical terminology for compulsive lying and call it the Hillary Syndrome.",0,1
"You're too much! They are looking askance at Trump, who occupied the left side of the stage as seen by the audience.  Chelsea is staring fixedly at The Donald as if he has a horn growing out of his forehead, Bill is giving Trump a sideways look, as if thinking ""Is this guy for real?""

Is PJ Media the kind of trash you waste your time on?",0,1
"Trump has certainly mongered a huge amount of HATE - just like Palin - eh? 
Seems that's all his supporters have on their minds.
They intersperse the HATE word in almost everything about almost everyone.
That's not just pathetic.
It's not just deplorable.
It is dangerous.

I'M WITH HER",0,1
"Reading those supermarket trash periodicals doesn't count as reliable source material.  You simply repeat rumor, innuendo and conspiracy theory.  You can change.....there is still time!",0,1
"The GOP seems to be the party of white, male, sexual assault.",0,1
"Take another look and viewing of tRump's comments, Deal.  But ya gotta pull your head out first.  The analysts have it correct.  tRump is bragging about how he likes to grope and rape women anyway he can get them; even buying a married woman furniture.  I can picture tRump dragging that married woman over to the bedroom furniture and giving her a one arm toss, watch her bounce, and then he pounces and doesn't even care if anyone's watching.  That's how sickopath tRump is.",0,1
Let's face facts.  trump is a creepy rapist and always has been.  That's the truth and we all know it.,0,1
"To be precise she said that Bernie's supports are ""a bucket of losers""",0,1
"Wow, what a lot of hateful people.  Does anyone have any suggestions without all the venom?",0,1
"All right mother sticker, this is a f**k up!",0,1
"Did you ever Listen to LBJ's comments. That was one foul,nasty old man. Check out what ""Mr.Great Society"" said regarding blacks when he backed the 1964 Civil Rights act.  Incidently, that passed only because of republican backing.",0,1
"well, trump ignited the discussion on SEXUAL ASSAULT.

At least one good thing came from him being a pervert and a rapist.",0,1
"Well of course you can't produce a video link of Trump according to you ""standing behind Clinton, giving her the finger, and making humping movements"" because none ever existed. What amazes me so is when those who tell lies are caught red handed lying and yet are stupid enough to double down on the first lie with more lies or some other such nonsense. 

I'm betting psychologist will coin a new medical terminology for compulsive lying and call it the Hillary Syndrome.",0,1
I'm reasonably confident that I've paid one Helluva lot more taxes than some loser like you.,0,1
"Roland's was middling, your's is a much better.",0,1
I can't recall writing anything uncivil to Buster. I blame the trolls for blowing up my comments!,0,1
Murkowski you just lost 3 votes from the Norris family. You are a coward and I can not vote for a coward. You support Clinton if you don't support Trump!!! You make me sick!! I wont vote for Don Young if he does not come out in support of Trump.I would never vote for Sullivan no matter what! Now or ever!,0,1
"of course he admitted it...AFTER TAPES of his misdeeds were surfacing  didn't him say anything a couple of months ago.  he a sniveler.  talks himself up big and then blames everyone for his shortcomings...
 if he is what drives ""more americans (as opposed to who else can vote?)"" to vote , we are a truly pathetic society.",0,1
Hillary is a felon.,0,1
"That's quite an understatement, ask the Fairbanks Four, why breathing air in your Alaska State Trooper Outhouse is now a Capitol Offense. The Alaska State Poopers, where shit for brains, is a Alaska Attorney General's employment requirement.",0,1
"Yes, I agree.  If they consider the only two (nothing else has ever been reported) situations of Hillary's reactions to be vicious, they really are a bunch of wimps.  Narcissistic looneytoons is vicious?  Good heavens.",0,1
"Wow, quoting WikiLeaks. How about if I quote Breitbart. ""Women on birth control are fat and ugly."" True headline. And I'm not a Clinton fan btw.",0,1
"Icon:  Thank you....I find myself in a quandary:  I really try to be fair to people and to give them ""the benefit of the doubt.""  However, Trump is so extreme, so unprepared to ever be President, and, let's face it, such a deplorable person, that I can't ignore him.  It's, IMO, a national tragedy that such a man could be the nominee of a major political party for President.  I realize Trump ""knows no shame.""...I understand that.  But, I hope the GOP feels the shame for their action. regards, Gary",0,1
"Hawaii: Cheapest, most mediocre politicians money can buy.",0,1
Start cutting off body parts until they talk. Time to stop tolerating this sort of nonsense.,0,1
"I'm thinking shakedown.   In Democrat administrations, they offer a consent decree, which is  usually taken, and if you don't take it, they release the complainant to sue.   So, a jury trial before twelve morons with driver's licenses or write a check for a few hundred thousand dollars of other people's money.    A Trooper could not have been in a coercive relationship with an AAG, she far out-ranked him.  So, maybe he was being stupid and chasing her, something Troopers have been known to do, but she had the power in that relationship.   There is something we don't know, because as a general matter one phone call from the AG to the Commissioner of DPS, and that Trooper is walking the beat in St. Mary's or Aniak.",0,1
"American voters opted to loath Bill Clinton's womanizing, but as far as we know he didn't rape any of his participants.  What the voters loathed even more was the Republicans in Congress hypocrisy:  Henry Hyde and his ""youthful indiscretions,"" at the ripe old age of 55, Newt Gingrich cheating on his cancer stricken wife while she laid in the hospital fighting for her life, and his second wife recently left him for the same reason.  And let's not forget former House speaker, Dennis Hastert who repeatedly raped a teenage boy and wound up funneling $1 million + to the now adult male.  Hastert wasn't prosecuted for his past raping behavior.  This guy was two steps away from the White House for gawd sakes.  I don't condone any elected officials infidelity behavior, man or woman. tRump has been exposed BEFORE he tries to set foot in the White House.  Can you imagine tRump trying to grab Princess Kate Middleton's genitals all because tRump thinks she's a beauty that he can't resist?",0,1
"What ""little tidbit?""  When you are grabbed by the genitals without warning by a sexual predator that is not ""permitting"" anything.   ""According to legal documents, Trump has been accused of raping a 13-year-old child, raping his ex-wife, and attempting to rape a former business associate. He vehemently denies all of these accusations—and it should be noted anyone can file a civil complaint in court, and a complaint is by no means proof of allegations. That being said, the accusations are chilling...The first and most famous accusation comes from Trump’s ex-wife Ivana Trump. During a deposition in the ’90s, Ivana described a harrowing scene in which Trump held her arms back, pulled at her hair, and raped her in a fit of rage. She herself used the word “rape.”....""  then there's the 1997 lawsuit  filed by Jill Harth for unwelcome sexual advances and ""attempted rape""...the 3rd lawsuit was filed this year, wherein a woman claims she was raped by Trump when she was 13 years old.  Fusion.",0,1
You are a sick individual,0,1
"Reminds me of the line from ""Hoosiers""


""Look mister...there's two kinds of dumb""",0,1
"So, the Donald saw a twofer - a business opportunity with pretty young women attached, and a pair of suckers to take to the cleaners.  Trump pulled it off - taking candy from a baby.  So, let's blame the feckless, ill-starred entrepreneurs, right?  The clay pots drifting downstream alongside the cast-iron Dutch oven, who is looking for a little additional flotation, right? Get close, and the clay pots are broken.  That is what happened.  This was minor entertainment for The Donald, New York City's biggest trash-sifter.  Who cares about the Little People, right?

If you vote for Trump, you're either a loser, or a Big Shot Player.  Which are you, folks?",0,1
"Thank you. We see more words that are very inappropriate, but I do notice he is talking about woman involved with BC and HRC said even worse about them. Are you okay with what she said but find fault with his words? Just asking James, I certainly would not want you to sound like a hypocrite.",0,1
"You must admit, sometimes humor can be found at the implosion of this country as disgusting as it is and so easily avoidable. I know some and an Apache in particular that is probably LHAO. The division is extraordinary isn't it? It's like a reality show.. Good v. Evil lol! All of it was conducted and directed by a third party. People are easily influenced, even when they know they're wrong. Too many injuns and not enough Chiefs, chaos ensues. Still I'm dumbfounded on this sex stupidity when the internet domain system was stolen from the the US last week and Russia is moving nukes to EU, all any of these boys want to do is jump on the woman hating bandwagon. I think it is a wide open display of how actually pathetic they are, obsessed with sex lol!!! No control, they all need a good spanking.",0,1
"Good to know that the Alaska Republican Party officially condones racism, anti- Muslim and anti-Mexican statements, and misogynistic statements- including lots of disgusting comments about women before the so -called ""locker room tapes"" became public. 

Good luck with that.",0,1
"Hitler and the Nazis wanted change too, you nitwit. 
Take a klonopin, better yet, take an entire bottle.",0,1
"Seriously lol!! I can't stop laughing, you can't make this stuff up. Where is Triumph the insulting dog when we need him?",0,1
Obviously you forgot about clinton the rapist. There i reminded you,0,1
"no. What I'm telling you is ... I want my check. I told the state how to fix the budget for free. What? do you think I'm going to keep bailing out these people for nothing. That is $100 million in savings up front; which includes my cut. I was in a meeting with the city when they first started discussing the new plant and told them then the cost... I'm very creditable .. just like I said in April, oil will be $55 per barrel by the end of the summer..damn close! I do my homework before I open my mouth.",0,1
You know it's the democrats in the state raping ladies and sexually assaulting children right? Or are you just typing BS to kill time?,0,1
I just love reading the Con man's suckers excuses; they all wish they were Trump and got the hot girls.,0,1
"I've complained to you several times over the past year that the only criticism of Trump by you that I had read was that you didn't ""like"" him, yet you devote acres of commentary to smears against Hillary and Bill Clinton. You never denied it. Banking on the probability that not one person will be interested in  combing through your oeuvre?

It's been obvious all along that Trump is a degenerate know-nothing.",0,1
I know it doesn't seem like enough but believe me he is going to have a special empathy for rape victims after his 4 year stint as a shower whore is finished  :  (,0,1
nip this one in the bud; shoot him.,0,1
Trumps sexual assaults are only irrelevant to you because he's a Republican.,0,1
"You're voting for Hillary, I could easily say the same about you.  You are choosing to vote for a corrupt, pay for play, enrich her friends crook.  So you are putting party over country.

No quite the opposite. I believe my party is better for America than the other party. So even with a crappy candidate, I am better off than voting for an EQUALLY crappy candidate of the other party.

As to your other comments, Bill Clinton's and Trumps sexual behavior cancel each other out. Either vote puts a sexual predator in the Whitehouse.  You are the hypocrite to pretend that Trump's is worse than Bill's.  And please don't give me this B.S. about Bills not running.",0,1
He is an embarrassment. The only thing worse is Clinton.,0,1
"What's race have to do with it??? How about before you comment under each and every Civil Beat Hawaii Inquirer article, you ask yourself if you even know what you're talking about? Your comments are IGNORANT and annoying. You purport to know everything about anything but it's evident you really don't know much.",0,1
"Goodness, you're shameless...

Lisa is in full support of Grassley's obstructionism.

“Today the President exercised his constitutional authority to nominate an individual to fill the vacancy on the Supreme Court left by the passing of Justice Antonin Scalia. However, given the timing of this vacancy, in the middle of a Presidential election and in an increasingly toxic political environment, I had urged the President to refrain from naming a nominee...""

https://www.murkowski.senate.gov/press/release/murkowski-statement-on-us-supreme-court-nominee",0,1
"Enough with the phony, self righteous outrage! Bunch of wannabe professional victims, eat a bowl of dicks sweetheart!",0,1
I think it's men who've become sensitive. I was raised to punch a guy in the mouth for disrespecting me. These women exercised restraint. I think they should be applauded. Men don't realize how easy they have it these days. It is the men who've become feminized. :),0,1
"Yeah, it's pretty pathetic, isn't it? Much ado about nothing.",0,1
"You are 100% correct!   We need to stop wasting tax payer money on emergency services for people who can't see past I, MY, & ME.  Since adverse weather conditions are just too much of an inconvenience we need to let these people ""freely"" demonstrate their arrogance/stupidity and allow nature to cull the herd.  
Like Trump I'm saying just exactly what I'm thinking.",0,1
"If the word 'tweet' was not meant for The Orange One then it wasn't meant for anyone. Today I read a tweet by TOO: ""I’m not proud of my locker room talk. But this world has serious problems. We need serious leaders. #debate #BigLeagueTruth""  Now if that isn't about the most ironically stupid thought I don't know what is.",0,1
shall we talk stats or are you just happy to shoot your mouth off???,0,1
"I think what we're seeing is a bunch of Rino's stampeding backwards after a vicious backlash from the public.  This narrative about how Trumps ""locker room"" comment is so much worse than the actually rapist Bill Clinton and his enabler Hillary has fallen flat on it's face.",0,1
trump IS and ALWAYS HAS BEEN a sexual predator.,0,1
"Grew up on a subsistence ranch. Raised our own cows, sheep, chickens. Dispatched humanely and fed our family and neighbors. No f***n welfare checks. Keep your ramen; it's gross.",0,1
"Better yet, a black woman married to another woman...  The epitome of power and clout.",0,1
Somebody knows who took those houses. We need a GoFundMe for a reward for the person who drops a dime on the cowards that stole them.,0,1
"Mary55, what you and so many others on this board fail to realize is that this is not just about the words spoken by the man. What he said reflects an imbalance of power by which (some) males feel entitled to treat women like pretty playthings. This was an assertion of control over her appearance. It's the same reason that Trump's use of the word ""pussy"" is outrageous not because of the profanity but because he diminished and demeaned all women when he said it. With all due respect, you are flat out wrong: it does NOT go both ways.",0,1
"Yes but it was her power and right as an employee...not a citizen of the U.S. was my point. And even without that capacity to kick an unruly inappropriate jerk...a woman scourned can unleash fury of unimaginable magnitude. That is what i  was driving towards, woman have a very elaborate method of using force with words in a professional manner, and this method, i think that would would have had a more impactful message to the jerk, bystanders, and herself. She didn't NEED the airline to oust him. I gaurantee she could have put words in the air that would have made him stare at the floor the entire flight in shame. Because he was ousted instead, he will be more likely to do it again in spite. I'm a man, and i can attest we are stubborn. We're not all jerks though.",0,1
"It's time for Governor Walker to drive a stake through this ridiculous project that will only benefit a bunch of contractors and the Kensington Mine.  If DOT was serious about a road out of Juneau, they would instead be investigating a route up the Taku River to Atlin, BC.  Instead of 30 miles of granite cliffs with 34 avalanche chutes, the Taku route's only challenge can be easily won by building a floating bridge in the river, the type of project already successfully built in Washington state.  Time to kill all the boondoggle mega-projects!",0,1
"Why don't you get some facts? They're free for the taking and never change.  Could you be any more ignorant? Do you understand that when a judge assigns an attorney to a pro bono case the attorney can ask the judge--as Clinton did in the rape case-- to be taken off the case, but if the judge says no--as happened in the rape case--then the attorney must take the case and must defend the cluentvto the best of his or her ability? I could go on and on dissecting your ignorant, lazy statements but it's your job to educate yourself.  I am so sick of the stupidity of Trump supporters.",0,1
"Walker did kill the project.  Someone needs to find out what happened between then and now.  Walker has changed his mind on everything.

He was either a corrupt liar when running or he has been blackmailed, brainwashed, drugged, replaced by a clone...or as Charles Wohlforth's suggests ""But there's a mysterious virus in the Governor's Mansion that induces big dreams""  Body Snatchers?

I don't know what is going on but this is not the person I voted for.",0,1
"They got paid to spread lies , Timing is everything is corupt politics.",0,1
"It is a great thing, Jennifer, to teach young women that they are powerful, strong, and, in multifaceted ways, beautiful. But it must be difficult to do this important mission in a Catholic school when the Church hierarchy and their idiotic laws themselves conspire against that message in the ways that count most: in action, policy, and opportunity. I'm sure you and the young women you teach rail daily against the Church's nice words that go nowhere—go nowhere with a vengeance.",0,1
"I'm just repeating the Mantra of the liberal apologists and President Obama as he releases hundreds of Federal felons.

They aren't really criminals; they're only convicted Felons because they are black.",0,1
It's always reaffirming to note the intrinsic genocidal tendency and mindset of modern conservatives.,0,1
"Anyway way you slice it, they're still both embarrassing buffoons.",0,1
All the complaing on here is pathetic. Alaskans dont vote unless they can get money somehow and the poll numbers prove that. All they like to do is take the easy way out and complain online.,0,1
I wonder when the prime minister was a bouncer if he didn't say something stupid about women but wasn't caught on tape.,0,1
"Well, L.B., if you seek an airlines that welcomes loutish men unable to refrain from interfering with female flight attendants, perhaps there are still a few in the Middle East (but not El-Al).  Qantas, however, has the same approach as Alaska Airlines regarding arrogant jerks with no self-control.",0,1
Castrate this guy.,0,1
"Only $10,000 bail for someone with multiple previous convictions and history of sexual abuse of a minor??",0,1
"I think we should let that hammer wielding fellow out of jail, put him on the payroll and this scumbag can be his first ""client""",0,1
"Don't give me too much credit, it's really not that hard to recognize an imbecile.",0,1
"I want to publicly thank sleaze ball Donald Trump for bringing to the fore what only some of us knew and learned by our own experiences; that there is in fact what some Americans think is the real American man. Others were blinded by their own habits, racism and bigotry. 

The real American man arrogantly sees himself as the owner of all women, head of the wild bunch, braggart, a pig around women, disrespectful of men of color, disrespectful of women, and most of all, willfully ignorant and illiterate.

Thank you Trump; now we’re all talking about it. We’ll see where it goes.",0,1
"Because it comes with the free movement of parasites er people(think African refugees) and is part of the plan to destroy countries and borders.
Traitors is what they are and should be hanged as such.",0,1
"Anytime, anyplace, loser.",0,1
Hey Pal. Knock it off. Direct threats are a violation  and no one is flagging your ass. Sure they will with my post though.,0,1
So hillarys ethics Are much higher then trumps? Both are dogs i think i want the one that bites less.,0,1
One more reason NOT to vote for Kirk the LIAR !,0,1
""" This will change his life in very difficult ways ""  ???? 

SNORTING COKE AND HAVING SEX WITH A TEEN WAS HIS #!&*# CHOICE !!!",0,1
"Correct, Trump talks trash, while Justin assaults female MP's.


There is very much a difference Justin.",0,1
"The best one yet.  As a former Alaskan of 25 years I carry a deep affection for the Great Land.  Now a resident of North Idaho, imagine my surprise when I ran into a film crew on Lake Pend O'Reille filming for History channels, ""Missing in Alaska"".  I was told that this was now Lake Illiamna and they would be filming on a public landing and could I stay out of the camera view.  Evidently there is not much HISTORY (or ethics) to the History channel or someone at History needs to check their GPS location before setting up the film crew.  Reality my ass.",0,1
"Trump did not use the phrase ""existential threat;"" his speech writers did. He doesn't read and is obviously either  is poorly educated (who needs education when you're rich?) or stupid.  He has no clue what that phrase  means.",0,1
"""The Assembly voted 6-3 in favor of a resolution at its Tuesday meeting that says the person delivering an invocation must be a representative of an Assembly-approved religious association that fits specific parameters.""

LOL, talk about unconstitutional. I hope the ACLU sues their ass off.",0,1
"Two Tone Trump has proved himself to be a Fantasy Prone Person, a Con Artist, a Fraud, and a Lowlife.  Now he is suffering paranoia - the world is out to get him - and delusions of grandeur -only he can save the world. Sooner or later, his supporters will have to realize that it is insane to fellow such an individual.",0,1
"They can be so uninformed and ignorant because the bishops see themselves in Trump, and they like what they see.  Uninformed and ignorant, unrestrained misogyny, conspiracy theories, persecution complexes, superiority complexes, science deniers; they were cast from the same mold.",0,1
"we know who/what satan is. to invite him into your meetings is a stupid idea. and it is time that people stood up, spoke out, and pushed back. if you don't want to join a moslem prayer, the constitution says the gov't can't make you. same with a Christian prayer. no one can MAKE you pray, or JOIN a church. that is what the law is about. i personally will not pray to anyone but the Christian God; i will not participate, bow my head, raise my hands, close my eyes, etc. etc. i will NOT. but look at the state of our nation since we started preaching the religion of secular humanism and evolution. we are hip deep in a cesspool.",0,1
"This crap is getting old.  I guess Trump's elementary school teacher will come out next saying he groped her also back in 1947 but she also wasn't bright enough to report it.   Wait until Chillary brings over her 300,000 Syrian immigrants and see how many women get forcefully groped.  I guess Germany has been finding out already.",0,1
"surprise, Clinton wants to take my money and give it to some dope smoker sittin on the couch all day. if I object, I am a "" hater"" or some other stupid name. this nasty broad is determined to push the flush handle and send us down the toilet drain.",0,1
"Things like this didn't happen 50 years ago, it's the donuts shops fault, if they weren't here they wouldn't be robbed. How stupid can you be robbing a donut shop in Anchorage, I guess winter is coming and it offers 3 squares and a bed.",0,1
Meanwhile.... 20 more women and the grabbing them by the p*ssy video later....,0,1
Rapists like DONALD TRUMP?,0,1
Chicken feed compared to the Building materials Ekwok Village Council President Luki Akelkok sr. & (son-in-law -Bristol bay native association employee )Richard King stole and built cabins on the Mulchatna River. Shameless thieves,0,1
"Trump is saying that if he were in charge of the law of the country she would be in jail.   If his purpose was justice through the court he would not claim to know the punishment.

He spat the phrase for his fans and got his cheers, his antipathy left no doubt about his intent.   Implied threats have happened before in American politics, it doesn't make Trump special, just tawdry.

It's only an opinion Nate.  Peace.",0,1
"Oh please Gary give me one example where there is no counter to the left's myopic worldview on this or any other forum... Let me know how that works for you. The terrible facts that have been expressed recently and been exposed were not about Mr. Trump they were about Mr. Clinton and her husband Bill who is a rapist and a sexual predator like the world has never seen, even the French can't believe it. Besides it's the left that engages in the politics of personal destruction don't you remember the hysterical nonsensical left-wing temper tantrums of a certain JJP Krugman? 

Also Trump's campaign is doing many things but circling the drain isnt one of them. You talk about all of these terrible facts that were exposed when in fact it was Bill Clinton's acts that were just exposed to 80 million people",0,1
"All the Democrats are like: Meh! No big deal...
However if this happened to their candidate, they'd be rocking back and forth in the corner frothing at the mouth and chanting ""racist, sexist, bigot, fascist, homophobe, islamophobe, misogynist..."" We all know this is a FACT. This is how Democrats behave. They love being raging unapologetic hypocrites. I don't even think Democrats actually like Democracy that much because they do everything in their power to thwart Denocracy. Even the name of their party is hypocritical. They should call themselves Hypocrats.",0,1
"Hillary is an unethical liar, funded by the terrorists that want to kill Americans. She doesn't care about people, only back door deals for money $$$. She has no morals, and she is responsible for many deaths of Americans including Benghazi- for which she has no remorse or accepts responsibility. She has deleted thousands of emails , used illegal servers, and lied about that under oath !! She is not suitable for president and should be in jail for her crimes against America while serving as Secretary of State ! Only sinful people with low morals would support her.",0,1
"Convictions?  Trump is being tried in the court of public opinion, and we are the jury.

This is my verdict: Donald Trump is guilty of assault, not only of women, but of people in general.  His calculated thrill is the humiliation of those weaker than himself, including Chris Christie, whom Trump humiliated as a lickspittle.  Trump humiliates women publicly, through fat-shaming, and privately, through physical humiliation.  Trump's ""reality"" ""entertainment"", ""The Apprentice"", was nonstop humiliation, first by taking over the volition of an understudy, then by ""firing"" her/him.

Trump is an abusive, sadistic monster.  Those, like you, who don't see this are deluded, weak, sick, lacking in self-esteem, or amazingly stupid.",0,1
"Barbara:  I used Trump's term to elicit that kind of response! We need to be reminded that he didn't just speak boy banter, but extreme vulgarity. The potential president of America the uses that kind of language routinely. For this election - and then no more - the terms he uses should be uttered as a reminder of what kind of jerk he is.",0,1
"A big part of the problem is Anchorage has a patchwork of systems in place for bicycles, some of them quite stupid that force bicyclists to do the very thing (going back and forth) you point out as dangerous.

For example, studies have shown the safest thing for bicyclists in a city is a bike lane adjoining automobile traffic (I know it seems counter-intuitive compared to a pathway). One problem with that here is too many roads in Anchorage (e.g. Turpin between DeBarr and the Glenn) with perfectly nice bike lanes had some #()&% planner decide the bike lanes should temporarily end at every intersection and with the roadway literally closing in by curbs bicyclists should be forced to zip onto the sidewalk to go through a crosswalk and potentially get broadsided by a car not expecting them, and to zip back onto the roadway after the intersection.

Somebody doing stupid is not an idiot driver, idiot bicyclist, or idiot pedestrian. They are just an idiot ;)",0,1
"scuppers.. Facts and reality won't help your case. You'll need to get into the gutter with false facts, false accusations mixed in with conspiracy and delusion to get the conservatives to do what their going to do anyway and that is vote for Trump and look away in shame when they confront their wifes and daughters on how they could vote for such a slob.",0,1
"So now Hillary is a meth head? What the h-e double toothpicks is wrong with these people!!! Now that's one of the the most preposterous nonsense accusation yet. Just when you think the crazy couldn't ger crazier. Regardless of whatever your political leanings are vote for anybody except for this jerk. Write in your dog, cats or fish's name if you have to.",0,1
I'll believe you were an actual democrat when hell freezes over. Normally your column remind me of Ann Coulter.,0,1
Very sad that 2 families lives are changed forever by a careless knucklehead.,0,1
"Yup. That crap has got to stop...

In addition, if your sport isn't making money for the university, it has to go. We should not be subsidizing sports at the expense of academic programs.",0,1
"Was going from Peck to Zappa to Duben to go around the construction this morning at 530 AM and had a jerk in dark clothes fly off of Grand Larry onto Duben in front of me. Saw him on Peck just doing whatever he wanted, so I was on a look out, If someone else had been coming down Duben the city would have been better off with out this idiot.   Even walkers late at night and in the morning wear dark clothes. Tired of it, make bikers register,test, and buy insurance. Hell every driver and person that uses the roads need to be put through the same grind truck drivers go through, they get in more accidents than the truckers. If I hadn't seen this jerk one street over riding like a new born and expected him to pull in front of me I would have been held responsible for some reason even though it was his fault. No BS, he went from Grand Larry into the middle of Duben before even looking left and shrugged. Berky talks big, fix this BS.",0,1
"Paulie,

One million dollars is chump change compared to what you patron and mentor,  Bill Veco Allen, spent on bribing Republican legislators, and on underage prostitutes.",0,1
"You must be white to make that statement about lynching. After this election Trump will still be rich, white, male, and a pig. People that are lynched don't walk away with their lives, much less anything else. Of course, the Trump campaign has been based on white identity politics, just look at who surrounds him.",0,1
"I think your the only one I have seen that said Hillary is a ""meth head"".  I am thinking it more likely she popped a couple Adderall.  That goofy smirk she had painted on her mug had ""I'm high as a kite"" written all over it.",0,1
"Why don't the Liberals do something useful other than pander to an extreme left wing contingency with trinkets and trash.

Our economy is in decline and quality manufacturing jobs are leaving! But nope we need energy efficient toasters! It's foolishness that has led to Kathleen's demise! 

Truly I get people wanted change but this administration is akin to a university student council. 

Jobs people!! 

End the endless campaigning and get your act together, you look foolish.",0,1
"Thank you, Dunthorpe.  Shortly after I began posting under my own name on Civil Comments, I informed the forum that I formerly posted as jjp58, and before that, as Local Guy.  However, I have never posted as ""Krugman"", although, as jjp58, for a few months I used Dr. Paul Krugman's NYTimes portrait as my avatar, because I admire his economic and social policies. As for being a ""scourge"", I am tolerant of the opinions of others when they are rationally justified; but when opinions are based on obvious lies, I point those lies out.  It's an endless job, considering the number of fools this forum hosts.  As with most forums, commenting on forums seems to be a release for the terminally benighted.",0,1
The Deli should get rid of those evil gambling machines.   They attract lowlifes:  Very detestable and dirty people of low moral character.,0,1
"Bush did a lot of shit by using the Unitary Executive concept that ironically the right was completely in agreement with in the Bush era but then use against Obama at the slightest turn of the wheel. We have controlled Guantanamo since the Spanish American war I believe so it wasn't a big deal to open a torture camp there to avoid having to give the accused real trials in the US court system. The blind sheik who was behind the first Trade Tower bombing in 1994 or so was indicted, tried and convicted in US Federal court and is now serving time somewhere ""up the river"". Our system worked under Clinton but then the Bush administration decided to break with all tradition by using torture, rendition to torture centers and military tribunals to deal with anyone even suspected of wrongdoing. Trump is using and building on that illegal policy. President Obama tried to close the prison and has released many of the suspects who have been held without charges let alone trial for 15 years.",0,1
In other words exactly how the Grab Our P*ssy Party and Paul Jenkins likes it.,0,1
Shoot that SOB,0,1
"If Corrupt and terminally ill HRC somehow defrauds her way to being elected and somehow the people find a way to allow her to be sworn in ...I won't be going anywhere old soul because as a physician I am able to see just how ill she really is and if I were betting on it in Las Vegas I would be tempted to be ""all in"" that even if she wins the electoral college count that she will never be sworn in as President in January",0,1
"Wow! An extremely well-balanced letter section here, ADN!

I'm not voting for Trump, the jerk who is the only candidate the crook could actually win against. I'm also not voting for Clinton the criminal.

Clowns on the right, criminals on the left ... what's a thinking voter to do?

I'm voting 3rd Party. The only thing keeping Gary Johnson from winning and maybe bringing ethical and sane leadership to the White House is people who refuse to vote for the clown and the criminal to vote for him instead. That's 60% of the electorate, according to polls.

So, stop buying the propaganda that says you have to vote for one of the main party candidates or you're wasting your vote. That's stupid! Voting for either one of these two odious idiots is wasting your vote.

Vote for some real change and let's see what we get. At the very least, he isn't in anyone's pocket yet, so he ought to listen to the voters for at least the first half of his first term in office.",0,1
"Why don't you confront me with your asinine accusations, directly to my face?  My real name is at the top of my posts, my name is in the phone book.  If you're going to slime me, why don't you get together with motley and Latinos for Trump, and I'll meet you at any public accommodation to talk our differences over?  Real names, of course.  How about it, dogs?

But, I suspect that you and Latinos prefer to hide behind anonymity when you sling your slime.",0,1
"""There are a lot of horrible lawyers out there...""
-----------------------


Right.

This is something Canadians have inherently always known. In fact, like you, we feel compelled to bark out how all their professionals in any field are just utter rubbish, and certainly not passable on any national scale that measures merit.

Swing and a miss.

Yeesh.",0,1
"Well, maybe the Liberals will be able to solve a problem (i.e. the shortage of Judges in Alberta) which Harper couldn't in 10 years of governance.    

Will that make you less angry, dick?",0,1
"Probably, ""LIttle Republicans Embarassed By Their Crappy Candidate"" would have been a more accurate headline for this story.",0,1
"Would you care to supply ONE concrete example of ""voter fraud"" in the Democrat's base? Not your opinion, but evidence. That or shut up.",0,1
"yep, some folks need a good ass kicking. heh heh",0,1
"Hilly Clinton took an ax, gave thirteen cell phones 40 whacks, when Hilly saw what she had done, she deleted her emails, every one! When Willy called her and said ""Git it done"",  Hilly took the money and run. Now it's time to vote, it's true, Hilly will make a fool of deplorable you!",0,1
Don't go into a room alone with Hillary Clinton either because if her body stench doesn't kill you and like her husband Bill she is also a known sexual predator of the same-sex variety,0,1
"Another NY Times hit piece on Trump. Some if it is true. Much of it is speculation and accusation, not fact. Nearly all of it is spun to stir the Clinton loyalists to the polls and discourage those who oppose her.

A similar but more factually damning peice could be done on Hillary Clinton and the things she and husband Bill have done while employed by the public. But of course, that would just be another example of the ""vast right wing conspiracy"" she complains of. And it certainly would not be written by the NY Times or reprinted by the Register-Guard. The mainstream media shields Mrs. Clinton from her innumerable sins and horrible record. They are indeed in the bag, and that is the most shameful realization of this most horrible election.",0,1
"cont.

I spilled coffee on my darn mouse....took a  while to dry so I could finish my point.
This is by no means a Trump endorsement but the hypocrisy has to stop, its sickening and I absolutely believe HRC will be a disaster for America. Don't vote Hillary, if you do, stop being hypocritical and minimizing or ignoring three decades of Clinton dirty laundry.",0,1
"Andrew, regarding the presidential election,  I am undecided, I can't decide if Hillary Clinton should be in prison or a mental institution.",0,1
"Some of us did not give Bill Clinton a pass.  Some of us were simply stunned with the hypocrisy of Gingrich, he of the serial wives and adulteries, leading the charge to impeach Bill Clinton. We are twenty some years down the road and nothing has changed.  However, there is one big difference between the Clinton allegations and the Trump allegations.  Clinton's were consensual activities, Trump's are predatory.",0,1
"You mean the problem in 2016 is that most of what she says (and for the last 30 years for that matter) is a lie.  Yes, this country is in crisis, the government is a disaster  (may I say corruption), and the laws of out country are now two tier, one set of laws for the rich and connected and another set for the rest of us...Keillor, you are an old fool.

Keillor, ol boy, you are  better off sticking to your  PBS vaudeville shtick because as a political commentator, you are not quite so witty, a half wit at best.   As one who hails from a state that elects a blow hard pro wrestler as their governor and nasty little SNL unfunny “comedian” as their US senator, you are relegated to the world of comedy permanently.   Well, Minnesota and Alaska have only one thing in common, winter weather.",0,1
"""Sure, trolls have always existed since comment sections, and you're only following in a tradition.""
Internet troll - ""A person who feeds off the anger of others as he enrages them over the internet.""
Be fair, you're trolling.",0,1
Hllbilly is the queen of lies. Everybody knows it.,0,1
Cynic.,0,1
"So much stupidity packed into a single comment. Ask Fairbanks whether it is bothered by this flood of people and their money into its town in this season. Ask, don't tell.",0,1
"No checks and balances huh? I guess I missed something? Did we lose our Republican House and Senate? Our democratic Prez? Our balanced Supreme Court? We've checked and balanced ourselves into gridlock for eight years in case you haven't been following along. The world laughing at how soft we've become? You mean following our treaties, international agreements and laws? The world will truly be laughing at us if we elect Trump and mark our national decline into idiocy.",0,1
Don't be sore loser...,0,1
"McCain is running scared about the possibility of his own re-election.  He will say and do anything to convince his idiotic base that they should vote for him.  He, like so many Teapublicans, have been willing to sell their souls (whatever they have left) to the devil to be re-elected.   Fie on them and their ilk.",0,1
"If this ed piece wasn't so pathetic it would be funny. Here we have a  editor for a newspaper that excels in tabloid headlines,reporters under the impression that their opinions are more important than true and accurate facts. They are enthusiastic about publishing hate mail of all kinds as long as it matches their perverted mind set. But it does accomplish one thing with their tabloid headlines and biased reporting. It exposures the lie of the good American,the tolerant American, the America where every citizen can express themselves without fear of reprisal. Vote how they choose, choose a religion without fear of being killed because of their choice. What this election will/is showing is a America divided among 2 candidates one a sociopath and the other an immoral cheat,liar and probably a traitor. So much for the land of the free home of the brave. The ugly American is a better description of the people supporting either candidate. Vote none of the above is the better choice.",0,1
"Sorry Piper, for the past several years the GOP has controlled the Congress, The State houses, and the Supreme Court. Now you know the truth about why we are screwed up. Quit whining and man up.",0,1
"You're projecting here, Steve.

You hate The Liberals so you assume that they hate you back.

I just remember the Little Republicans Club at my college being comprised of bitter, young men full of impotent rage. Felt sorry for many of them, really. They were often ostracized because they weren't any darn fun to hang out with because they were usually insufferable, overbearing aye-holes. Their regressive political beliefs didn't make them many friends either...",0,1
"Any Catholic who at this point believes there is an actual moral equivalence between voting for Hillary or for Donald, or worse, believes that Donald is preferable to Hillary, so powerful is that ancient irrational anti-Hillary hatred, is a deluded and irresponsible fool. Hillary Clinton is by far the only acceptable candidate in this election campaign, of the four. By far.",0,1
Quota system sucks. The caribou hunt is your example.,0,1
Eyelid tattoos? Gross.,0,1
It's amusing how hypocritical you are.,0,1
Nice waste of taxpayer money to incarcerate this trash.  Intentionally shot a law enforcement officer should mean a needle full of death for this piece of $@@t.,0,1
Glad they caught this piece of trash person. What a senseless tragity. I hope the officer is able to heal up 100%.,0,1
Specifics about why Obby's presidency was shitty? Too easy! Where should we begin?,0,1
"How true, he hasn't done anything but bankrupt companies, not pay workers, not pay federal taxes, lies all the time, is a bigot& racist, insults everyone, and yea is a sexual abuser & assaults women. Worst of all he is a whiner & loser. 'For the future collapse of America & the World, Vote Trump'.",0,1
"Richard,
You always make a fool of yourself, with your uninformed comments.",0,1
What a dick.,0,1
Prohibitionists are mental midgets!,0,1
"I think you have it backwards.    Harper had a hate-on for the press because he lacked the skills to deal with them.   Every previous PM (Liberal and Conservative) had their issues with the press.    Only Harper played perpetual ""victim"".

Harper came under the same scrutiny that any Canadian leader faces.    He also had the same fawning press when he first took power.     He was just too inept to take advantage of it.",0,1
"Holy Cow, eight monk seals have died because of feral feline excrement. Lets kill all those nasty cats.",0,1
"I have to disagree with the part about people remembering , or else he never would have been elected in the first place . Canadian sheep have short memories . They vote for clowns and love paying there taxes.",0,1
sucks??,0,1
"Um, I think you've forgotten that Walker DID propose the different taxes in several different bills, and the legislative leaders said, ""No, put them together so we can discuss and vote on the whole picture.""  He obliged, but the legislative leaders then said all the moving parts were too complicated to digest at the same time.  Damned if he did and damned if he didn't.",0,1
"Remember, you can shoot people who trespass, but not cats...",0,1
"Sara Fredericks24 minutes ago


Analysis: trump is a raving loon bloviating ORANGE Oompa Loompa TROLL that has no chance in HELL of winning this election


Rebuttal:   Clinton will be (should be) wearing an orange jump suit while the orange oompa loompa is in the white house.  Better get used to it !",0,1
"Hard to say, it took 3 brutally dangerous and ineffective liberal leaders, before the conservatives defeated themselves.

And Justin is solidly on track as being a one term wonder.  

All Butts has to do is sit back and let Justin tackle the tough issues and the ensuing epic implosion by what is known as ""Canada's dumbest PM"" will occur.",0,1
"Here we have Sean Michael Winters calling the 40% of Americans who support the issues Trump supports ""nasty,"" ""dangerous,"" ""vulgar,"" ""misogynistic.""    That's fine, though like the inflammatory language of the pro life movement, Michael's rhetoric will ultimately and assuredly contribute to continued violence against the 40%.  

Be that as it may, Winters says that Trump has run the worst campaign ever?   Worst, based on what?  Here is a candidate that had the entire media ferociously against him in a magnitude never seen before, and even his own party against him, and he is still tied or even ahead in some national polls.  Like Trump or not, no candidate in history has ever had so much thrown at him and yet has gone so far.   I call that evidence of a very successful campaign, but then I don't judge candidates based on my personal feelings.

As for democracy being undermined, Trump's popularity is the evidence of democracy in action.   The sky isn't falling, mmw.",0,1
"Denby, fellow classmate,  I remember being groped by an idiot on the way home from school.   I got away, I ran, I cried in shock all the way home.  But the fear of being accused of starting it kept me from talking about it these past 65 years.  Who would believe me.  Women our age just didn't talk about it.  I knew of others violated in various degrees and they were silent to the public and family, only speaking out to a close friend.  Things change, sometimes for good.  But for people to say, why didn't you speak out sooner?  Fear, shock, self inflicted guilt.  If for no other reason, I will not vote for a bully!  To give someone credit for picking on weaker or smaller for no other reason than you can, is not right.  DT has used privilege for many obnoxious acts, ill-treatment of employees, sex, refusing to pay for work contracted.  These are a few of the acts that are not honorable, or honest.  This man does not represent me or my principles, or the truths we were taught growing up.",0,1
"Yes, the board is giving its members guidance because they're too dumb to figure out how to vote on their own. Is that the implication, Kitka?",0,1
"Holy cow people the man is a deranged imbecile, he throws a “S” Fit every time things don’t go his way. I see this behavior a lot but it comes from a six year old child! He is a pompous spoiled rotten Jack A**! How is he going to react when dealing with world leaders if he can’t even take a little criticism from the press  without losing it every time? It’s Not Fair!!! Waaaaaaa",0,1
"The proper methodology is SSS--""shoot, shovel and shut-up"".",0,1
agreed.  it's a welcomed relief from the incredibly biased horseshit these jokers typically produce.,0,1
"I could respect (grudgingly) the likes of Jerry Falwell, Jr. and Pat Robertson if they'd just admit that Trump is a low-life but that they agree with him on policy. But this nonsense that they buy that he really is a devout Christian is ridiculous. Not only does it insult the intelligence of their ""flock,"" it also exposes them as hypocrites and political opportunists. Nauseating.

By the way, I love that photo above. It's as if Falwell knows he's shaking hands with a repugnant person and can't quite watch himself do it.",0,1
"Nope, not a damn thing.",0,1
"How does one ignorant comment by a CNN reporter make Brietbart into a good and credible source?  You need a logic course, Eddie.",0,1
"Ridiculous. What politician in his right mind appoints a judge who believes that it's his job to change the laws the leader's government enacts? Oh, sorry, I forgot that it's Trudeau so out goes the right mind part. Governments enact the laws and the judges interpret and apply them. The activist judges have hijacked the process to impose on the country their own personal views on the way things should be. This is clearly beyond their role and expertise.",0,1
"NDP voted strategically ""Anybody but Harper""
and hurt themselves
Now is that  dumb or not, I ask you",0,1
"Nooooo, lowrider.  You're the one screwed up and hopeless ;->",0,1
Death to the Daesh!,0,1
"FTP system Harper worked so hard to rig?

What a ridiculous and likely libelous statement.",0,1
"Trumpeters are such bloody whiners! ... just like their candidate!  ""The election's rigged!""  For crying out loud (which they do quite well, I might add).  What happens in the next election when someone doesn't get their act together?  Does the Division of Elections have to make accommodations for them too?  A precedent has now been set by the whiners.  These people are destroying our society by not taking responsibility for their actions ... or lack there of!",0,1
"What a disingenuous douchebag this guy is.  He's way worse than the last PM.  He suckered a few people in, got the top job, so now there's no need for electoral reform.  Snakes don't come any lower than this scum.",0,1
Arrogant and Narcicist,0,1
"And lastly, before you white guys get off on other wrong headed stereotypical BS, let's not forget studies and law enforcement data shows it is you guys who hold the blue ribbon for raping and killing children.",0,1
"Uncanny Narration- Final Debate

Hillary- Ooooh mahhhhh, God! This MothaF**_%$ is sooooo stoopiidd!

Trump- Can you believe this????.....she must be crazy, ohhhh, noooo, Imma tell'em how I really feel. 

* This is comment is not expected to survive the bludgeoning impact of CivilComments.",0,1
You forgot to add that black people are WAY more likely to comit violentlent crimes than whites thus they have much higher interaction rates with police.  So if you look at it that way a (Harvard study did this year) if anything whites were shot at a higher rate than blacks.,0,1
"Certainly. If you pick your panties out of your butt crack, you can generally think more clearly. Give it a try.",0,1
"Andree, I don't mean this as criticism. I am sincerely interested.  Is there any politician you don't think is incompetent and corrupt?",0,1
"So, is it misogyny when Hillary Clinton called her husband's rape victims sluts, tramps and whores? Or when she threatened them to keep silent? Or when she accused a 12 year old rape victim of being a nymphomaniac and seeking out her rapist? Or just when Donald Trump says some nasty things about some nasty people?",0,1
"im telling you..there all doing it...a write off from first day in office to the final hour in office,100 % deductable and innapropiate dealings like this,conflict of interest,oh yeah..seems dark dealings,out of the public eye.entitlements galore not to mention the huge ass pension,follow the money,beware of the double speak and the hilary two step...aka.the fairbanks okee doke.....opinion of one ..adn is now engaging in censorship it seems with these new edit controls..not to mention comment weeding on a regular.............",0,1
"OH, DEAR GOD IN HEAVEN ... THANK YOU FOR THIS REBUTTAL TO ISER TRASH!

ISER ""experts"" have been central supporters of WELFARE SOCIALISM in Alaska for decades.  Handing money out ... does not end poverty.  It encourges poverty producing lifestyles.",0,1
"After last night's admission that he may not accept the results of the election, it seems rather obvious that Trump planned on losing all along - that his bid to run for the highest office in the land was nothing more than a reality-show ruse to launch Trump TV Network after the election with his new, built-in base of alt-right Breitbart readers to add fuel to the fire. He'll even keep Steve Bannon on to run the show, merely stamping the Trump name onto the new venture like he does all those buildings in New York in which he has no real financial interest at all. As with everything else about Donald Trump, it's all for show. There's no there there. He's become nothing more than a tacky franchise.

I have to wonder how his loyal band of followers must feel knowing that they've been played for fools and idiots. If they haven't yet figured it out they're more foolish than I realized - and that's saying something!",0,1
I'm with the Nasty Woman and the Bad Hombres.,0,1
Men worshipping a male diety is kinda gay. #YesHomo #SheIsRisen,0,1
"What does it say about the Republican party that it has nominated a creature for president who exhibits many signs of being mentally ill?  If he was standing in a street corner, wearing rags and shouting at traffic, most people would know what the problem was. But dress him up, put him in a $10,000 suit wearing the fur of some strange animal on his head, and despite all the bizarre remarks, his endless repetition, the ritualized hand gestures, the distorted facial expressions, the grunts, the prodigious narcissism, and that passes for sanity amongst the field of 17 mostly pathetic aspirants to the presidency.",0,1
"ADN downplays literally hundreds of Wikileaks revelations and all but ignores the James O'keef Project Veritas videos; both exposing corruption at the highest levels.
Instead we are spoon-fed a daily diet of this kind of inconsequential nonsense and the dumbed-down public, (Lenin's useful idiots) eat it right up.
Folks we are watching the Sovietization of America and little Pravdas like this one are facilitating it.",0,1
More scum off of our streets. Thank You Officers.,0,1
"Gore won the popular vote. It came down to Florida and Gore was in the process of conceding when the closeness of the Florida vote triggered an AUTOMATIC recount. That recount, with its problems, made a court review necessary, not optional.
Try being coherent: we're talking about Trump screaming, before a ballot is cast, that the election is rigged, that he cannot commit to conceding after the ballots are counted. Context is all. You probably don't even know that Pence has said he would abide by the voter's will. Or that many, many Republicans already are condemning Trump's words.
I suppose you're fine with Trump sniggering on Howard Sterns's show as the great lecher described Trump's daughter as a hot ""piece of ass."" What father wouldn't punch that guy in the face? Trump is a very sick man. At this juncture, to support him is the act of a morally confused person.",0,1
"I thought your three reasons were for what Trump brings to the table: Sex, lies and videotape.",0,1
"Wow dude really? You've never gone to the doctor only to have a horde of ""conservatives"" spit curses at you?  How lucky for you! Hey why don't you volunteer to do clinic escorting and you can see how your charming ""conservatives"" really behave. 

It's pretty funny to have Trump, the king of bad behavior, at the top of your party and then make the claim that conservatives are respectful people. I mean, it's comical, man.",0,1
"Um, Gore DID win the popular vote in 2000, and that's obviously what President-Elect Clinton was referring to here. Gore didn't become president in 2000 because he lost the electoral college votes. 

Delete this. You're embarrassing yourself with your ignorance.",0,1
"Fool, now hear this. 
And lastly, before you white guys get off on other wrong headed stereotypical BS about Native people, let's not forget studies and law enforcement data shows it is you guys who hold the blue ribbon for raping and killing children.",0,1
"Ah, I look forward to being woken up tomorrow morning by the endless cacophony of sirens as the police respond to the many dozens if not hundreds of accidents and ""incidents"" on the snowy Glenn Highway due to all the idiots who think that their tailgating, texting-while-driving, and 70+ mph driving habits, as dangerous as they are in DRY conditions, are just as suitable and appropriate in icy and snowy conditions.  I'll laugh, and I'll laugh.  But they, on the other hand, will never learn.",0,1
"Sad but probably very true!  Oregon's lenient liberal justice system is completely shameful, the way they give ludicrously lenient sentences to; pedophiles, sexual deviants, sexual predators!!  Liberals seem to believe these are almost victimless crimes, WE MUST GET RID OF LIBERAL JUDGES AND LAZY LIBERAL PROSECUTORS!  THOSE WHO COMMIT SEX CRIMES, CAN'T BE FIXED AND SHOULD NEVER BE ALLOWED BACK INTO FREE SOCIETY!!",0,1
this bunch rowed a canoe from china and now thinks they should have it all. its actually quite ridiculous when you ponder it.,0,1
You're a wreck dude. You tow up from the flow up.,0,1
"Please, rational, sane people, do not get complacent! Do not neglect to still go out and vote against this pathetic, dangerous, loser, no matter how far Clinton seems in the polls.

Don't take this election for granted. A Trump presidency is still a real (if unlikely) possibility.",0,1
"men have tolerated misandry for decades. this cultural revolution has led to broken homes, crazy people, and poverty. so, while i may find some guys' remarks unpalatable, i have had to tolerate a bunch of nasty talk from women directed towards men, including my wonderful dad and sons, for years. so don't call the kettle black, ladies. you are just as despicable. and amoral.",0,1
"Assault on election integrity?  Are you kidding me? Only a few months ago in the primary all the ""establishment types""  pressed him on this same issue. He gave in & promised.  When he won, the ""establishment candidates"" couldn't wait to break their promises, AND THEY ALL DID! Compared to Hillary's polished skills as a liar, these guys were boy scouts, or more aptly, mere babes. Anyone honestly thinking Hillary will keep her word & not sue (like the Democrats have already done so many times when an election doesn't go their way) is a fool.  And the pathetic media (including ADN) will make all kinds of sleazy excuses for her.  On top of all that, she's already conspired with the Media & her own DNC to cheat Bernie Sanders out of any possibility to win, conspired & hired folks to start riots at Trump rallies & God knows what else. But if Trump sues, whoa, whoa, whoa, they'll never let it rest!  Give me a break!  At least Trump proved he's smart enough to not fall for the same BS twice!",0,1
Good. get the hell out! 2 crazy out in the south... #1 is still crazy woman.. Magggggg..never mind.,0,1
"emotional support animal?  what's wrong with the word ""pet?""  

horseshit.",0,1
"Nice anti-America, anti-White, androphobic rant.  How much reparations $$$ would it take to forever buy off the descendants of slaves?  Got a number for us?  How many are clamoring to ditch this hell hole called America and return to the Watusi jungle,  free from evil white males..... like the jungles of Chicago?",0,1
"Well Mr Trudeau, after years of intense negotiation with the EU by the Federal Conservatives, you, the Federal Liberals have managed to screw things up Royally.  
You should fire this supposed minister that has walked off in a huff because she wants to see her three kids tomorrow.
O Kay, go girl.  See the kids.  
And leave the rest of Canada out to dry.
Pathetic.  All of you.",0,1
The Minister was not very diplomatic but ... darn ... it must have felt GOOD!,0,1
"Scarborough, there IS no one in the Republican party in a ""leadership . . . position of influence.""  That's the problem: they couldn't lead, and they can follow only when they're dragged.  Ryan looks so pathetic on his leash, fighting like a dog trying to avoid getting a shot.  (McConnell is the shrewd one; he just stays out of sight.)  Then there's the lickspittles Cruz and Rubio.  And the goons Christie and Giuliani.  And the clowns Palin and Carson.  And let's not forget the holy men who bless this stinking farce.

The Republican party is in an advanced state of decomposition.  Burn or bury it.",0,1
"Woooo hoooo.....glad to know we aren't the only state that has the ""buttery"" road and foolish passing issues ............drive safe everyone...may not be your driving you should be worried about.",0,1
"Shoulda, woulda, coulda, except nobody gives a f*** except looney right-wingers who worship the tubby real estate mogul cum fascist presidential wannabe. Just sit back, get comfortable, and enjoy the ride white boys--the lady is on top.",0,1
"Suenami,

Comparing the brainless and reckless speeders, tailgaters, and driving-while-texting'ers on SE Alaskan roads to cowboys does a grave injustice to real cowboys.  Comparing them to spoiled, impatient and ignorant toddlers would be a lot closer to the mark.",0,1
"you dont think period, fox goes after trump too loser its the left wing main stream that ignores hillary",0,1
"Huffing and puffing the loser Freedland leaves Europe saying how 'nice' Canada is! Well Canadians may be nice, but this Trudeau government stinks!

This G&M article is showing yet again - if indeed any more proof were needed - that the Globe and Mail only reports the world as viewed by the interests of large corporations and their paid governments. 

Most people in the EU do not want CETA - this is a fact, Canada please smell the coffee! That only the Wallonians had a government with the courage to represent the wishes of it's citizens says more about how bought most EU governments have become. 

CETA and other so-called 'free-trade' agreements want to un-democratize ordinary citizens and hand over power to corporations instead and the brave people in Belgium should be congratulated for not wanting to play this rotten game and selling out, like Sanders in the US has.",0,1
"They were ""nasty women"". Including Joan of Arc. Throw them in the pond. If they sink it is proof they were ""nasty women"" if they floated that was even more proof. ""Nasty women"" been with us for a long long time and I for one am very grateful for that.",0,1
Someone woke up on the wrong side of the bed of ignorance this morning,0,1
"The political parties exist to absorb the wrath of dumb Americans who still cannot see that our country is being controlled...and has been controlled for a long time...by a small group of extremely wealthy economic interests who don't give a damn about either party...because they have already purchased the entire political system. Those who already own us also own the major media which keeps voters distracted. ""Liberal media"" or ""conservative media"" is mostly corporate media. The economic elite owns our domestic police and uses them to quash protests such as Standing Rock...and then uses their media influence to not mention the large mass of indigenous protestors. The real crimes of our government involve the use of our military and Air Force to destroy mostly Brown-skinned nations in order to steal the resources for private benefit and destabilize regions near Russia...in order to eventually control everything. It's called ""disaster capitalism,"" neoconservatism and neoliberalism.",0,1
"And I, among many others, am furious that the media isn't calling these would-be killers ""terrorists"" just because they' aren't Muslim. They keep referring to them as 'militia' which gives them an aura of respectability and patriotism for a lot of sad, sad, deluded people. They ARE terrorists and they should be referred to as such!",0,1
There are bears and there are BEARS.. these are clearly trouble. The troopers need to do their damn jobs and take them out before they grab a kid and the state gets hammered in a lawsuit for doing nothing in spite of numerous provocations. What needs to happen before you take action.,0,1
As useless as a human rights and social justice lawyer masquerading as our Minister of Environment and Climate Change.,0,1
"One of these days somebody is going to have to explain the whole Ron Wyden thing to me because from my perspective we are missing 50% of our Oregon United States Senate representation. How is it possible that this man is still in office?

Ron Wyden lives in New York with his family and stops by Oregon every few months to have a town hall or glad hand for money then he goes back to Washington and instantly forgets the wishes of his constituency and votes against their best interest over and over again. The only reason that we are still having to worry about the TPP passing and the only reason it was put on fast track after it was dead was Ron Wyden. Wyden kept alive the biggest sellout to American sovereignty to the corporate elite that has ever been proposed. He showed his true stripes ...he is owned by corporate America and is willing to sell out everybody else at the drop of a hat . Pathetic Ron Wyden's human garbage. And you guys keep electing him",0,1
"""Where is your outrage over Bill's 40 reported rapes of women and children? This man has made 27 trips to pedophile island to have sex with children and nobody on the left could care less""

So this is how you slander and demean Bill Clinton? Your obsession to link him and HRC with anything sick and disgusting, is sick and disgusting. You really bring out the worst in yourself when you repost the sludge found on extremist websites.",0,1
"shoot, shovel , n shut up",0,1
"We just got forced to give money to a belief system preaching planned parenthood which believes a child is nothing until it breaths air and that homosexuality and promiscuity are fine, even transgendering.  Wake up people!  Belief systems abound and need to be exposed.",0,1
"Sensible? Unprepared? Scared of the dark?     My 9 and 13 year old daughters came down that  trail with a $5.95  headlight, and a couple of ""Anchorage men"" couldn't?  The word ""pussies"" come to mind.",0,1
"It has been my experience that people get some things right even though they sound a little goofy. I think supporting Trump is a bit like that. There are some things he says - just like Bernie says - that reflect how many folks feel about the politics of this country. 
So the answer to your question is - no. Electro shock is simply too expensive on an individual basis - and the outcome is in question as well - ha!!

But when we tell folks that we don't know from Adam - whose political support we seriously disagree with - that they are stupid, misguided, or in need of electro shock - particularly if we are masquerading as some arbiter or truth and rational thought -(which Haycox always sees himself as) - then we stop being agents of change and start being agents of war. 

To me Haycox is like Hannity - boys who bring matches to a flammable party. I think Trump is a nut job - but I still value my friendships with those who support him too much to call them stupid. That's my politics.",0,1
Kirk is a CORRUPT politician that needs to be FIRED !!,0,1
"Spell it however you want, it's still disgusting and gross when made with Crisco!",0,1
This years Aces are the same as last years Aces----losers .,0,1
"YOU ARE THE CARTOONISH BUFFOON EUGENE if you can't remember that the left is still not accepting the results of the 2000 election ...don't you remember the endless drama, court challenges etc the left used to challenge the results ??",0,1
"Stop and see Trump,He,s retarded!!! Cast my ballot for Hillary today,,,Yez on 97!!!!",0,1
"nope djou exactly like trumpy, all talk no action.  he has not plans so he does not discuss issues, instead he tries to personally denigrate the opponent.  this is a sign of a losing candidate - both are losers and repubs.",0,1
"I agree with your view that the Alaska Democratic Party doesn't give a damn about what Alaskan Democrats want.  Why they would vote for Joe Miller, who has shown himself to be a liar, cheat, and hypocrite is beyond me.  Lisa Murkowski is the candidate with the proven record of working for Alaskans.",0,1
"yep, and liberals approve of such tactics. that means they are the same sort of low life scum themselves.",0,1
"so...the owner is the problem, and not the scumbag thief. this is typical of modern thinking. that is...just don't think, blame the successful  person who worked for something. the tard stealing it is just a victim.",0,1
I think there are a lot of convoluted statements in this story.  So I'll stay with just one thought. In america we pride ourselves on allowing our citizens to vote. To vote one has to be registered.  Any method of recruiting legal voters is just a valid as any other. We find no problems with all the other programs that reach out to get people on the rolls.  To point to Prop 1 as being some kind of plot favoring one party  is just ridiculous.,0,1
Outside cash nails it as a dumb idea.  Make sure they wasted their money by voting it down.,0,1
This is BS. People should be required to put up electric fences. What do they expect wild meat eaters to do? Of course they're going to go after an easy meal. Ridiculous.,0,1
"The archbishop is a little mad.
There, fixed that for you.",0,1
"Oh right, Singh is the one ""engaging in ad hominem disparagement."" As your butt buddy Donald would say you're ""a YUGE hypocrite"" Freddy.",0,1
He is praying on the elderly with those ads because they don't know the difference .. what a dishonest guy using his focus groups to pray on people .. jeez anthology bunch of desperate guys,0,1
Hey troll fist of all the stock he getting their is a profit if he cashed it .. so you telling me it's ok if all the council would get options to buy condos at 100k but it's worth 700k they can exercise anytime .. that's what you telling me.. if has no value or incentive why give it .. secondly the majority was given right after he was elected mayor .. nice try to fool people troll ..,0,1
"Ah, the conservative right-wing politically disingenuous ploy, don't like the messenger, so shoot the messenger.",0,1
"There is this book called a dictionary. You might find one at your local library. Try one sometime, it might make you look less foolish.",0,1
"Make better choice: 
After the Childish, Garbage/mudslinging of the debates  I will not be voting for Trump nor Clinton for president.
I was not going to vote but, that is a wasted vote.
Instead I am voting for  Gary Johnson, the former governor of New Mexico.
The polls are grossly out of touch with reality, sample those with landline only, close to zero people under 35. 
Trump and Clinton are the most disliked candidates in history, this will be the lowest election turnout in 40+ years. 
 Some say that his chances of winning are slim I disagree. 
Neither candidate has a comfortable path to the 270 electoral votes,. Johnson  believes he can win  5 states or more, force the election to the House of representatives. If that happen it is a path to President Gary Johnson !

Gary Johnson, I choose to vote for a man with integrity!
Bill Barrios",0,1
"Sorry, I can't say the same for you.  Except for the 'pathetic' part.

And I suggest a good hand-washing after all that stroking.  Otherwise your keyboard may start to stick.",0,1
"The truth be spoken, 7 electoral votes, all networks not allowed to announce winner until our polls close, better look not too far back to know why, the outcome is known, we do not even figure in.  Such foolish people to feel that their votes count, has never counted in presidential elections.  Best you concern yourself with local elections,  this will affect you. History lesson, Nixon won popular vote, Kennedy took electoral, your vote counted, sure, how about Gore and Bush, Florida played a role, Oregon don't think so.   As to if this is a Clinton promo or Trump, I see neither.  This political season has been a very degrading, ashamed of, lowest point one can go, waste of time, been overseas the other countries are getting a good laugh, trouble is I'm laughing also, take this serious and your in trouble.  To those of you that feel you really know our government, check with Theodore Roosevelt said, I'll leave you to learn.",0,1
"Yep.  Yep.  Nope.  Like Mr. Bear, I am an omnivore and proud of it.  It is quite the natural way for my species.  Next stupid question.",0,1
Paul Jenkins: what a nasty woman.,0,1
Damn edible apples; the source of ruination for millions.,0,1
"You are unlearned, illiterate and unwashed. Go home to mommy.",0,1
"You support in thought and action, the mistreatment and slaughter of billions of innocent creatures and call me a hypocrite?  I agree that you don't harass commenters on here, insult and derogate them IF they don't adhere to your dietary choice but you do harass, and try to force others to adhere to anything else you agree with or support and you do it in the nastiest possible way.  So don't try and act holier-than-thou, you self-serving, narcissistic, sanctimonious, pseudo-intellectual, poor excuse for a human being.  Sanders wouldn't want your vote.",0,1
"I'm old enough where I no longer feel any sympathy for nor have any patience left for the stupid. They need to be apologizing to everyone who is more intelligent than they are. These days I refuse to apologize to someone who is stupid for my being more intelligent than they are (as was my habit all my life). And if you want to include who and what they need to apologize to, to include all species that are more intelligent than they are, then they even need to apologize to their own cats that can outsmart them and escape from safe confinement -- dumber than even their own cats -- proved by their own cats. (I know this is a little off-topic from what you stated, but I wanted a chance to mention it. :-) )",0,1
"watch this and then you might think twice about voting for this buffoon.
https://www.youtube.com/watch?v=k3O01EfM5fU",0,1
"Sorry, Arlene, I can't take someone's ""compassion"" seriously when they by their own admission despise an entire group of human beings--Native Alaskans.  Too many of my family members grew up under Jim Crow and know what it's like to be valued less than an animal.  Roy isn't 'compassionate'--he's self-hating, callous and hypocritical.",0,1
As compared to the two OTHER buffoons?,0,1
"A page out of the progressive Hillary Clinton playbook. (and Kathleen Wynne)
Folks you will find this immature selfie king will get more and more dictatorial and corrupt as his ego grows.",0,1
"BWAAAAAAAA-hahahaha!  Reminds me of all those photos on the cat-nutter pages of old biddies squeezing their cats, all of which have expressions ranging from, ""Y-y-you're CHOKING me!"" to ""Please, God, let me die!""",0,1
"So Chaput is a hypocrite and a misogynist:

""For many observers, a chief focus of the current campaign has been the crass and increasingly threatening language of Republican nominee Donald Trump, who has bragged about demeaning and groping women. In the third and final presidential debate on Wednesday, Trump also reiterated that he believes the Nov. 8 election has been ""rigged"" and that he might contest any result that did not favor him.
But the U.S. bishops have been virtually silent on those topics, while some have continued to highlight the centrality of opposition to abortion and gay marriage.""

""Though he did express admiration for Trump's ""gift for twisting the knife in America's leadership elite and their spirit of entitlement, embodied in the person of Hillary Clinton.""

Chaput seems quite evil too. Who else lobbies so aggressively to keep rape victims from getting statute of limitations extensions!",0,1
"Don't worry, this will be followed up by vote by mail and then it will take absolutely no effort  for the ignorant and the apathetic to vote themselves other peoples' money by voting democrat.",0,1
"I met Presidential Candidate Bary Goldwater and we can assure you he was no panderring spoiled brat slob like Donald Turnipseed. He was an accredited Air Force Pilot, an Officer and Gentleman. He paid taxes and served his country. He did not hgo broke and fix his Country to save and service his failure. No comparison to our trashy sex pervert who hijacked the GOP from the other gentlemen candidates by his disgusting behavior. t a trashy  mp",0,1
"so...punks who live in moms basement got arrested after attacking people at trump rallys. what is surprising about this? notta , this is typical of the hillbilly profile. losers in moms basements looking for handouts. patheticccccccccc",0,1
where did you copy and paste that silly stuff from?,0,1
Losers like you that live in ma's basement?,0,1
Same place you got your silly stuff.,0,1
"Funny, you don't bother to mention that Hillary wants to murder little babies ready to be born, apparently that doesn't upset you.  I thought the sanctity of human life was a cornerstone of the Catholic church.  Did you bother to watch the entire dinner?  Because if you did, Hillary was nasty, Trump didn't say anything worse that Clinton.  You write an entire article slamming Trump instead of writing about the butchering of little babies.  Disgusting.",0,1
"Why vote democrat? Please explain why they are a better choice than the other bums we call elected representatives... The DNC paid people to go incite violence at their opponents rallies... They accepted foreign donations, which is against the law... What have any of these people RNC or DNC done to make anything better for us? Cost of living is thru the roof, healthcare is costing everyone more money (except for a select few), even the under reported inflation has outpaced wage increases, your freedom of speech is at stake. The Dems candidate even said she was for partial birth abortion, which obviously she has no idea that a partial birth abortion is killing the baby as its being delivered in the 3rd trimester. If you support these idiots, that's what you deserve... Idiots!",0,1
You fit perfectly in Clinton's libdem basket of losers,0,1
"What??? Another incumbent that hasn't been voted out?? What is wrong with people nowadays who would let some loser like Vazquez lead them by the nose. She is a good for nothing politician who can't get the job done. Regardless of her party, she needs to be booted out and Juneau can start with a clean slate. People like her is the reason why we need term limits on these people who want to make politics their career so they don't have to answer to the people/sheep. Isn't it time for wolves in sheep clothing, take out these incumbents?? They are the weak link of the Alaskan people!!",0,1
"Some in the GOP have created the foundation that little d used...and we need to see what has recovered when he pulled back the rock, and watched them scurry. So no he is nothing new...race-baiting, homophobia, voter suppression, are all part and parcel with some conservatives...not all for sure but for way too many. Because winning for a Paul Ryan is the only thing that matters. Blocking effective governance is all that matters. Not doing the job you are paid to do is the Senate under the GOP. My god they have not scheduled a vote for the first time EVER on nominee for the Supreme Court. How stupid do they think we are? Based on little d and others, pretty stupid!",0,1
"One of the worst people I have ever known in my life, I'm talking disgusting, sociopathic abuser of people including children, is a lawyer. Some of the best people I have known in my life are lawyers.  The profession confers power, access and potentially the ability to facilitate fairness or abuse.  There is a lot of room for abuse and lawyers make A LOT of money.  Some lawyers make 1000 bucks an hour.  Many lawyers in Alaska make 700 or more an hour which translates into nearly a million a year.  Being a lawyer is all about knowing the tricks that trip everyone else up.  Sadly, and generally, government lawyers are completely ruthless, dishonest, political and demonstrably dishonest.",0,1
"Again!!  Extremely disappointed...my local rep is Kim Rudd...so, Kim, can you please tell Justin that the optics of what he said to get elected and what he is actually doing with these fundraisers, are in direct ethical conflict with this aspect of his election platform.  Courting big Pharma is a huge conflict of interest with Health Canada, whom we expect to properly vet pharma before approving drugs.  Do your darn jobs for Canadians, without being bought by lobbyists. Thank you - Merci.",0,1
"You have just had a peek into the irrational mindset of the cat-nutter, representing our most thoughtless, arrogantly-entitled, uncaring, self-hating, least diligent, laziest, unhygienic, emotion-driven and utterly useless subculture with which our society is cursed.  Grab a cup of brain-bleach on the way out.",0,1
political correctness in this country has produced a society of weak-minded self-entitled (for lack of a better insult) pussies.,0,1
"Just look into the amount of money, time and effort is being spent on dirt bag sexual predator who couldn't just keep his mouth shut and do as he was asked.  He's a child sex predator, in my eyes he should be dead not wandering around Lane County free to commit more crimes.",0,1
"As one of the early Libertarians in Alaska (way back to 1974), I'm deeply offended by this charade: Joe Miller in no Libertarian and is using the party we started like a cheap whore. We sensible Libertarians are better than that.",0,1
"Continued. damn character limit.....

5. Islamic State. By 2008 the volatile Middle East region had quieted significantly. The Obama administration abandoned a long standing U.S. policy regarding foreign dictators and goons (He may be a son of a bitch, but he's our son of a bitch) and threw Mubarak under the bus. The President then signed off on an ill-advised plan to overthrow Khadafy. Mr. Obama drew a red line for Assad and failed to back up his tough talk. These destabilizing acts turned the “Arab Spring” into a bloody nightmare of anarchy
6. Trump. Heads we lose, tails we lose.",0,1
"Gotta start shooting these thieves ! There has to be consequences for crime,, or else it will keep happening!",0,1
"Michael Gershel  I too care about democracy, so will not be voting for Clinton or Trump. This is what voters need to understand. Yes, Trump is horrible because of the things he says, but Clinton has an actual discoverable history that ought to terrify us. Based on his words, Trump would be a dictator who ignores the Constitution and alienates various groups. Based upon her words, KNOWN history and what she wrote in her books, Clinton would be a dictator who deliberately violates the Constitution and deliberately ignores a plurality of the population because she has deemed there is no place for them in her America.

Neither of these people should become president and a vote for either one of them undermines American democracy.

He's not perfect, but Gary Johnson at least has read the Constitution and is in favor of following it. He was a successful businessman and two-term governor. Johnson has a lot less negative baggage than the other two and his actual record is impressive.",0,1
"Typical Liberal spin and double-talk.  Jr. gets twice as many selfie and photo ops if they announce the spending of the same money twice, doesn't he?

When will the public wake up and recognise Trudeau for the lightweight incompetent he is?",0,1
Nasty women for a Creepy lying Criminal !  Lovely....,0,1
"LMAO....you voted for Jughead, suckers.....

How's that pot legalization coming btw?

lulz",0,1
"Justin Trudeau greeted by heckles and jeers at youth labour forum...

As He should, the guy is as phony as a three dollar bill.",0,1
"Why, hello there Pouty Hooter. I see you're back on the angry hate trail.  Have fun rotting your soul.",0,1
Dirt bag without regard for anybody but themselves.,0,1
The problem isn't with the voting system - it's the stupidity of the candidates colluding against each other. They brought about their own defeat at the hands of a kid neither thought had a hope of winning.,0,1
"Why? It's not who draws the biggest, ugliest, angriest crowds, who wins the election. It's who get the most voters to the polls. Why do conservatives swallow every stupid idea that comes out of Donald's mouth?",0,1
"Damn Richard, you retired? How dare you post on Civil Beat. So much for Choon caring about what the kupuna think....",0,1
"hey loser,, until PAL recognises israel right to exist, NO we dont and should not ,, israel was ATTACKED,, they won, too bad..price of starting wars",0,1
"Classic Trump - attack the record of an opponent, without actually offering any viable ideas of his own. 

Here's a guy who started life at third base, and thinks he struck a home run, and STILL just barely escaped financial ruin. 

And I can't believe I'm typing this, but the only time in my life I can ever say I agree with [gasp] Glenn Beck: Beck has called Trump a ""sociopath, a psychopath, a narcissist and a pathological liar.""

You know you really have issues when you're too insane, stupid, and medieval even for Glenn Beck.",0,1
"But - Trump HAS no policy, unless you consider the impossible building of a Southern border wall which the government of Mexico will pay for (in his dreams!) and deporting 11 million Mexican laborers, which would take 10 years and several trillion dollars, and destroy our international reputation while wrecking our economy.  That's not a policy, that's nothing but bull pucky for the ignorant masses.",0,1
Trump is a criminal himself....a pedophile that likes to rape 13 old girls. Trump has been a friend of the Clintons for years and even have the same pedophile friend Jeffery Epstein. I guess birds of a feather flock together.  Clinton and Trump both need to be in jail.,0,1
"Believe it or not I only learned about that Singer idiot when I started researching for the book I was invited to co-author, the theme of which is a critique of the so-called 'animal-rights movement'.  Young buddy of mine told me about that 'scholarly' pile of rancid feline feces.  I haven't been to college in 30 years...",0,1
It's something to look at that isn't explicit.  You know - WTF is THAT!,0,1
"So Christians should vote for a woman who believes its ok to murder a baby in the womb a day before it is born?  Eloise, you have gone full retard.  You don't have to vote for Trump, but voting for Hillary Clinton is the LEAST Christian thing one can possibly do. She is a liar, a cheat, married to a rapist, and she laughed about getting a pedophile off after he raped a 12 year old girl.  Not to mention the chaos she has caused in Libya and the Middle East.  I suppose you are going to tell us next how Christian it was of Hillary to bamboozle aid money that was meant for poor Haitians ravaged by natural disasters.  Ha ha ha ha.  What a goon!",0,1
"Figures that the same people that torture and kill ""Man's Best Friend"" at the disgusting Yulin ""festival"" would be responsible for this.",0,1
"It's not the media that makes Trump look like a jackass,  It's the terrible, unfiltered things he flat-out says. The bus recording told us exactly who this man is. Which is a disgusting human and terrible candidate for president.",0,1
"As an elder your surely have to understand that the fight against ""colonialism"" is lost. You have a big family with members of all races? You would not have that if not for the very things you rail against. Do you also reject them because of that? Surely not. To say that a person cannot understand native culture because they are not native is racist, arrogant, bigoted and ignorant. Sadly, your own young people know less about their culture then they should and they have largely rejected it in favor of alcohol and iPhones. I am assuming you will blame the westerners and the whites for this as well. If you point the finger at others and call them bigots you should make sure that you are not that very thing first. I get why your people don't like Trump but all you will find in Hillary is another lying white politician not a friend. Perhaps AFN should rethink it's position in supporting the losing candidate?",0,1
"No wonder that Dolan at the recent ""Al Smith Dinner"" was squirming in his seat, obviously very uncomfortable, wiping his hands with sanitizer, with Donald Trump the serial sexual predator sitting right next to him along with his trophy wife.  

Dolan must understand that he is essentially doing the same thing as Trump does:  Always covering your tracks - spending mountains of money to intimidate your victims.",0,1
"And yet all society suffers from having children raised by ignorant parents to be ignorant adults and so the cycle spins round.
Does society not have a duty to insure the well-being of the children we foster because society, rightly, refuses to stand in the way of nature taking it's course?
And, in the same way we mandate seat belt and motorcycle helmet use, preventing injury as a monetary savings to society, does society not have the obligation to reduce the costs of poorly educated adults?",0,1
"heh heh..so the girlfriend enabled clinton to sexually ""bug"" her.  -it's not assault, rape, harassment, blackmail....   So -    so,  the girlfriend is the enabler  and the victim LOL. - that's one of the dumbest statements i've heard. it's not ignorant..that implies no knowledge.. can't call it short sighted as that is the  gist of these comments... insane works, delusional works, biased works, creative! - first time i've heard that clinton's ""victims"" were the  ""enablers"" in his  ""trespass"" upon their bodies.  
  have you noticed how  FAT TRUMP IS GETTING?  he 's looking like a FAT PIG.",0,1
"Dg, your statement offends me. Pigs are known to be intelligent and compassionate. They make wonderful companions. DT on the other hand is a vile, self-serving, lying, disgusting multi-million (or billion) aire whose only goal in life to to have a piece ofass on his arm. ""Repulsive"" is an insult to the lowest among us. Fat, blubbering, narcissistic bully who cares little about anything or any one who doesn't cater to his imaginary sense of self worth. He is lower than a snake belly in a wagon rut.",0,1
"Of course men are the victims of sexual predators, male and female alike. No one with any brains is saying they aren't",0,1
"You, Wyatt are a clown.
How very awesome you can sit there and make assumptions on the training & exp of a group of people you know nothing about and were not around at the event.",0,1
"All that said, why would any woman vote for this cretin?",0,1
"""You are fascinated with sex and don't care about public policy"" says the man who tied up our entire government for a year in search of excruciating detail about a blow job.",0,1
"I have said all along that Trump could win, and some polls show him ahead today.

Your remark that polls showed Carter ahead can work both ways. If polling shows Trump to be ahead, he still could lose, even by a landslide.  I would hate to see this nation under Trump, who doesn't know jack about governance, and thinks going bankrupt is the way to get ahead, and grabs girls and women by the p@$$y as a way to get acquainted. Maybe he and his buddy Vladimir can fix everything up in the Middle East?  Frankly, I think anyone who admires Trump is a creep, imbecile, or sociopath.  But hey! that's half the whities in Amurca!",0,1
"""the men""? You mean the bishops? Prove they don't love homosexuals. Prove it. Homosexual activity is evil. Its simple. All people are to be loved, not used as objects. Homosexual activity uses another person as an object to masturbate with.  Not so nice!",0,1
I got proof. too bad you don't believe the facts. sucks to be you.,0,1
"Jake you sure put a lot of misguided trust in god. For god in her infinite wisdom doss not interfere when politicians rely on her  to provide a pathway to hold their elected offices.  She allows fools to do foolish  things all on their own, just like she allowed you to post such nonsense.",0,1
"When are these old white guys, (Newt Gingrinch) going to learn: You don't pick a fight with Fox's Megyn Kelly? She'll rip you to shreds.",0,1
"guffaw! Newt schooled her on her hypocrisy...she is right up there with sick radical Islamists who are obsessed with sex.    why don't you read her Howard Stern interview and then get back with us, eh?",0,1
"Oh Horse S- - - !
Then woman Democratic voters are alienated from the Democratic party because of Bill Clintons womanizing, Rape and sexual predator conduct! !!!... Nice  #$@!&$  try ADN.",0,1
"Wow...let me guess, you support Christian only invocations? And invocations should be banned from government meetings if someone is prohibited from offering invocation because the members of the assembly disapprove of the religion or group. It's illegal and the court will rule against this asinine rule while taxpayers foot the bill.",0,1
"Sadly, a majority of Canadian 'elected' this buffoon and now have to wear the consequences with those of us who voted against him.  It would be childish to remind you that we told you so, so I won't say that.  For those young adults who were voting for the first time: You didn't know any better. You can fix your mistake in 3 yrs time, so don't be stupid a second time.  
What irks me the most is the older and experienced voters who should, obviously, have known better, still voted for this sorry excuse of a PM.  And anybody who had more than 3 brain cells should have seen right through 'Sunny way' rhetoric a mile away.  He has no plan, no new ideas, no clue, and Canadians foolishly gave him a majority on his first time out.  Canadians at least had Harper on a short leash for his first term.  Liberal voters set loose Trudeau 2.0 with no safety net or even water-wings to pull the levers of a G8 country with absolutely zero clue.  I hope more Canadians hold him to account this way.",0,1
Remember when Newt Gingrich shut down the entire damn government in a baby tantrum about having to leave Air Force One by the back door? These are the Republicans who have been given so much power. What a bunch of useless children.,0,1
"After Hillary wins this sort of nonsense won't be tolerated. Those arrogant white men will go to jail, or maybe to one of the FEMA work and re-education camps.",0,1
"i ask your forgiveness - not my intent to diss pigs.    intent is to diss trump  and his describing every woman who said""no"" to him as a ""fat pig"" .  he's getting so FFFAAAATTTT? god i love saying it - him going all porker is t the most justice i've seen in years...",0,1
"Some interesting and really creepy quotes by Richardson here:
https://youtu.be/-OMkqQ9-ZQE
He reminds me of Trump because he says really ignorant things and feels entitled to violate women. I hope he chokes, literally and figuratively.",0,1
"If she were intelligent she wouldn't catch her self up in so many stupid lies... under fire in Bosnia, classified emails even the FBI said she lied on that, a YouTube video caused benghazi, claiming she was dead broke leaving the white house then buying two multimillion dollar homes... if she were intelligent she would be able to tell us what she accomplished as Secretary of State beside killing fellow Americans by denying help, sleeping through presidential briefings, accepting donations from foreign governments for favors, keeping CLASSIFIED information on a homebrew server...  Lmao yeah she's real intelligent.",0,1
Toss his ass in Leavenworth for awhile if he can't pay it back.,0,1
"Fred, you really are donkey.  We didn't abandon the cats or neglect to get them neutered, your friends did.  We're only trying to ""Civilly"" manage the problem ignorant people like you created.  TNRM groups offer solutions and alternatives to your knee jerk reaction of extermination.  Our main goal is to control the pet population by getting every free roaming cat fixed.  We find homes for 100's of them and most of us have multiple cats of our own that we have adopted from these colonies.  I have 9 rescue cats myself and for that I'm sure you perceive me as weak or some kind of a wus.  I'm sure when we meet you'll immediately dismiss that foolish notion.  But talk about being ignorant and not knowing the facts;  toxoplasmosis is mainly in kittens feces and kittens are the first ones we extract from the colonies and find homes for.  Scientists are also working on an organic compound that can be mixed into the soil that kills the parasite.  There are alternatives and we're finding more.",0,1
"Nice diversion from the political crap that floods the news. Obviously rope with ice frozen on it. Or, maybe it's the dreaded ~~~~~~~~~~~",0,1
"CETA is about corporations controlling everything.  Look at the WWF report that over-production and over-consumption by humans have wiped out 1/2 of the planet's species.  This ridiculous, constant quest for ""growth"" is killing the planet.  We can't eat money, and we can't drink oil.  The environment MUST be protected, and allowing corporations to continually sue for ""lost profits"" is a sure-fire path to mass obliteration of species.",0,1
"~
Really, Mr.Minshall, ""the Blood Countess"", ""Oval Orifice"" and ""cellulite-stuffed pantsuit""???  How are your points enhanced by your  being so sophomoric and superficial?

Go ahead and hate Clinton (and what you claim are ""her Zionist masters"") for her alleged foreign policy positions.  But when you deride her physical appearance & attire, you sound like a Trumpian jerk, IMHO.

PS:  Please offer an evidence-link for your claim that Clinton has been ""promising to nuke us for the last eight years....""
~",0,1
No what I picked out of your comment was charged with partisanship..  which needs to be pointed out from time to time especially with you.  You condemn them for things you support within your own political party. The only thing THAT proves.. is your own hypocrisy.,0,1
"j4u: of course i'm partisan. And? So are 99% of posters here - very much including you, no matter how much you try to deny it. That's your hypocrisy.
I repeat: The changes to the senator approval process are positive. Learn to live with it. There will be a lot more changes coming thru - that's why we voted the liberal party into government. We wanted positive change.
Keep up the negativity and the liberals will be in power for 20 years. Your choice, of course.",0,1
"Lemmee outta this bible thumping borough! I cannot believe they don't understand what they are doing! Have we just elected smart people or stupid, mindless, godists? Well, actually, one ran on this issue alone. He was pissed about the Satanic thing. He's on the radio as I type. What kind of place am I living in??? The belly of the beast, indeed...",0,1
"And taking audits away from natives reserves shows leaderships? How is this helping them when non of money gets to the end user???

Justin has broken alllllllll his key campaign pledges to natives. I don't hear any Liberal parisites crying about that. No No he kept his spending on the statues quo promises and created  a 100 billion structural deficit to boot. 

Truly he Liberals are what Harper would be if he decided to spend like a foolish drunk.",0,1
Arrogant gringos garbachos stole Alaska from Mexico!,0,1
"So well and firmly stated, Chris!  Thanks so very much.  It is already distributed to my mailing list and posted on Face Book.  Do you also count yourself as a ""Nasty Woman""?  When will we meet to chat?  All my love,  Tom",0,1
"Sorry kiddo. Supporting Trump precludes you from being decent, good, smart, thinking, or honorable. I suppose you can still be independent, hard working, and educated, though I'm really not sure about that last one. 

Trump has absolutely nothing to offer anyone decent. He's just disgusting not to mention dishonest, stupid as a box of rocks, uneducated, and unbelievably ignorant. That is not a complete list.",0,1
"Gee, what about the purpose of the Al Smith dinner, which raises about $6 million for Catholic Charities? I can pretty well guarantee the next one will return us to a more civil event, given that Trump won't be invited again...

Stop because he was a jerk in it? HARDLY.",0,1
"She did a great job letting Newt make himself look like an unhinged lunatic, which he is.",0,1
Just pointing out that the gay life choice in unnatural and unhealthy.  5% of the demographic with 81% of the cases.,0,1
You are not a good person.,0,1
"Not so easy

there are some things that may be legal but are unethical

because the law is a (an) ass",0,1
rip the baby out of the pussy party,0,1
who writes these swiss cheese lobbying laws the liberal rats can just slink right past ?,0,1
"whatever wins (to say ""whoever"" would imply that each of these sorry sacks o' shit are respectable people), i'm going to do as i've done since day 1- keep on truckin'.  

life's too short to whine for the next four yrs.  and neither of these parasites are worthy of anybody's concerns.

i wish more people would recognize this truth.",0,1
"I have nothing against Mexicans, bisexuals or small people but that sculpture sucks.",0,1
"It's far worse than waffling! She actually supported the creep until the tape revealed he likes to brag about sexually assaulting white women. The ""Mexicans are rapists,"" ""We have to ban all Muslims from entering the US, ""women are pigs,"" ""women must be punished with jail for having an abortion,"" ""I prefer war heroes who weren't captured,"" and I could go on and on and on, but I won't. Not to mention he is a liar, scam artist, cheat, philanderer, misogynist, xenophobe, racist bigot, NONE of that was enough to get Lisa to stop supporting him; it took the tape for her to disavow him. Pathetic. She doesn't deserve to be in the Senate. She is a disgrace.",0,1
This is an issue? How silly.,0,1
"Jonah continues his desperate NeverTrump nonsense, and the Register-Guard, in its quest to look balanced by printing something, anything, written by a known conservative, complies. Pathetic excuse for journalism by both Goldberg and the R-G.",0,1
"I ride(not as long as you), but i ride like no one sees me and everyone in a car is an idiot. It has kept me up right so far. I am saddened every time I see a motorcycle go down and i feel for the family.",0,1
Too right. That clown and his followers have next to zero influence. They'll be the ones crying at the TV about not being invited to the party they didn't want to happen at the first place.,0,1
"I also saw the comment on the Save Our City. Yes, whoever U are. Thank U for the factual information to help voters like myself understand what kind of a Lying Democrat we have. Sorry to say but Djou has been honest, professional and caring. I will for the first time give a Republican a chance as Caldwell is such a bad person and the people who comment and support him should get exposed and investigated. Is this what U teach your kids? Take money and steal from the pure rather then to help the unfortunate!  SAD AND DISGUSTING KIRK!!!",0,1
"Stupid travel doctors keep telling people to take this drug. I tried it once and the side effects were bad, inflammation, upset stomach and depression. Never took it again. Doc's kept telling me to take it when traveling.  I don't think it is much different than cloraquine. Doxy is another one that causes cancer, stupid doc's tell you to take that too. 
Malaria is a disease that can be cured in a few days, the important part is to be aware of the symptoms and take the drugs when you get a high fever.",0,1
horseshit,0,1
Cut them all. Return it to an educational institution. It's not a farm team.,0,1
Nonsense again.,0,1
"Hillary was right. 

Trump supporters are a basket of deplorables.",0,1
".... ""monster?""  ......  Hyperbole like that doesn't do much more than degrade the value of language into sloganeering..    Pol Pot was a monster. Or do you disagree?  Hitler was a monster? Or do you disagree?Those who carried out mass executions on their behalf were monsters, or gullible  sadists , Do you disagree- - How is it you manage to use the same language to define Hillary Clinton? Do you always paint with such a broad brush-stroke? What is it that leads you to describe her as a ""monster""?",0,1
The F-35 is a proven piece of junk and grossly inadequate for Canada's requirements. Not even the USA likes it and they built the damned thing.,0,1
"Angela Stenger AKA Angela Kaaihue, Aulani Kaaihue, and lead candidate for being the crazy cat lady of Pearl City = One very rotten apple.",0,1
"Invoking the fifth amendment is a constitutional right that all Americans have. You don't like the Constitution all of a sudden?

Hillary didn't murder anyone either. My god. You are clearly insane.",0,1
Exactly! Their camp has generators that run on fuel. They all drove there and many flew on airplanes from around the world. They are bringing in firewood by the semi load. They are always driving around. What is their carbon footprint? Hypocrite is a good term for sure.,0,1
Perhaps you can point us to a customer who claims it's a piece of junk.....waiting.....still waiting....dip$hit,0,1
"Troll harder Bob.

LRAD, rubber bullets, bean bags, pepper spray and batons are being used against peaceful protestors. 

That makes the police useless thugs, along with the national guard who are helping.",0,1
"First you crazy Jesus freaks tell us everything on the Earth ""God"" made.  Then, you claim that his, ""son"" Jesus doesn't want us to use it?

Make up your mind, Ned Flanders.

""Let it grow...let it grow...greatly yield""!",0,1
Only way to fix the economy and the country is to impeach Trudeau and his cabinet of clowns.,0,1
"It isn't ""blatant hypocrisy"", it's EPIC hypocrisy.  The Obamas invite filthy misogynist rappers to the WH as role models for their daughters.",0,1
Collectively the Clinton campaign group have to be the dumbest group of people to ever use the internet.,0,1
"Haha!

Your first link tells us the USA is 9th on the list of the world, in IQ. I always thought, WE'RE NUMBER ONE!
Ooops!

Then your list from US News, is just some reporters extrapolation of the estimated IQs of presidents going back to Washington. Did they even measure IQs in the 18th century?  This, I'm afraid, falls into the category of ""junk science.""

In any event, when it comes to ranking presidents, W. is pretty far down the list. Lower than Carter, Nixon, and Kennedy, among others, but ahead of Reagan. Ooops! 

Joe, take your junk science, and peddle it somewhere else, like Faux News.",0,1
"Comey is not stupid and he might also prove that he is no one's 
lacky; however, he will just ""play it straight""; answer all of the questions 
and not have to volunteer anything. 
 After all, Obama and Lynch can't tell him to lie to Congress.  He might look foolish laying out this case when not 
recommending prosecution but he might be wiser beyond our thinking because 
now he will just be responding to questions ""under oath.    That's my take 
on this scenario.  This could come out to be the biggest fake-out in 
American history and, possibly, the only way to take down a liar and 
dishonest government official who is being ""protected"".  It might, actually, 
be worse than anything Hillary and Bill ever imagined.   Who knows; maybe 
this will also carry into the Foundation crap as well.  We will see. --  

""Look, the average Democrat voter is just plain stupid.  They're easy to 
manipulate.  That's the easy part."" - Hillary Clinton, 2005",0,1
"Obama threatens to slice off his dick, but somebody, we don't know who, complained...",0,1
"I don't understand the arguments at all -- carrying a cell phone does NOT make you, or what you are doing, ""safer"" in any way!  A cell phone cannot prevent you from falling though the ice of a lake or river, or from hitting a hidden stump, or from colliding with a moose.  ALL it can do is help with the aftereffects.  I fear that this will only give a false sense of ""security' to the e-gadget obsessed participants, and diminish the spirit of the race.  How pathetic.",0,1
"This plan sucks, is not working,  and is headed for complete failure if not this year then next year.  20% + premium increases are not affordable.  Actually going up faster then before Obama Care.  Headed for a brick wall.",0,1
"Are the megaprojects a need or a want? The Juneau road, for instance, is something you want, not need.  The expense needs to be cut and it won't even hurt.

Democrats attempted to eliminate funding for megaprojects that the state does not need but Republicans refused to eliminate any of them. How do you consider that fiscally responsible?

The tax policy amendments that Democrats attempted to include to protect the state at low prices, why did your majority shoot down every one without any discussion?  Why didn't you want to protect the state at low prices?  Even Parnell said you failed!

So we all know we have a group of Conoco employees in the legislature who pushed SB21 and this is the real reason the state is facing this budget 'crisis'.  This group complains and blames Democrats while they have directly violated the Alaska Constitutuion with SB21.  Why in the hell would you think that we want to stick with the same corrupt bastards club?  We're not as stupid as you had hoped.",0,1
Yes they can and yes they should. He wouldn't be in that position unless that scumbag tried to kill him. If you get in a car accident because someone ran a red light and you die in the hospital you still died because of the wreck.,0,1
Where have you been all the years while your party has been wallowing in corruption? Not a peep out of you or the other hypocrites who comment about Clinton.  You all have zero credibility and no room to talk or complain.,0,1
"Let's get out our pitch forks and run them out of town, said the village idiot.  Great, they make money in Alaska off of old investments.  Maybe they'll keep investing in new projects because if they don't lack of oil production will make AK's current finical problems seem like nothing.",0,1
"The Shrub was indeed a buffoon, Wavemaker, and an irresponsible warmonger who should have been hung for his treason in not only pointlessly invading Iraq but for condoning the US torture of terrorist suspects.  However, even he did not needlessly and constantly poke the Russian bear and threaten to instigate nuclear war with that nation, as Hillary seems bent on doing (at the behest of her sociopathic neocon masters).

If I had to chose between allegations of sexual misconduct, and the threat of nuclear war that could end all life on earth, I would chose the allegations of sexual misconduct, thank you very much.",0,1
gary - Your self-admiration is nauseating.,0,1
"I feel Hillary is corrupt. I can't prove it, but I would not deny she has accepted bribes in some form. However, since the republicants have 
1) Blocked the President's Supreme Court nomination and 
2) Nominated a fool with no intelligence, political experience, and no discernible grasp on reality,
I will be voting for Clinton even if she is in handcuffs or her deathbed on November 8th. Which is a scenario I highly doubt will occur, given how fruitless the Benghazi hearings and email investigations have been.",0,1
"They're not patriots. They're vandals, thieves, and bullies. They've plastered a facade of patriotism over their outrage at being expected to obey the law.",0,1
"How do you die from eye surgery? I was an SICU nurse for years. There's more going on here. Was it complications of anesthesia? Stroke? Medication error?

Condolences to the family. I hope they find peace. Regardless of the circumstances, may the scumbag who shot him rot forever.",0,1
"I don't know if you knew this, Pepe, but YOU are an animal. A primate, just like the apes. :)",0,1
"I am laughing my butt off here.....

I spent 20 years in this building, well, actually 19 years, and nearly one in the Northwest corner of the old City Hall whilst it was being built.

There was a time whence KFC had a front there, as well as other establishments that served food, and up to the Lee family business, which they ran well, as well as representations of the Covenant House, which did NOT run so well, and for the entire time, sometimes better, but mostimes worse, the Transit Center was a place of crime.

I cannot count the number of times I had seen committed within the context of drug dealing utilizing underage runners from the now nonexistent Inlet Inn back and forth to the Transit Center, the Covenant House kids taking part in illegal activities, not only within impunity, but with full support of their sponsors, individuals passed out all over the place, marked by traffic cones, etc.

But it was never an issue, so long as it was contained within the Transit Center.

Idiots",0,1
"Apparently Powell is perahps not alone in his possible effects to expose Hillary. After watching liberals all morn fill their pants on MSNBC, CNN, ABC over FBI Director James Comey’s latest Clinton revelation the only thing I have to try is not to laugh so hard at Hillary and many fools. 

Talk about ""Try a little harder next time."" Maybe you have an entertaining democrat party excuse as to why this morning in light of Comey’s latest Clinton revelation Madonna has doubled down on her offers of free oral sex to every man in America who votes for Hillary Clinton.",0,1
"Yeah.  I miss the ability to block certain people who simply repeat nonsense, or carp, as you call it. :-)",0,1
"Most people are selfish thieves when given the chance (and if you disagree with that then explain why we have public debts that are not resisted by a majority of the population). Stealing from faceless, nameless people of the future makes it that much easier",0,1
Thank you for the dumbed down generation of the uniformed and lightly educated.,0,1
"Where in india are there too many brown people, bigot? Name the town. The street, the house? Which indian family do you think shouldn't exist ?",0,1
Now this is pretty funny: I see that 'ol Bussel ups you because he is so dumb that he thinks you are on The Orange One's team!,0,1
"Oooooh! Scary black man is gonna come get you! Run, cracker, run! He's gonna rape your _____and____!",0,1
"It takes a lot of real outside of the box thinking for these high school kids to vote for the Democrat incumbent in every single race. If they knew anything about what Ron Wyden did to keep the TPP alive and what it means for our country he wouldn't have garnered a single vote... If they knew how little Pete DeFazio had actually accomplished in his 30 years in Congress... He wouldn't have received one vote either. If they knew that here Hillary Clinton was a serial killer with 111 kills under her belt, a hopelessly corrupt and dishonest politician who openly runs a clearinghouse for bribes disguised as a foundation she wouldn't have received any votes either. Children are graduating from high school not knowing anything about what's really going on in the world to shame and it's pathetic. No wonder their test scores are so low and they can't compete in the real world",0,1
"Um, your comment - the one I replied to - brings up linemen and electricians.  So I guess this marks you as ignorant of the subject matter, Jay? Hm?",0,1
"Hello Crispina, I now post using my own name.  I am proud of the ethical and logical balance of all my comments. Do you know what you are talking about, specifically? What is your complaint? When I posted as jjp58, I did not claim to be a woman, I was ambiguous.

I think you are nothing but a trouble-making troll. Unless you have specific charges against me, which so far you do not, I suggest that you buzz off, and good riddance, troll from who knows where.",0,1
So basically this article says that Lockheed wants Canada to buy its crap.  This is what passes for news these days?  LOL,0,1
"This ""service duck"" stuff is so much crap.. Service dog is an animal trained to provide sight for the blind, one trained to perform necessary functions for handicapped, not some stinky little (insert specie) critter who's owner thinks it's cute to drag around thru resteurants, grocery stores - and yes - airlines.. If your mind is so screwed you can't live without a comfort animal - get a teddy bear",0,1
"Ah, so sad. It certainly does seem to bother the trolls.",0,1
"Oh come on now Charlie. We all know Dump has no real plans other than to enrich himself and his spoiled children. I know he spouts the nonsense you enjoy, but he makes no sense and has the nerve to actually call Hillary the liar when he has spread more lies in the last year than she has in her life. He knows you will lap it up.

Bring back law and order? Crime statistics show lower levels for most crimes and in most areas, so is it paranoia you suffer from or what?",0,1
"Jay Yakopatz, you're a buzzkill!",0,1
"Indeed, her weak agenda has been overlooked due to the Trump Circus. Although Hillary presents herself as the most Presidential, she will NOT bring change and we can't risk more of the same. Much liberal direction and philosophy is classicaly oppositional and traps voters and fleeces the country, i.e., Bernie. Think about it..nothing says your standing up against greed like banding together to demand free stuff. Really??  OR the entrapment of the poor with more free stuff, keep them dependent, mildly comfortable and in trade ""we"" get their vote and promise to keep the free stuff coming. Entrapment, not help, pure and simple. With Hillary we get more of this goofy crap and a poor economic and foreign policy to boot. I am voting Trump. Do I like him..no I cannot stand him - he will be a hugh embarrassment. I am voting for his ""list"" and putting my faith in Pense, the Constitution and the Congress to keep him ""busy"" while carrying out work on ""the list"".   It's what we need DESPERATELY,",0,1
"Uh are you dimwitted or what? If you don't know these laws you should google something or speak with the professionals.  You do travel with papers that are signed by a doctor that verify your need for a service animal.  It can be a note scribbled on a prescription pad or a short letter but it never says why you need the animal.  

Only simply that you do need the animal.  That's the point, she had the email from her doctor specifiying her need for the animal which is all that's required.  These people wanted to know the reason for her need of the dog and that's NONE OF THEIR DAMN BUSINESS.  Now this is what will happen.  I know from personal experience. Quite a few ppl will be fired because crap rolls downhill.  She will settle this out of court they will give her free flights for like a year and some monetary amount that she won't be able to discuss because they don't want the negative publicity.  I've gone this road and won more than once.",0,1
"Jay...I dispute EVERYTHING you said....I'm not running them all down for you, except for the cartel nonsense....Alaska's best move was to nail the border down ... ANYONE on any paperwork or involved in the operation HAS to be a Resident of Alaska! Period..California has always been stupid.  Oh yeah...and there's a time and a place for everything....It's about both trust and money...My husband was a school janitor for over 20 years and he was NEVER stoned at work ! NOT ONCE! Do you really believe any worthy Surgeon would jeopardize that?  Get real....Go watch ""Reefer Madness"" one more time.",0,1
"Can we all agree that Hillary Clinton is a dispicable human being... corrupt, greedy and willing to lie her way to the top? Can we agree to prosecute her and put her in prison along with her rapist husband Billy Clinton?",0,1
"These big immigration corrupt greedy selfish fraudsters Barton, McCallum etc. are in the business of hurting Canada and Canadians, they are just concerned about pleasing the private sector and special interests. It is obviously a much better idea to have population growth come from more Canadian babies, focus on Canadian families. The fact this wasn't included in their 'big' proposal to grow the population is one of many indications that this is a garbage proposal. Actually the exact opposite is true, in order to fix the Canadian economy we need to immediately substantially reduce immigration and foreign workers. To increase employment of Canadians, increase aggregate demand etc. Even Yellen from the US Federal Reserve agrees that running a tight economy, which importantly includes reducing immigration and foreign workers, is the only way to fix the economy. http://www.cnbc.com/2016/10/14/yellen-fed-might-want-to-run-a-high-pressure-economy.html   Email MPs today to fix the economy.",0,1
Now take him out back and put a bullet through his head.,0,1
"It would be nice if America woke up but the dem. party marketing, with the support of the main stream media have successfully indoctrinated their voters. No amount of evidence will sway the loyal subjects,   no amount of corruption will the loyal dem. voter allow to get in the way of their support of who they have been told to vote for. It is so sad to see the puppets dancing to the dem. leaders, or maybe calling the dem. leaders puppet masters is more appropriate.  There is no fool as big as the fool who has allowed themselves to be continually used despite massive evidence they are being played as a fool. The dem. party is full of fools.",0,1
"Trump is a rich New Yorker and Hillary is a rich, crooked, liberal, leftist, lying,New Yorker.  

I suspect Alaska will vote for the honest rich New Yorker.",0,1
So the signs that these protesters hold are anti oil and gas and talk about global warming. How can they then justify their own massive carbon footprints caused by all these flights down to North Dakota? Should they not practice what they preach? It reminds me of these Hollywood actors and actresses who have the same message yet live in multiple mansions and are always flying. Hypocrites!,0,1
"Will or did Lisa Wade and Julien Jacobs walk, mush, ride a pony, paddle to North Dakota to be one with the 50 some odd protesters in North Dakota?  No they fly in oil burning jet airliners and drive in Carbon spewing SUVS... what hypocrites....",0,1
"The issues you cite are total petty nonsense! As you are well aware, Comey cleared HRC back in July:  ""our judgment is that no reasonable prosecutor would bring a case... we cannot find a case that would support bringing criminal charges on these facts.""     

Like Bernie, I am ""sick of the  da@m emails"" and we need to be discussing important issues.  Trump is an inexperienced,  racist, and misogynist  who is totally unfit to assume the presidency.  Election tampering tactics are a serious threat to our democracy, and they are illegal!",0,1
"Libs. can support  the NDP motion, but it comes down to ""SHOW ME THE MONEY""

Liberal promises mean nothing.

PS

This new comment system sucks!",0,1
"White people have organized crime, we have Chief and council,

Cree Comedian on APTN talk show.",0,1
"Right.   Which makes him and his party hypocrites.    It does NOT mean that they are selling access, and the Globe's feeble attempt to use stats to ""prove"" their hypothesis fails in many ways.",0,1
"Liberals seem to assume that, if you don't believe in their particular political solutions, then you don't really care about the people that they claim to want to help. 

Thomas Sowell

When you throw around words like racist with no thought in mind to what is being said I find you ;

Never argue with a fool. Onlookers may not be able to tell the difference!

Mark Twain",0,1
Killing the middle class one insurance policy at a time...,0,1
"Is that because she, like her husband, thinks with her genitals?",0,1
"I grant you Pandora that Lynch's action were a stupid ""violation of professional protocol,"" but a modicum of logic is required to note that that violation has does not justify nor is in any way relevant to the equally correct judgement that Comey's ""violation of professional protocol"" was equally a violation and equally stupid.

Isn't there a moral aphorism something to the effect that two wrongs don't make a right?",0,1
"Edmiston said: “I finally pried the dog’s mouth open. The cops didn’t do it.”
FALSE 
I guarantee that the dog only let go because his handler made him, not because this fool thought he did.",0,1
Lol. But you'll vote for the wife of a rapist/sex fiend.,0,1
"That's better than voting for Trump, who IS a rapist/sex fiend.",0,1
"So you have no morals - congrats on that, loser.",0,1
"""Idiots are bound to exist"" was my point as well. Eugenean was trying to make the case that ""hunters"" would not be so careless.

I should note that the several hundred shooting accidents were hunting accidents, not gun-related violence in general. There are 10M+ hunters, so still a good ratio compared to the number of accidents.",0,1
they need to be putting in a bunch of security cameras in and around all the schools to catch all these jerks. It keeps costing thousands of dollars to replace or repair each of these playgrounds plus broken windows and other damage.,0,1
"Either you are a helpless partisan, or dumb as a rock.... 
Most likely the latter...",0,1
Anyone who votes for Clinton is NOT Catholic...period.   You are condoning abortion which is an abomination in the eyes of our Lord. Hypocrites all of you!,0,1
"And being ""extremely negligent"" with classified information is not far more immoral and moronic?  Oh, dear.",0,1
thats what I thought... You're an embarrassment.,0,1
"I hear more and more criminals using the ""I made a mistake"" defense... Hillary is a pioneer amongst criminals!",0,1
"Like you, you mean? You're as trollish as they come. Actually--and I know this will be news to you--the fact that someone doesn't agree with you doesn't make them a troll, it makes them informed.",0,1
The DNC is a hive of scum and villainy that makes Mos Eisley look like Grover's Corners.,0,1
"Exactly.   EG:

http://news.nationalpost.com/news/canada/canadian-politics/pms-chief-of-staff-latest-to-jump-into-ontario-election

http://ottawacitizen.com/news/local-news/the-gargoyle-abdul-abdi-and-the-case-of-the-curious-fundraiser

http://ottawacitizen.com/news/politics/the-gargoyle-baird-featured-at-500-per-head-hudak-fundraiser


Does this make it right?   No, but it makes those CPC MP's and supporters who are howling the loudest blatant hypocrites.",0,1
"Typical libs in perpetual denial.. when Brazile was confronted with her own words from a Wikileaks e mail to the affect "" sometimes I get these questions in advance"" all she could do was spew a bunch of nonsense about being a Christian woman and that the e mails were stolen!!! This is just like a Hillary.. if caught red handed, admit NOTHING and deny deny deny.. All based on the liberal premise that voters are too stupid to know better. The arrogance know no bounds!",0,1
It has a lot more to do with media bias than the Conservatives. Our national media are mostly carrying the water for these corrupt Liberals.,0,1
Zuri your a shoe in for that OHA position you applied for - you sure are working hard to get it by kissing a lot of OHA bottom (which when you think of where that bottom has been is pretty gross).,0,1
Better a dumb voter than an informed one.....,0,1
"Holy crap Gerson, write in Condi ""mushroom clouds"" Rice? She who ignored the warnings that a 9-11 style attack was imminent and did her damnedest to create the lies that terrorized the American people into supporting Bush's disaster of invading a sovereign nation based on yet more lies? You don't live in the real world anymore dude. Gotta say you have a good grasp on the totally unfit Trump but to suggest that a war monger like Rice would be a valid substitute is deranged thinking.",0,1
It's about time some of these arrogant pieces of garbage called liberals were held accountable.,0,1
"So you admire the fact that Trump is a con man and you drink his kook aid: ""The FACT is that Trump just proved to the world why he needs to run: to reduce and make simpler the ever-growing tax bureaucracy that LET HIM ESCAPE PAYING IN THE FIRST PLACE."" 

So, assuming, argendo, that what the wing nuts say about Clinton is true; she's a murderess, a consummate liar, has escaped prosecution for multiple crimes we should praise her for doing a public service by demonstrating how easy it is to get away with murder, corrupting the government and in and on.  Wow! Hillary Clinton is a hero, digging out corruption everywhere--just like Trump--by committing crimes and getting away with it.  Brilliant! 

And what ""service"" to our country has Trump's numerous assaults on women and children been? Are our laws against sexual predation by the ultra rich elite too weak? That must be it! Thank GOD Trump came along to ""prove"" that by his criminal actions, which he continues to indulge. 

Idiot.",0,1
Just because they both know obizzle is a pussy doesn't mean there's a bromance.,0,1
"When will these half-wit ""progressives"" ever learn?  In a word no. they are insane according to Einstein",0,1
And I found the first fool .,0,1
It would be nice if we could sort out the dumb ones without a margin of error.,0,1
"Robert Fool Bear Sr. is a member of the Standing Rock Sioux tribe. In fact, he’s a tribal leader, serving as the district chairman of Cannon Ball, the tribal community located just a few miles from the often unlawful and sometimes violent protests against the Dakota Access Pipeline. Fool Bear has had it with the protesters, ""go down to the camps"", he says, and you won’t see many Standing Rock Sioux. “It irks me. People are here from all over the world,” he says. “If they could come from other planets, I think they would.” He wishes Dave Archambault II, the Standing Rock Sioux chairman, would speak up.

“If he had any balls, he’d tell the protesters to go home,” Fool Bear says.",0,1
"But wait - he could SHOOT YOU on that city block in front of witnesses... and he wouldn't lose a vote!

Just sayin' :')",0,1
"They weren't talking about grandchildren and golf in the back of Lynch's private jet? There must be some sort of mistake. The secret meeting couldn't have been another act of deception of the American people to cover-up Hillary's treason.

Well, Trump did say ""pussy"" which made someone at the DNC lose their salmon rillettes-and-quinoa salad they had for lunch.",0,1
"It's only a ""scandal"" because civil beat says it was. How ya like that, civil beat? He was found not guilty! Your rush to judgement and UNETHICAL ""news reporting"" about Mr. Kenoi and other topics and events is despicable. DESPICABLE.",0,1
The comment should then be directed at what Trump said rather than poking fun at a any perceived physical abnormality. Otherwise the whole debate can degenerate even further than it has. Trump is a jerk but let's try rise above his debase comments or we become similar to him. Just saying!,0,1
"Maybe just surprised and dumb? Because they did endorse him, just like they did four years ago. Remember the vocal minority who vowed to resign from the sierra club, never donate again, etc etc. Looks like they SC got along fine without those cayetano supporters, and continue to look at the big picture, which in this case is Djou would be a disaster.",0,1
Agreed.  They all need to be in jail. They are nothing but a corrupt criminal gang.,0,1
"Idiot. He knew what he was doing. Did you really think you needed to grab buyers with free samples? You didn't and you are gonna pay the price. Thorpe just gave the industry another negative blow after hard work to make it a positive venture, one that the people supported him in making. I say they hit Thorpe with a large fine and 10 month wait on his license, let the legal entrepreneurs benefit from the large first wave.",0,1
Being a fat slob is not a disability.,0,1
Trudeau planning for 12 years is a joke.  This airhead is destined to be a one-term wonder.,0,1
"And there it is, folks.

The Republican Majority - those who brought you SB21, The Taj Mahawker, The MacKinnon Mine Road & Slalom Course, & a host of pork-barrel spending projects, while refusing to address the deficit & possible crash of Alaska's economy, whom refused to entertain ANY solution or suggestion brought forward by the democratic minority, whom also refused to vote on Gov. Walker's PFD grab,  leaving the entire mess in his lap while bemoaning the fates & their complete helplessness to do anything about Mean 'Ol Walker & how It's All His Fault, this thoroughly corrupt, bought-and-paid-for group of oil-company lackeys who count among them 2 oil-company EMPLOYEES, has already decided the election before it's begun.

They don't need your votes, they've already won because they -know- Alaskan's are STUPID. And next session, they will get the REST of the Permanent Fund, instead of just the Earnings Reserve.

So go ahead, vote them R - Incumbents back in. Stupid is as Stupid does!",0,1
"Still living a denial. Trump all about the money. He is all about criminal activity, he sold out America to Russia. Every day more of the crime of Trump comes out.  Trump is a scum bag. Hillary is much less a threat than Trump.

There--I fixed for you.",0,1
"Women can be very horrible users and abusers themselves,",0,1
"Jon Lovitz Pathological Liar character from Saturday Night Live is also seen as more honest than Hillary Clinton ... ""and you can bank on it.""",0,1
"“The newspapers operate in an amoral parallel universe where the bottom line is selling newspapers”.  Steve Coogan

and

“People care about what newspapers tell them to care about.”     Delia Parr

Comey came out with no charges again Clinton and the Democrates were all behind him now more emails and they are all against him?

“Politicians and diapers must be changed often, and for the same reason.”   ― Mark Twain

With opitions, stupidity is not a handicap.”",0,1
"“Handguns are very intimate firearms.”

Very true. The most intimate really, seeing as how large guns are really just compensatory palliatives for their owners’ pelvic shortcomings. (Note to Trump voters: All that fancy language means making a big gun go boom helps you forget about your small penis.)

This post is intended as humor.",0,1
"I don't know about more honest, but Trump is clearly more transparent. Everyone knows he's a complete jackass - there's no question about it.",0,1
"Trump refuses to acknowledge that: he is racist, has no respect for women and is a bully. Where's the honesty again?",0,1
"Just print our own money, close all private owned banks and finance companies, make interest rates illegal, make politicians wages no more than whatever the average Canadian makes, then make sure we take fundraising and donations out of the political system altogether. Finally... just get rid of the party system. It's too divisive and creates a distraction so the rich can continue to own and control the government and the incredibly gullible and ignorant citizens.",0,1
His supporters MAY be book smart but sadly lack intelligence.,0,1
""" But, but, Hillary!"" Scream the Trump fanatics, who put him on a pedestal--if you can believe it--despite the fact that he is a sexual predator, fraud, cheater, mysoginist, racist and lifetime liar--to name a few. Unbelievable.",0,1
"You know, from the photo, I'd never have guessed the suspect was Black!! Your perception and subsequent insights (or is it ""incites?"")  must be younger and sharper tn mine - He looked white to me!!
Do you want to express the same disgust or disdain for Neo-Nazis, KKK, and the white crazies?",0,1
"The press won't reveal that these dorks, if not completely full of crap, would never been allowed into Canada, let alone FIND Alaska with a flashlight. I doubt this is a real story. Wonder what other 'quotes' these guys may have mumbled that would spike the fear meter in non-thinking rubes? Joe Miller Society members",0,1
"dembowski, you twat!",0,1
"As much as I'd like to see these fools removed from any further temptations to embarrass humanity maybe it's just as well that Oregon doesn't have to foot the tab.  Maybe Nevada is, ironically, the best place for them.",0,1
"""Who am I to judge?"" means very little when you just got fired for being gay while working for a church.",0,1
"The racist bigot leaps to connect every ill on earth to his hated black man daring to occupy the ""white"" house.",0,1
"By ""numb"" did you mean ""dumb""?",0,1
"I am reminded of Martin Luther King's ""Letter From A Birmingham Jail"". I am particularly reminded of this paragraph:

We know through painful experience that freedom is never voluntarily given by the oppressor; it must be demanded by the oppressed. Frankly, I have yet to engage in a direct action campaign that was ""well timed"" in the view of those who have not suffered unduly from the disease of segregation. For years now I have heard the word ""Wait!"" It rings in the ear of every Negro with piercing familiarity. This ""Wait"" has almost always meant ""Never."" We must come to see, with one of our distinguished jurists, that ""justice too long delayed is justice denied.""

Substitute ""homosexual"" for ""Negro"", and it rings true in this situation.",0,1
Oh yuck! Now you know why Republican States are poor as dirt. Tax break for the rich (oil companies) and tuition  increase for everyone else,0,1
"Sara, the American pubic is so senseless that voting for a A vulgar, boorish lout, with a serious impulse control problem; or a scheming, robotic liar with a lifelong appetite for power and an entourage riddled with bigots.

Which group do you fall into?",0,1
The Liberals are corrupt fund raisers. I think Liberals need a morals class.,0,1
yes  I ca imagine if they just capture the gas from the liberal crap alone it could run the govt.,0,1
Russian Troll----dont encourage him,0,1
"We would all be better off if we executed him with death penalty ,,, but since we don't have that here in Ak ,, with any luck someone in prison will rape him repeatedly then kill him !!! Just saying 😡😡",0,1
Hillary refuses to acknowledge she is a crook . Where's the honesty again?,0,1
Please put Mr. Tough Guy in a cage for the rest of his sorry wasted life..,0,1
"Three times nope.  But keep trying, and you'll eventually say something that isn't ridiculous.",0,1
One can't please all the people all the time.  The professor represents diversity every bit as much as black Americans do but PC liberals prejudge him and discriminate against his right to free speech.  Would liberals be equally upset over a black professor in white face?   No.,0,1
"This is stupid. They are doing EVERYTHING they can to drag their feet on this matter, meanwhile, other states have already started collecting taxes, and lots of them, that voted it in the same time AK did, yet the same gov't whines about a budget deficit.  I'm tired of government (city or otherwise) trying to void the peoples' vote.  I hope he sues. I think we all should.   It's legal to give pot away according to everything I've heard. (I could be wrong in this instance, but that's not the point to this comment).   I don't care much myself, but watching the state draaaaaaaaaag their feet and throw red-tape at everyone (by the roll), I think is WRONG.  This Demboski character is taking away the voice of the people.  I'm tired of her.  She suggested to reprimand someone who was legally protesting.  Does she think she above civil rights?!  Ugh.... anything to drag their feet.",0,1
"Even more sick of people such as yourself that upvote their own posts and hurl insults. Come up with something new, at least ma'am!",0,1
"I agree that Hillary has worked hard. Can you name any of her accomplishments as Sec. of State? Can you name any legislation she initiated that helped women and children? She supported NAFTA, putting people in jail for minor crimes, wanted to make black super predators heel, and her support for the defense of marriage act which banned gay marriages. She has called women trailer trash and bimbos that just happened to been involved with her husband. She is a stellar example of progressive policy. Write in Bernie Sanders, please!!",0,1
"He said, ""One is very dialogical, from a dialogical sense,..."" but what's going on there seems to be more like...'One is very diabolical, from a diabolical sense!' It is an abomination for a man to lie down with another man.",0,1
"sd, how much do you wanna bet that virtually every adverse poster here is a white or at least non-black who has no stake in this matter at all but is totally willing to jump in and ascribe adverse intent.  I find it disgusting.",0,1
What a knucklehead. How can anyone not know this would be offensive??,0,1
"I  am really offended

that no gay or  transgendered Senator has been selected by Trudeau

sarcasm",0,1
"I just enjoy calling out the trolls on here. They may call me a troll, as those that are guilty project onto those that expose them do, they may delete a few of my rebukes here and there because of their bruised egos, but I just keep posting. Until everyone stands up against these crybullies(folks that turn themselves into victims in order to win an argument, and then attempting to have the person that slighted them banned or attacked), they will continue to think that everyone on here but the same few people that upvote their posts like to read their vile hatespeech.",0,1
"I am a Vietnam veteran and I support Trump.  I detest what the idiot who wrote this article and many on the left are trying to do.  The article says ""Even as other voters abandon Trump, veterans remain among his most loyal supporters, an unlikely connection forged by the widening gulf they feel from other Americans.""  The widening gulf theme is repeated several times.  This idiot misses the point that we were/are veterans to protect the ones that stayed at home (the other Americans).  This is one more attempt to divide our country.  Unfortunately, the politics and yes, political correctness, is brewing divisevness where none existed before.  So, to Nicholas Confessore, get your head out of your derriere and stop trying to separate me from my fellow Americans!",0,1
"Where's ""Dave's not here Dave"" to defend the bear's actions against a teenager? It's only a matter of time before a teen or young child is mauled or killed by a bear due to this idiotic ""live with the bears"" mentality that is being used with bears in and around towns and communities.",0,1
I find the fact she attacked him for voting what his constituents wanted absolutely stupid being it happens to be his job . I gotta give it to him for not sticking it to her on committing fraud on the Alaskan people....say claiming expenses while on vacation.,0,1
"""It's time for a Mom in the White House. If you vote for Hillary you're an adult, if you vote for Donald you're a sucker and if you don't vote at all you're an a**hole."" —Louis C.K.",0,1
"Productive people (eg entrepreneurs, doctors, engineers, techies, architects, lawyers, etc.) tend to earn lots of money.  The current attitude of the provincial and federal Liberals (ie Mr Butts) is to tax the living crap out of them.  The problem is that the U.S. already taxes high income earners A LOT less.  What the current Liberals don't understand is that Wealthy people are the most mobile.  You just can't keep on increasing taxes on them without seriou repercussions.  Just like what Justin's daddy did, we're going to see another brain drain to greener pastures (eg United States, Hong Kong, Singapore, etc.).  Dumb, dumb, dumb...",0,1
"I have no problem voting for a women for President, I will not vote for the liar and thief women that is running for office now .",0,1
Clinton isn't a racist like Trump. So there's zero comparison.,0,1
Trump troll...,0,1
"Yes, Vince, forty damn years overdue for a new lineup.  I'm sick to death of what these Republicans have done to our great state.",0,1
Raymond Justice is a mental screw up who can do that,0,1
"Liberalism is what smart looks like to stupid people. Even from a not so good picture one can reasonable detail the lab coat, stethoscope, wild hair wig of a nutty professor in the after math of an experiment that exploded in his/her face no pun intended. 

President Schill and fellow whiners  would be most fortunate if they were to be wrapped together in bubble wrap and floated down the Willamette River. Whereby entering the Pacific Ocean and hopefully drift until coming to a deserted Island where they could live out their fantasies of racial and social injustice without making themselves appear anymore stupid then right now.",0,1
Touch my Tax Free Savings Account and you are dead.,0,1
"She's someone who is voluntarily leaving office with no axe to grind. I read Pruitt's website and watched his videos. If he ever had a clear thought in his head, it would have died of loneliness. The man is an airhead.",0,1
Hopefully he will get what he deserves in prison. A knife around his throat until he bleeds out!!! Prison is a warm place to land for a thing like him. Hope he rots in there.,0,1
"In other news, dismayed Canadians are now realizing that Trudeau is an incompetent fool who lied through his teeth about how much money he would squander. Yet they will still vote for the selfie-posing mannequin because the average citizen remains less intelligent than a turnip.",0,1
"The Obama's trash Hillary Clinton.  The truth always comes out.

https://youtu.be/jLPESWWPUJE

4 min 13 seconds.",0,1
"It's a shame that so much time, money & concern has, & will be spent (wasted), on a piece of human trash like this young murderer & misanthrope. The DP is far more effective.",0,1
Lieberals have run amock,0,1
Wow Kirk looks foolish,0,1
"There was never any wonder on that. It's because the scumbag Hillary looks at about half of the American population like that and urges her minions to repeat it as often as they can. DEPLORABLES is a political designation for opponets to Hillary. If/when elected, she will show her contempt for everyone not in her corner.",0,1
"Schandelmeier has some good points and some nice lines but he can never get through an article without a paternalistic, stupid sentence like this one: ""The hunters that hauled those rutty animals back to town are going to find their wives more finicky than my dog."" First off, can't he find a better comparison than wives to dogs? Second, it's hardly ""finicky"" to not want to eat something that he describe two sentences earlier as inedible. Third, there are plenty of women who hunt, caribou or otherwise. Not every woman is sitting at home waiting for her tough guy husband to come home with a dragged carcass and a load of patronizing BS.",0,1
"Socialism works great , only for as long as there are plenty of rich bastards to sponge off of ! 
When the self reliant middle class are squashed down and the wealthy are tapped out , 
there will only be two classes , the peasants and the elite !             jb49",0,1
"before this election, and despite having always lived a relatively normal and crime-free non-misogynistic lifestyle, i never realized how disgusting and despicable i truly am.  now i know. thank you, america.",0,1
"Yet this ""airhead"" has advanced himself as the next Speaker of the House. Lance reached his highest level of competency when he worked as a low-level employee at Sears. Voters should send him back to Sears!",0,1
"HOW could Trump be 'worse' than a lying, murdering, thieving career criminal that takes bribes from countries that murder gays, treat their women worse than their dogs and stands by as Christians are murdered because they won't convert? Let's not count all the 'mysterious' or 'coincidental' deaths that have followed her since she was fired from the Nixon investigation.",0,1
What junk!  No-one who sustained the Harper government can be called 'honourable'.,0,1
"""This is EXACTLY the same""

Dressing up as someone who's black is the same as dressing up as a Nazi or a KKK member?  I'll bet that makes black people feel good.",0,1
... If anybody here is a tiny head it would be the first person to cast insults lol. Trash,0,1
another useless article by the has been Caplan,0,1
"It's easy, the average Trump supporter is a racist.",0,1
"Wow, Lisa Ho looks foolish.",0,1
"I saw a ""white pride"" bumper sticker on a car here in Anchorage yesterday. Thanks heaps, Trump and your dimwitted followers, for the outpouring of racism we are currently battling.",0,1
"I will stand by my statement that liberalism is what smart looks like to stupid people. 

The letter states the real problem clearly enough. "" It doesn't matter if it was protected by the First Amendment."" I have legal news flash for the University of Oregon. Because the University is public and receives government tax dollars it is indeed bound to abide by the US constitution with All OF IT'S PROTECTION INCLUDED. Which should  tell everyone right off the signatories are anti-American, and perhaps even anti-America in their twisted PC nonsense. 

Secondly this H****S*** letter does not speak for everyone in ""our community"" And only sanctimonious hypocrites write letters being with ""Dear"" and ending with ""Sincerely"". 

Who do these stupid liberals believe they are kidding?",0,1
"Trump is a liar -- end of story.
If you lie about one thing, ypu will lie about anything.",0,1
The favouritism being granted to Monstef is nothing short of corrupt.,0,1
Liberals belong in jail. Full stop.,0,1
Even the Russians know she is corrupt and not to be trusted.,0,1
"Chase, you do realize that you're responding to the willfully ignorant, right?",0,1
A troll with little proof but a ton of insults.,0,1
Time for the death penalty. Why should we have to pay forever for a dirt bag like this.,0,1
"Bless your heart, dear! Apparently you have a soft spot for old Dave seeing as you think he should still be living. The man is a piece of trash. The KKK is full of them, and all deserve what is coming to them when they are judged in the next life.",0,1
"Bless your heart, but you can't even get facts straight, Ma'am. Alaskan Democrats will vote Johnson before Hillary, and Trump will come out on top. Here is Alaska's voting record (which you won't see or pay attention to because you are a troll) so maybe you can see the truth. Since 1964, AK has not voted Blue. He may not get over 50% because Johnson will eat up a lot of the vote, but Alaska will once again be Red or even Independent this election.

2012

40.8% Obama	54.8% Romney

2008

37.9% Obama 59.4% McCain

2004

35.6% Kerry 61.2% Bush

2000

27.7% Gore	58.6% Bush

1996

33.3% Clinton	50.8% Dole",0,1
"Republicans are the most small minded, petty little tyrants. I wish Obama had pushed charges against Bush, Cheney and his band of killers, but he wouldn't. Too much restraint, class and desire to mend fences, not to mention having to jump right in and save the country from the Republicans mismanagement.  The most ungrateful bunch of jerks anywhere, any time.",0,1
"Tom2: Let's see now.....when a GOP headquarters was ""fire-bombed"",  it was those ""damn liberals"".....when a black church was fire-bombed and a ""vote trump"" was written on the wall, it was those ""damn liberals"".   Thanks for clearing this up for us.........",0,1
"There once was a troll named Sara
Who would join ISIS in the Sahara

A broke millennial that whines
On top ramen she dines

A trump win will ruin her mascara",0,1
"Sure there are a number of Republican politicians who hold stupid dangerous views, but there are also a large number on the Democratic side who hold stupid dangerous views and as we have seen of late, corruption run's rampant within the Democrats. What's the definition of insanity? Doing the same thing over and over and expecting different results. The US has has career politician after career politician, a few years Democrat and then a few year Republican and back again, and they have thoroughly screwed things up. The US is in massive debt. The rich are getting richer while the working class' situation is deteriorating with every year. We are less safe today than we were yesterday. Time for a change. Time for TRUMP!!!",0,1
"You are off base Old Bannister. The issue is about a cabinet minister who has lied to everyone including to her Prime Minister, who is now doubling down on the lie to the voters.

FPP by the way is still the best system for changing governments quickly and peaceably. It's also easily understood by all voters regardless of age or education. We don't want goofy messy systems that will keep politicians in power long past their sell by date. FPP works!",0,1
WTF these guys were not Plumbers or Refrigeration men (Which I am and am union) they were police that put their lives on the line and did not get to retire you jackass.,0,1
Lock the lying crooked rapist loving broad up.,0,1
"I will stand by my statement that liberalism is what smart looks like to stupid people. 

The letter posted yesterday states the real problem clearly enough. "" It doesn't matter if it was protected by the First Amendment."" I have legal news flash for the University of Oregon. Because the University is public and receives government tax dollars it is indeed bound to abide by the US constitution with All OF IT'S PROTECTION INCLUDED. Which should tell everyone right off the signatories are anti-American, and perhaps even anti-America in their twisted PC nonsense.",0,1
The fact that you read the article and understood it to mean the two men were strung out on meth shows you have no clue and are a troll.,0,1
"Gerson seems to desperately need Americans to forgive him for his role in painting lipstick on the pig (no disrespect for pigs intended) of the sociopath Cheney/Halliburton/Rumsfeld Administration.  Without those monsters in charge there wouldn't be a populace so economically disenfranchised, so enthralled to the Military/Industrial Complex and freed from the constraints of decency and law that force racism into it's dingy closet.  There would be no Trump running for any office, he'd be laughed out of the country.",0,1
The election cannot end soon enough - so we don't have to read this kind of zealot crap anymore.,0,1
Is this was a Conservative they would be screaming to hang her! Day after day after day!,0,1
"I was thinking that the real loser here was his daughter. Then after thinking about it, she may be better off being raised by someone else. Sad either way...",0,1
"Show me any of my posts that are spam. Put up or shut up! People are fighting back against you negative trolls on here, putting you all on the defensive, instead of coddling you. Don't worry, your time on here will be up soon, TD, Just like SF, who, if you'll notice, is gone as of last night because of her actual hateful and vitriolic spam on every story. You PC folks are attacking anyone that posts an opinion you don't like, and people are tired of it. Happy Friday!",0,1
"trump is really a mess of a person.  All those lawsuits, bankruptcies and groping scandals.  Definitely NOT Presidential - AT ALL.",0,1
"You have to wonder how stupid you have to be to put your opinion on social media and not expect to to catch some heat when you bad mouth people.  Its is even stupider when you are in business dealing with the people you are bad mouthing.  Some folks thing it is ok to bad mouth people and not expect some heat claiming that it all someone else fault ie PC police.  The reality of is that his words will not change what gets shipped to the Bush communities but his words have cost him financially and may cost him even more in the future.  What few negative comments can do for something that is really not the pilots concern, if you don't want to deal with locals go back to Texas.",0,1
Rudy Guiliani is certifiably insane,0,1
she is as corrupt as they come,0,1
"Kruauthammer  is a bitter mean man whose trademark is spewing vitriol. He is eaten up with anger and bitterness to the point where he deliberately lies. The Russians have nothing to do with Wikileaks or email hacking of Clinton. This has been debunked and Assange has said not the russians.  Patriotic FBI agents are one of the best sources of emails and information. Krauthammer knows this. He sees the old establishment elite losing power and Chuckie is frightened.  So blinded and dishonest is he, that he disparages Mr. Trump in favor of Clinton who will be indicted for the many felonies she has committed.  Chuckie is a sorry piece of work and not a serious journalist.",0,1
You don't think the leader of a hate group deserves a bullet?,0,1
"So you just doubled down on his comments by saying an Alaska Native could not possibly be a ""tipping customer."" My god. Please go educate yourself, you really come across as quite ignorant. There's no reason to defend this guy.",0,1
If he dies than we will not have to recall &  remove this lying traitor,0,1
"Trump's scorched-earth campaign tactics belie his concern for the country or the constitution. Never before have the American people been subjected to such an obscene nonstop stream of lies and garbage in the final days of a national election. If this buffoon doesn't win, he could not care less what shambles he leaves in his wake.",0,1
"Definitely a Trump Rump Wrangler, with a small white manhood, what a douche.  Move back to Alabama you hick.",0,1
"- lol, I am not Wavemaker.

- My comment called Wyatt Earth on their racist comment, ""white boy"". 

- Are you serious? are you f'ing serious? If misandry is made up then so is misogyny yet i see examples of both literally every day, but OK, i guess?!

- That is the problem buddy, thats the problem. 

- You got me on that one. i assumed nobody knew or cared to know. With the throngs of idiots voting for either one of these morons i assumed i was the only one left in the world that reads.",0,1
"They broadcast PHONY REPORTS DAILY.

That's what they do, ON PURPOSE.

They INTENTIONALLY MISLEAD THEIR IGNORANT VIEWERS.",0,1
"Enough with the emails! G.W. Bush lost 22,000,000 emails and noone tried to send him to prison. Yes, I've been a Republican for almost 40 years and I will proudly be voting for that ""Nasty"" woman!",0,1
big guns little dicks,0,1
It's none of Trump's supporters damn business.  It's the same as wanting to walk each voter into the voting booth with a gun to their head.,0,1
White punks on dope. Just kidding.,0,1
"Take a sh**, or get off the pot!  I love you all",0,1
"Your ""troll orgy"" comment isn't worthy of a response, but I hear you, and still I must suggest you look up the definition of ""trolling"" and let's face it, ""troll"" as well.

As for racism, my many comments on the subject in many different threads, including this one, speak for themselves, as does my life, but we're not talking about racism here. You, or should I say Wavetaker/WyatEarth/Ima Fended, and I are discussing harassment and trolling.

I do appreciate your attempts at deflecting the argument to a separate one as much as I appreciate how quickly and repeatedly you've managed to change your screen name, although I'd appreciate it even more if you would try to remain on topic. Sadly, cleverness does not equate with intelligence.

Pick a damn screen name and stick with it; preferably not someone else's with a minor change made to it. Otherwise, you're just a fraud, and let's face it, a troll.",0,1
"Hey now, and for us who don't have dicks at all? LoL",0,1
"Pew, pew, pew... ""I got you daryl, I totally got you that time with my finger gun"", ""Damn it Pete, you didn't git me it was just a flesh wound"". ""Pete you lay down on the ground and play dead or Im gonna git that cardboard tube thats a play rocket launcher and blow your ass up"".

I guess thats just what you do when you fry all of your brain cells on bud light and crystal meth.",0,1
"It is astounding that she didn't stop herself when she looked in the mirror at herself doing black-face. I wonder how much American history is required to obtain a degree in law. Apparently, not enough. We've seen (and lamented) how Trump's racist cartoonishness has had an effect on less educated white people but I guess this would be an example of how it affects educated upper-middle class whites. She didn't intend to denigrate anyone, rather the opposite, but this incident demonstrates how many white people just don't have a clue, even after they read a book detailing racism. 
It was arrogance on her part to think that just because she read a book detailing racism and was fired up about it that that somehow gave her permission to reproduce and re-enact the black-face tradition that mocks and derides African-Americans.
How could she think no one would take a photograph of her? How could she not consider this possibility? She was astoundingly stupid.",0,1
"Good to see enthusiastic voters campaigning peacefully.  That boom box guy reminds me of J-Z rap crap at Clinton's rally in NC.  Hard to imagine anyone listening to his foul divisive language, but then again they entertain at the White House often too.
Interesting read in The Guardian:
https://www.theguardian.com/commentisfree/2016/oct/31/the-podesta-emails-show-who-runs-america-and-how-they-do-it?CMP=share_btn_link",0,1
"There will always be another charlatan like Barack Obama, there will always be another huckster like Donald Trump, there will always be another grifter like Hillary Clinton.

There will always be the sycophants like David Brooks.....and these may be the worst of all.",0,1
"It is also none of Clinton supporters damn business, right?",0,1
"...."" if it isn't documented in writing, it doesn't exist""....

Putting that concept in writing makes it clear how ridculous it is!",0,1
"Conclusion?  

The next President of the United States of America is a confirmed liar and will say anything to garner votes.  

The next President of the United States has the morals of an alley cat regarding sexual activity by either himself or her spouse.  Neither have any shame about that situation.

The next President of the United States is a multimillionaire whose fortune was obtained on the edge of the envelope through influence peddling and cronyism.

The next President of the United States will have to deal with a House of Representatives and a Senate, most  of whose members dislike him/her.",0,1
"One of the lessons from this election cycle is there exist three distinct fashions within the Democrat Progressive Party.

First are the 'No and Low-information voters' which the Democrat Party Elite have labeled as being the""Village idiots"" their own voting base.

Second are the 'sanctimonious hypocrites' the ones who point one finger at Republicans while four fingers are pointing back at themselves.

Third is the Clinton Crime Family with it's inner circle of friends, who Colin Powell correctly identified as ""Hillary's Mafia"".",0,1
"I viewed this carefully. The incumbent Repubs and those Repubs that want in won't answer any questions....So, because they obviously think we don't need to know anything they shouldn't get any votes. Vote for those who are bold enough to step up and answer the questions. At least you know they stand for something. Disgusting. Sullivan-Leonard, Stuttes, Stevens, Coghill  and on and on...just disgusting.",0,1
It went into the Trump monkeys ears and has stuck in their brains as truth. Once there it makes no difference that the statement was half assed retracted.,0,1
"God bless our ignorant, inexperienced children.",0,1
"Political correctness run totally off the rails. The woman's choice was in poor taste, or at best thoughtless. If she's bright enough to teach law, she should be bright enough to know the morons and dweebs around her were going to raise a ruckus. But, whatever. Freedom of thought depends on freedom of expression. We censor her Halloween costume (Like, man, seriously?) and what's next? George Orwell must be so very proud.",0,1
Very competent.  There is ALWAYS somebody willing.  Why rape anybody?!?!?!? Hope you rot in hell.  I wish we all could do something to help the poor victim =-(,0,1
"Phesoj... so, if a student doesn't pay back their college loan, you don't consider that a form of welfare?  Just because the KKK endorses Donald Trump means absolutely nothing.  Black Lives Matter (another racist group) endorses Hillary. I agree Bill Clinton did clean up the welfare system, with the help of Newt Gingrich.  And then Obama came around and reversed all the good Clinton accomplished.  You know after reading you whole diatribe I've come to the conclusion; Your either under 25, or an idiot.",0,1
I hope they don't vote Deb Kelly and Her Baby Raping friend Willams Bill Gray,0,1
Someone probably grabbed someones pus*y and hell broke loose. Too bad the Dems have more class than the CONs; they could say Trump ran off the stage like a little girl.,0,1
"We need to seriously limit the election cycle to 60 or 90 days, this whole thing is getting ridiculous.  We need to give people time to do their job, not have to campaign for months and years on end.",0,1
"“You know, it doesn’t really matter what [the media] write as long as you’ve got a young and beautiful piece of ass.” DT",0,1
I'm a law abiding citizen who doesn't carry a weapon but if an officer tells me to show my hands I'm not going to argue that fact I'm going to show my damn hands or expect to get shot and possibly mortally wounded.,0,1
"What no talk of the three hooker wives this guy had...you have to wonder about Harper, as this was his senior advisor, also wonder about Harper with his choice of Minister of Justice, you know the one who impregnated his under age babysitter",0,1
"She comes across as refreshingly honest, transparent, diligent, and as good person.  She looses me with her positions, positions that lead to people living off the labors of others; muck like Murkowski.  No thank you, but I do wish you well.",0,1
Whats it like being a retard. Tell us in 30 words or less,0,1
More hate from the retard. Flagged,0,1
"Trump said, IN AS MANY WORDS, that Mexicans were rapists and drug dealers.",0,1
"Still waiting for your ""complete knowledge"".  That's the problem with FUD, you can't back up your own BS with any sources.  My guess is that you're a Lockheed shill and you think that your FUD will influence Canadians.  The problem is that the average Canadian, unlike the average American has an education that's worth a damn and we know what goes on around the world.  Your useless rhetoric won't sway anyone north of the border.",0,1
"I think women are really dumb if they vote for hillary just because she's a woman.  Ladies, remember one thing, this has nothing to do with improving your lives, it has everything to do with her improving hers and her going down in history, its all about her ego also.  Anyone voting in this election is a fool because both are not worthy at all of holding office and i truly believe anyone who has had as many first lady posts as hillary has no right to run for president. She's never known what its like to be poor.  She's lived a fantasy and indulgent life more than any other woman out there.",0,1
"Wonderful quotes.

“I always cheer up immensely if an attack is particularly wounding because I think, well, if they attack one personally, it means they have not a single political argument left.”  > This applies to Donald Trump 110%.

 I'm loyal to America. Not Trump, Not Fox News, not Conservative Hypocrites, not Conservative aholes, etc. etc. etc.",0,1
Please get back to us when white people are killed as a personnel management tool. That was what the lynching of black people was about. Lynching was a population control tool.,0,1
"She's a clever witch, but she's going down eventually.",0,1
"The first woman president will be a crook, a slimeball, and totally indifferent to the welfare of the people of the USA. A great legacy for feminism!",0,1
"i dont hate gay anyone.. j edgar was gay.. he was director of the fbi.. whats that got to do with anything..  if you had not been such a pussy and addressed the post to me directly.. you might have understood.. however, if i had of said go blow yourself. that would have been different..",0,1
"I don't think they eat them, just kill them, chop them up and sell off the parts.",0,1
"Russian Troll Sue, and 'Denim' is code for insane.",0,1
"Too funny, Sara, too damn funny.",0,1
no apparently honey badgers DON'T give a sh*t.  must be cause they're   SO NASTY!  . OOOOOOUU.   (love the narration)  LMAO. that made losing my phone today almost bearable. thanks,0,1
"Russian Troll Sue, you aren't the brightest bulb on the Faux Noise Xmas tree.

Jane O’Meara Sanders, said that her and Bernie were able to buy the home because they sold a property in Maine that her family had held since the early 1900s. She said that she had inherited the vacation home after her parents died, but the family was unable to use it because it was too far from their primary residence in Vermont, so she sold it and used the proceeds to finance the purchase of a more suitable vacation home.

Now go back to the Freitbart site and stop wasting your time here. Even the AK cons aren't buying your insane b.s.",0,1
"I think if HRC was a male authoritarian, you'd be all over how immoral and sick Trump is, but HRC is not an authoritarian male.",0,1
"The robot censor seems disinclined to accept some harsh truths, but let's try again:

Why is it that despite 70% of serial killers and 80-90% of child molesters and mass-shooters being white, most white Americans are fixated on BLACK crime?  Perhaps its related to a long-perpetuated double-standard that when black or brown (or Muslim) criminals commit crimes, it's held up as a reflection on their entire communities, whereas when white criminals do so, it's only a reflection on said criminals themselves.  And that in turn seems predicated on a widely held and nearly as frequently denied assumption that was first voiced by satan, when his Creator demanded he explain why he refused to make humble himself before 'Adam as he was commanded: ""Anna khairum min'hum--I'm BETTER than him."" (Qur'an, Suratul-A'raf, Ayaa 11-12)",0,1
Why is it so hard for people to see and understand these facts Jack? The fact that she will get any votes at all is stunning to say the least but the possibility that she might win is scary not because of what she is and does but what it says of the people who would vote for this steaming lump of human garbage.,0,1
That is a darn good question? I have heard some stories about one of them threatening their neighbors with a weapon. But I was only told about it from the neighbors I didnt see it myself,0,1
"Comey is bought and paid for. He's a wuss, not a man.",0,1
"Actually, you should. You throw around mendacity as if writing that crap made it true.",0,1
"Trump openly stated he wanted to stop and frisk and take firearms away from people the police decided should not have them(minorities as that is who stop and frisk targets).

Explain when or where Hillary has spoken about ""taking anyones guns"". Looks like a Democrat is getting ready to get into office and the NRA has fired up the flyer making press again.

The NRA supporting the right to own a gun, but scaring you into buying one, by claiming the next politician is going to take away the ones you do have. Seriously, this line has been around for decades and it still has not happened.

How many times does the boy have to cry wolf before you stop believing this crap?",0,1
"Hey, it's only murder.  Let's get our attention back to black face make-up and pats on the butt.",0,1
What the Hells wrong with you dude...,0,1
"Silly Andree, election laws only apply to Republicans!   If the past is prologue, and it usually is, the courts won't do a damned thing about it if Beltrami wins.   In my forty odd years here I've never seen them upset a General Election result even when they admitted in the decision that there was fraud.",0,1
Touch my butt and i will show you where to discard that comment.,0,1
"I could use this opportunity to stick a pin, but I really just hope that you start talking to colleagues like Liz Vazquez, Shelley Hughes, Mike Dunleavy.  Referring to those who disagree with you as ignorant is name-calling and means you lost.",0,1
The 2nd Amendment is a white privilege. Black folks are shot on the mere suspicion of being armed. That includes black children.,0,1
"So, they need to take away his aggression ba-ba. The fact that he has, as Bill Mahr says, ""the self-control of a grease fire"" is one of biggest reasons why he is unfit, really, for any job.  Add to the fact that he is ignorant--and happy to stay that way--generally and ignorant specifically about the highest and most important job in the land and aside from all of his other many, many faults, he is unqualified for the office of President.  In virtually every way there is.",0,1
"So just because someone who happens to be be white voted for McCain they are automatically racist? This assumes that they made their choice on no other decision at all but skin colour.

Where is the proof that this is the case?

This type of 'reasoning' is ridiculous.",0,1
At bit later.  The feral European Muslims anyway.  The feral African Muslims came earlier than that--but they weren't volunteers.  Next question.,0,1
"Obama was on sabbatical for 8 years. I think he'll miss being a weak and feckless President, but we won't.",0,1
"Go be a downer somewhere else, loser.",0,1
flagged.  You're utterly obnoxious and add nothing of value.,0,1
"Trump is the most corrupt person EVER to run for president.

Fortunately, it looks like he's going to lose.

Final Polls Show Clinton With Strong Lead
http://www.motherjones.com/kevin-drum/2016/11/final-polls-show-clinton-strong-lead",0,1
"I can't read your mind, so make your comments understandable. I didn't say that but yea sure. The sick twisted in the head terrorists full of pure evil and hatred should be tortured for their information and then executed. They won't mind a bit, they believe they are going to a happy place. And certainly don't turn them loose to do bad things all over again like your President is fond of doing.",0,1
clinton is a national disgrace and a global embarrassment. A common criminal. A liar on a grand scale. A sexual predator. The first order of business if she is elected is impeachment. And years of investigations,0,1
So you agree that black children should be killed. I got it. So much for innocent until proven guilty. That is a white privilege too.,0,1
"Why don't you care about the gun dealers that are supplying guns in ghettos? White men make a lot of money selling guns to criminals. Of course, white people refuse to take responsibility for their behavior.",0,1
Pathetic you say......It must bother the hell out of you since he is fighting both parties elites who only want to continue riding on their gravy train and enriching themselves and almost every news media outlet who are in the bag for the Clinton bitch.  He has also promised to bring much needed change to our government and has not taken a single cent from the special interests or lobbying firms who only want to destroy the will of the people.  Trump has awakened the formerly silent majority and giving them a voice and we will love it speaking for us for at least four years and putting decent people on the Supreme Court.  I think he should rename Mount Rushmore to Mount Trump just to piss off all liberals.  Prepare for a 15-20% whip out of your favorite pant suited bitch!!!!!!!!!!!!!!,0,1
"Speaking of cowards, that's a clever little flagging scam you and the gang have going, 'Onion'. 

Sara's not the only one that has you and your posse figured....",0,1
Good - if she refuses to cooperate with her own defense - lock her up. Should have happened a long time ago. A disgusting human being.,0,1
Murderers are filthy animals...,0,1
"Because she ran away with that goofy ""don't-dare-bend-the-knees!"" stiff-legged 'run' that only women do.",0,1
"Theres no liberals, just retards like you",0,1
"So, Bob. What If, peradventure, the guttural divisiveness of this election year spurred enough voters into voting for an alternative third party candidate? Ya think the country could get over the crap we've waded through enough to stand behind the winner to the point that he wouldn't have to face your so-called curse?",0,1
"Wow, two good shots and the guy was probably shitfaced. At least I hope he was aiming for his leg.",0,1
"thanks for the nail in the coffin ,Sarah.,most anyone associated w/ U   has gotten screwed .!",0,1
Bizarre and hypocritical.  Saudi Arabia is far more of human rights violator.   It's not the Thai military in Yemen.,0,1
What a bunch of dupes,0,1
"How interesting to read an argument that equates judicial contemplation of constitutional intent as molding ""silly putty"" from one who can't see the same similarity with  those who mold  Biblical intent like ""silly putty"".",0,1
"Anybody that chooses to smoke should be well aware of the effects of smoking or you are one ignorant person. If you make the choice to smoke have at er but don't expect someone else to pay for your bad decision. It does not matter who you are or where you are from, the decision is all yours to make. This is a huge waste of peoples time and money.",0,1
"Alas poor Choon, where will she spew her venom after the erection?",0,1
Something you pussies on the left know nothing about; horsepower and torque.,0,1
"Smokers, historically, are disgusting people.  Think of all of the cigarette butts you see on the ground everyday.  Then, think about the smell when you walk by a smoker.

Gross.",0,1
"""Who in the hell let this individual walk the streets, anyway?""  Maybe the mother who didn't abort him?  The cops who didn't gun him down the first time he stepped out of line?  The judges who didn't tell his lawyer, ""I don't care what the law says, I don't like his face so he's going to jail""?  

Everybody is so wise after the fact.  The reality is that Fairbanks jail cells are so crowded that the judges permit liberal bail (and, at the other end, the DAs back resolutions that minimize jail time) in order to have enough room to keep people who've already been convicted of violent crimes behind bars.",0,1
"Dion is a hypocrite, leave alone one of the three stooges of the past that intended to defeat Harper.
Block it, and other Countries will fill the gap.",0,1
"""Anti-intellectual in over his head"" am I?

Yes, I am sorry to tell you that I am one of the deplorable masses Hilary was referring to.  

I wasn't educated at the ""right"" colleges and I cling to my guns and religion.  You know how it is with us unenlightened masses---guns, gays and God--or something like that.

If you don't mind, I will just wallow in my own stupidity.  Thank you so much for your compassion and understanding.",0,1
"Methinks your ""lying cheating thief"" is the mythical person the Republicans have been carefully constructing for years, if not decades. I cannot imagine a candidate for elected office who has been more examined than Hillary Clinton, and yet no charges have been laid.

It may be more honest were you to say, ""... a loudmouthed obnoxious buffoon or a woman."" That, I believe, is the real issue. The U.S. is less ready than they think they are to elect a woman.",0,1
"Wow, you are just FLAT OUT LYING.

""Tatlici (D) warned Garrecht (R), 58, she had pepper spray and would use it on him when he cursed “right into my face,” she told The Palm Beach Post. He didn’t back off, so she pepper-sprayed him, she said. Garrecht (R) then slammed her to the ground and punched her, according to Tatlici.""

""Garrecht, 52, faces charges of assault and battery, according to Jupiter police Sgt. Bradley Vince.""

That behavior that he, the Republican did, is STALKING and HARASSING.",0,1
"Not so. 

He exposed:
1. Racism
2. Misogyny 
3. 18 pathetic Republican nominees.
4. Weak Republican leaders, senators and congressmen.
5. That rich crooks don't need to pay taxes.
6. That rich Republicans boast privately about groping women.",0,1
"More sarcasm, right? Careful. A lot of the people who post here are probably too dumb to get it.",0,1
"It was exaggeration for effect. The original story reads like a spoof. The parking lot is awful compared to others. In the past I dropped off containers there, for the loiterers to cash in. They always said thanks. I do my shopping at Fred Meyer on W 11th, where I like the store, the parking, the location, and the clientele. I find that many 20's folks are polite, many are not, and to most I am not even a person, just an old fart who doesn't matter. Such is the nature of youth. They are largely dirty and ignorant. They have a long way to go. It has ever been so.",0,1
Nervous...  Try devastated.  We are so screwed.  Discuss.,0,1
"And you, Wavemaker, just outed yourself as a misogynist and racist.as you have publicly supported the demographic over the individual, just as all of your ilk does.

The voting ""block"" matters not, Wavemaker, as unto the racists and misogynists such as you, and your ilk, but the individual, that shall decide this election, whether you wish it or not.

Your racist and misogynist views be damned.",0,1
millennials... what a worthless bunch of children..,0,1
His morbid obesity will come back to haunt him and kill him.,0,1
You're going down impersonator.  We can do this all day long you little weasel.,0,1
We can always count on the Republicans to hang themselves.  Starting with Trump.,0,1
"Sara, thanks for calling Americans dumb and enforcing the very ideas the American People have voted against.
/s",0,1
"What do you want to bet you wouldn't say this to me in person? I hear Herr Drumpf is getting idiots fit for brown shirts. Betcha' he has one that is just your size. Hold out for boots.... seriously, that is what distinguished the important brown shirts from the trashy and expendable foot soldiers. Trust me... you don't want to be a foot soldier - the mortality rate is ""yuge"" (expressed with small orange hands). 

Monster... yep... I can be if you care to try me. Bigot... not really. Sort of my policy to let all stand on their own actions and ideas. I know you think you are winning, but quite frankly, you are failing miserably. Granted, you feel ""super extra empowered"" now. Trust me.... the world is going to kick your butt... it might take a few years, but it is going to happen. If you live through it, which you likely will, because you are obviously a coward, you might come out OK, but chances are, you are going to have a pretty crappy existence forever.",0,1
"You can thank your buddy Comey Con. He is your real hero. This was planned (rigged) 6 months ago, every step of the way. Yes, our cyber social reality show society was conned, bigggggly time. Congrats, sucker!",0,1
"Hillary Clinton, he said, is corrupt, a serial liar and an ""evil woman."" 
he chose Trump because he was ""someone who wasn't being investigated.""

Two reasons in this article for voting Trump. If you say something enough times it obviously makes it true. What a sad shameful day.  Michelle Obama 2020!",0,1
"No, Trump was the greater evil, as we shall see.",0,1
"Congratulations, pro-lifers. You won. And now we have four years of President ""Grab 'em by the pussy,"" that is if our once-great republic survives four years of him, and I have my doubts about that. Now watch the stock markets tank all over the world. Heck of a job.",0,1
"The election was won by lost, coddled neurotic white boys and the abused, co-dependent women who enable them.",0,1
"Are you the same Inept. Purg. who would go on anti-gay tirades? Or has someone else taken over the handle? Incidentally, do you sometimes get your left and right mixed up?",0,1
"Trump's Fascist message is the last thing we need in Canada. What we need to do is offer to the world an alternative message, one of reason and tolerance, of decency and peace. The world does indeed need more Canada and for Leitch to suggest otherwise shows she knows nothing at all about what it means to be Canadian. Shame on her for this appalling statement.",0,1
"Because that's your name, which I know since you told me long ago. Take your crazy pill, Don.",0,1
"Go to hell, Kellie....not Oxford-debate worthy, but what she and her ideas deserve...",0,1
its coming - people are tired of this socialist nonsense. Trump will kill all the climate change silliness as well.,0,1
"It will be amusing to see if trump gets himself impeached for all the regular lying he does. It will just as stupid as when clinton got impeached over an affair. But, fair is fair after all. The GOP set that precedent.",0,1
"In other words, a right wing, white, male fascist.",0,1
"Suck it up, liberals.  We are going to drain the swamp in Ontario, Alberta, then Ottawa.  Your time is over.",0,1
"Nor did Obama ""grab your guns.""  Or did someone come and take yours away? Tell the truth. Missing any guns? Yeah, I thought not.  And if you knew anything about the law, you'd know that the previous conservative Supreme Court undid a lot of your constitutional rights.  You know, the kind that were put in place by ""liberal"" justices such as the ones who brought you the Miranda Warning, made it illegal for the prosecution it withhold exculpatory evidence from defendants; made it illegal to use evidence obtained in unreasonable searches and seizures (violates the 4th Amendment)in and made it illegal to bash in your front door without a warrant, among others.   But you go on ahead and revel in your ignorance: It's the Trump way. He loves ""the poorly educated"" for good reason. Speaking of pathetic.",0,1
"I wonder why members of my family died
for Canadian cowards. Next time let yours
die.
We the unwilling
Lead by the unqualified
Dying for ungrateful cowards.
Like your post.
I salute you.",0,1
"trump insulted all of them. lol.  what do you watch.  There is video tape of him mimicking a handicapped person.  He said he can go grab any woman by the pussy, he continuously called mexicans rapists and murderers.  The ironic part of that is a proportion of the population illegal immigrants commit far less violent crimes than American citizens.  go figure.  Trump university was a big con job",0,1
"No, Trump won because the DNC is out of touch. They had a candidate that could have beat him, hand picked by the voters, and they buried him under the political machine with help from the media. Good job, morons. Reap what you sow.",0,1
"Hillary also lost because she was a spectacularly awful candidate. She had no coherent message, & her own team acknowledged in some of the hacked emails that she detested campaigning. Her bad choices & responses to those choices were mind boggling (the Goldman Sachs speeches, the talk about putting coal miners out of work, etc.) I have to believe Joe Biden would have wiped the floor with Trump.",0,1
"Roy, you are the textbook definition of a sore loser. You should stop your ceaseless postings before you really embarrass yourself. Look, we have had enough of the dems, its time for a change. Embrace it and move on.",0,1
"I think it is Hilary's lies and corruption, but whatever gets the job done :)",0,1
"Waaah, says the loser commie stooge. Waaah!",0,1
"So Catholics and Evangelicals aligned themselves with the KKK and White Supremacists in support of Donald ""Grab Them By the Pussy"" Trump, your hero. If I was younger and raising children I would seriously consider a move to Canada.  Since we are older and all children are grown, we will stay and fight for what's left of American Democracy.",0,1
Negativity Trump mus overcome?  Give us a fricking flipping  break.  Trump's the puss bag of negativity.  I have a feeling Trump will be impeached within the first year after his loser supporters figure out he duped them.  LOL,0,1
"Waaah! screams the commie racist tool, WAAAAAHHH!! 

You are just pathetically out of touch with reality.

Oh, wait...are you retard? Is that it?",0,1
"""The concept of global warming was created by and for the Chinese in order to make U.S. manufacturing non-competitive.” ""I’ve been treated very unfairly by this judge. Now, this judge is of Mexican heritage. I'm building a wall, OK? I'm building a wall."" –Donald Trump, accusing U.S. District Judge Gonzalo Curiel, who is presiding over the fraud case against Trump University, of being biased against him because of his Mexican heritage, despite the fact that he is a U.S. citizen who was born in Indiana (CNN interview, June 5, 2016)"" "" Black guys counting my money! I hate it. The only kind of people I want counting my money are short guys wearing yarmulkes… Those are the only kind of people I want counting my money. Nobody else…Besides that, I tell you something else. I think that’s guy’s lazy. And it’s probably not his fault because laziness is a trait in Blacks.""  Cont",0,1
"I'll add it for her .  The people who voted for that fat, ugly boil of a man are deplorable and unredeemable.",0,1
"Why are you repeating lies?  She said no such thing.  But she lost so now you can go back to being as politically incorrectly rude, racist, nasty, and insensitive as you see fit without worry. Feel better now?",0,1
"But for a habitual business cheat and pathological liar, entirely routine.",0,1
"I can't stand donald trump; I believe the man is a PIG! But as a veteran who loves his country, I wish this man the best for the sake of the greatest nation on Earth.",0,1
"agree. trumpy is so unqualified in many ways, he will resign or be impeached before his term is completed.  he made so many promises which most of them will not be fulfilled.  if not, he will only be a one term president.  am truly embarrassed that America elected a tax cheat, sexual predator, scammer, pathological liar and bigot as president.   as far as I am concerned he is not my president.",0,1
"Great. All we need is another huge federal bureaucracy like the TSA. And you think taxes will go down? Oh, that's right. That's a regular GOP thing, lowering taxes. When the Dems try to raise them and pay the credit card off they get flogged. People are stupid.
So, which lies that trump is on the record for are you willing to forgive. All of them? Or shall we start the impeachment hearings ahead of time? That's what hill GOP intended to do to HC as well. Seems fair.",0,1
Any republican claiming the moral high ground because they oppose gay marriage and abortion should be reminded that they voted for a man who bragged about grabbing women by their pu$$ies and whose wife has posed naked for a lesbian photo shoot!,0,1
Liar.  That's what bigoted hate leads to.  Willfully misinformed.,0,1
"If you are to blind to see our political system needs an cultural overhaul then you are narrow minded liberal. Stay away from people cause stupidity could rub off. And if you can't handle criticism, don't share your opinion.",0,1
Trump drain the swamp?  What da ya mean man?  He's going to refill it to the brim with Corrupt Bastards Club have-mores.,0,1
where do you think billyhilly got her money? are you that dumb or just fakin us out.,0,1
"The ""award-winning"" PBS Newshour completely humiliated itself, constantly demeaning nearly everything Trump did.  In particular, Gwen Ifill, Mark Shields, and David Brooks stated emphatically that Trump could never win, on numerous occasions.  These three proved themselves to be deeply ignorant and obviously uninformed.",0,1
"""As democracy is perfected, the office of president represents, more and more closely, the inner soul of the people. On some great and glorious day the plain folks of the land will reach their heart's desire at last and the White House will be adorned by a downright moron."" — H. L. Mencken",0,1
sort of fucked up how they won't even say who or why they're searching.,0,1
Union membership requires membership backbone.  Appears you lacked one and expected a free ride.  I know all about unions and what and how they work.  No room for sissies.,0,1
You want cock in a mancave? Please take your porno elsewhere,0,1
"A great many people are afraid of the ""real world"" and stay in academia throughout their lives, wherein they ""protect"" their tender egos with a veil of superiority.  Then they infect young people with their cowardice and so the disease thrives.  Universities are arguably the most important institutions in our society; it is a pity for posterity that they are peopled by so many cowards.",0,1
"EXACT TRUMP QUOTES, COnt.
""Black guys counting my money! I hate it. The only kind of people I want counting my money are short guys wearing yarmulkes… Those are the only kind of people I want counting my money. Nobody else…Besides that, I tell you something else. I think that guy’s lazy. And it’s probably not his fault because laziness is a trait in Blacks.""

By the way, this and its companion post are reposts, muzungu.u But since you clearly never read them, I'm providing them again.  Enjoy.",0,1
"I don't see how AK49er is blaming anybody for anything.  I do believe AK49er is lamenting the loss of brain cells that occurs when one earns a degree in something that ends in ""... Studies"".  And let's not overlook the repulsive behavior of screaming children that need ""safe spaces"" when someone dares utter a different opinion in their presence.

As a recent meme put it:  In 1944, 18 yr olds were storming the beaches of Normandy, facing near certain death.  In 2016, 18 yr olds need safe spaces because someone hurt their f*****g feelings.

Yeah... a hundred thousand bucks to produce an educated idiot.  My stomach is queasy...",0,1
That woman must be brain dead. Trump should be barred from entering Canada.,0,1
"""This life, which had been the tomb of his virtue and of his honour, is but a walking shadow; a poor player, that struts and frets his hour upon the stage, and then is heard no more: it is a tale told by an idiot, full of sound and fury, signifying nothing.""",0,1
It is ironic now though how the people who wanted him to step aside will be kissing his butt.,0,1
"You must be black or native,, pulling the race card is a lame move. Nobody respects that . Trump got the votes, without their support,, murcowski is a traitor to the republican ticket ! Yes ""cow"" 😁 She's getting fat pockets on the state",0,1
"For women, more like the stone age where men will be encouraged to knock them on their butt and grab them by the hair and drag them to  wherever.",0,1
Canada needs to build a wall. We don't need any more whiny progressive sore losers.,0,1
"Trump has always been a complete failure as a ""business guy"". Everything he touches files for bankruptcy. he couldn't even make a profit running six casinos!

think before you post!",0,1
"They will build the wall and pay for it when we begin deportation of their criminals and our illegals, plus a coupla thousand muslims.. The trash that NO ONE wants.. Dry Tortugas and bust..",0,1
"LFS2, the first rule of business:  Always use other people's money.  Wall Street IS other people's money, every 401K set up to be robbed, every mutual fund designed to funnel funds from the bottom to the top, every paycheck spent on corporate produced stuff that increases CEO stock option values, every dime in the hands of the investor class is your money, my money.  Trumps' financial existence depends on that money.  As does Clintons'.  As does all the Libertarians who've ever made a plaintive cry for power.  All of them would and will serve the 1%.  Especially the bait and switch master Trump who just made the ultimate saps out of a whole lot of people who're doomed to major disappointment if they think their monstrous moron of a candidate will do a thing for them as their clown of a president.",0,1
Turdo better get on his knees and pucker up for Donald. Donald will just want a kiss on the ass but Turdo will want to give him a BJ,0,1
"SF (aka SA, BB):  Suck it up, you lost despite your lies, character assassination, false claims and mean spirited comments.  Suggest you figure out how to get along or you will deemed even more irrelevant.  Whatever happened to those capitalized rants about President Clinton? You can be a gracious loser or just another loser, choice up to you.",0,1
Sick.,0,1
"The voters in this country have SPOKEN very DECISIVELY, Bye, Bye, Good riddance   Hillary & Billy,  Do not let the door hit you in the Arse on your way out.",0,1
"Get off of the WHACKEY WEED,  aka,  Devils Salad, you are just smokin to much.  Barack Obama is a TERRORIST........ READ THE SIGN, TERRORIST............",0,1
"Kelly Leitch is proof that a person can be both well educated and doggedly ignorant. 
Racism comes in many forms. One of them is named Leitch. Sad to see that the once-great -- and formerly Progressive -- Conservative Party would consider her leadership material.",0,1
"Standing as I do, with my hand upon this staff, and under the folds of the American flag, I ask you to stand by me so long as I stand by it.                         Abraham Lincoln

Richard, what a foolish wit remark!",0,1
"the ill advised and under educated voters of part of this country has whined loudly enough and decisively.  HELLO GIRLS GONE WILD AND THE VLADMIR PUTIN ROOM (used to be lincolns bedroom).  any door HITTING MY ARSE ON THE WAY OUT HAS BEEN PULLED WITH GREAT STRENGTH  TO HELP PROPEL MY ARSE, AND THE ARSE'S OF MY FAMILY,  THE HELL OUTTA HERE.  kinda like groucho marx said ""i wouldn't want to be a member of a club that would have me. ""   i don't want to be a part of an america that would have trump as their commander in chief. it's like a neon sign blinking get out while you can.  ironically the first whiners will be the southern white trash that voted him in and  the foolishly uninformed northerners , the stupid leading the blind who helped",0,1
"What message? 

""Grab her by the P....""?
""Mexicans are rapists?""

I don't think that's a good idea.",0,1
"So what you're saying is that you, a female, googled naked photos of Trump's wife.  I'd call THAT low class. People like you have way too much time on your hands. Let's try being intelligent adults here and stop this juvenile crap. Trolling for nude photos is just very disturbing.",0,1
Marna is a shining example of how the left has no desire for unity in America.  They would rather have division.  They refuse to accept the outcome of the election after ridiculing Trump for not agreeing to the same thing.  Epic hypocrisy.,0,1
A virtual cornucopia of crookeds.,0,1
aaa liberal party sheep paid troll chris shilling the usual bs party line regardless of the damage it will do to our economy and more so now that the usa will not be doing any of this,0,1
"So true. My comment on saras endless vile crap was deleted right away. sara can toss out derogatory anti trump garbage all day long, but if someone else post back and tell her what an immature sore loser she is ,ADN deletes it. What a liberal rag ADN is. I thought that when they bought out the dailey news we would have an Alaskan voice, but I was wrong. Hell, sara probably works for adn.",0,1
"Hahahahaha!  Yes, that is so much worse than grabbing pu##%, walking unannounced into teenage girls dressing rooms while they're naked, groping women, defrauding college students out of their hard earned money and so, so much more.  Thanks for the huge belly laugh.",0,1
And Hillary is Lucifer.,0,1
"To hell with Mother Earth. Won't be anything to save anyway. Guess all the politicians have another place to go. What is in ANWR that isn't on the Slope? We've just heard about two huge finds. Aw, fuck it. Tell your grandchildren you tried, but failed. It's not even gonna be up to them to determine their future. That will be done for them in the first 100 days of 1917...I mean, 2017. Heil, Comrade Trump.",0,1
"Ross Coen I know several people who I had very civil discussions with about politics using facts to back up conclusions. Unfortunately many of those same civil people when on line became very uncivil. Some became downright disgustingly vulgar. It might be not having to look another human in the eye when you ""discuss"" issues. In any event it seems easier for people to become jerks when they post.",0,1
"I'm appalled at some of you so called adults. You are attempting to humiliate and belittle high school students who have every right to be heard whether or not they agree with you. You are correcting their grammar and telling them to be seen and not heard. Acting like just because they are from a smaller community that they aren't smart enough to understand what is going on in the world. You are acting more like children than they are. These kids are being accepted to schools like Yale, Harvard, Stanford etc. South is an exceptional school academically and these kids are not dumb. Please, try to act like civilized adults and not talk down to or about children. I, for one am glad they are not learning from you because you are setting a horrible example.",0,1
"And I reiterate, show me examples of Conservatives rioting, looting, burning, or calling for the assassination of Obama. You can't because there were none. There may have been a few that said we need a revolution but that was about it. You are a typical liberal, you lie and make unsubstantiated accusations and when asked to prove it you come up with more garbage. Well too bad, you lost, deal with it, just like we had to deal with Obamas crap for the last eight years.",0,1
No kidding... not once did he call someone a fat slob or mock a handicapped person.   How dare he.   Maybe he will grab someone by the p*ssy to redeem himself.,0,1
"Kon, you're a good example of someone with wool pulled over his/her eyes.  Trump doesn't get to sully our classy President Obama over his birth certificate for a year and a half and then look President Obama in the eyes and play like nothing was said.  No sir.  Hypocrite is as hypocrite does.  I hope Trump goes down in flames and takes all his followers with him.",0,1
"That's called pollution, not good, versus, CO2, not a problem.  Maybe China needs to install some clean coal scrubbers.  Next stupid question.",0,1
What is up with SEXIST comment!? How dare you say something against a female Secretary of the Interior.  Obviously you are misogynist who hates women and wants to see them raped and beaten in the streets.  I am going to report you for HATE SPEECH!,0,1
"First of all M. trudeau, waited two days before contacting President elect Trump to congratulate him. Wrong move.
Climate change (it's called the weather, why should we have to continue paying that stupid carbon tax, it lines you pockets, and empties ours.",0,1
"oh look, the losers want to change the rules.",0,1
"Roj and that sucks! My apologies. Your like the 5th person that has happened too, weird stuff!",0,1
Can I say f**k off on these comments?,0,1
"Does Trudeau think we are daft?  This insane carbon tax is crazy especially now that Trump is totally opposed to it.
Do greenhouse gases respect borders? LOL",0,1
"How did you know I was talking about grabbing women's pussies? Why you must have heard your master bragging about it on audio. And you still voted for him. 
Excuse me while I go wash my hands. With bleach.",0,1
"Thats your opinion Mr. Bill Press. Frankly we dont care. what gets me is how you liberals cant except a loss. idiots protesting an election lol i wish i had a column to impose my opinion about others onto others. I always thought journalist were to inform the people of the news? Seems anymore the media pushs there own personal agenda and politics. Well guess what... that kind of crap is EXACTLY how Mr Trump became The ""President of the United States of America!!!"" Hurts to hear/read it aloud huh. lol, good times.",0,1
"Don't you need to fix some rioting in Seattle, troll?",0,1
"“…..a decision that represents “an optimistic ¬moment in a dark time,” a ¬lawyer for the plaintiffs said.”

How ironic that this dimwitted lawyer would engage in such silly conflation. The only reason I voted for Trump, a man I consider obnoxious and woefully uninformed, is because he promised to rein in our rogue federal judiciary.",0,1
What an insensitive dork!!!,0,1
I say you are crazy.,0,1
"Now, you may not think my description of Trump's position is accurate..... regardless of what side of this issue you are on.

Your news media has done a rotten job of reporting Trump's position on this issue to you.

And there are a lot of strident voices out there.... on both sides, who have not really heard Trump either.  It fits their own predispositions (and sometimes their own vested interest) to describe his positions differently.  They do so loudly.  And repeatedly.

But you are silly to listen to those people.

And you are even more dumb to be one of them.",0,1
"""About two-thirds of Canadians are “shocked” or “upset” about Donald Trump’s electoral victory, a new poll suggests.""

What pathetic, scurrilous clickbait.

In what proportions are this two-thirds either shocked (which is on thing) or upset (which is another)?  Why are these disparate things lumped together?",0,1
"If you knew anything about what you are talking about, reading your comment would have been worth my time. Have you heard of Mexico, Guatemala, Honduras, El Salvador, Nicaragua, Costa Rica, Panama, Brazil, Chile and Argentina.

Do you really think Canadians are solely dependent on American crap from California, full of pesticide and glyphosate residue. Go ahead and eat it yourself.",0,1
"If you think a presiding judge and a politician should display the same standards of political bias, you're nuts.",0,1
"Lovers meeting in the park blocks? Betty, you're daft.",0,1
"I am not upset, it is time for change in the USA. Too many career politicians, now maybe they may have found someone who knows how to make a deal with foreign countries instead of giving away everything! I do not believe in polls, they never come further west than Ontario!! We had a election night party and NO one was upset over the Trump win, including the American Democrats that attended. They said it was time for change and did not want another Dynasty in the White House. Amazingly the only riots are by Democrats who berated Trump for saying things and now the tables have turned and they are the IDIOTS rioting!! Glad to be a Canadian!",0,1
"The writer isn't a bigot, she's simply very confused and dumb.",0,1
"We may have found the dumbest woman in America!

I note she is not wearing her hijab and she has light skin so she can pass and won't get any crap from the deplorables. It won't be so much fun for real hijab wearing Muslims and, of course any brown or darker skinned folks now have a proven racist President. How nice. Thanks Asra.",0,1
"I am far more upset being stuck with an imbecilic Premier in Ontario than in Donald Trump as President.

I will be interesting watching our experienced PM handle dealing with Trump. With Justin's impressive resume, what could possibly go wrong?",0,1
Soros losers.,0,1
Confirmed: idiocy is not limited to the US.,0,1
"Donald Trump appears to pay no taxes, has raised money for wounded vets that has gone missing, has a foundation that he uses for himself, goes bankrupt to relieve himself of his financial obligations to those who worked for him, considers those without money ""losers"", and cheats anyone he can if they are as he said ""stupid "". 
Why anyone would imagine he cares for the ""losers"" beats me. He learned all his life to be a ""killer"" and never a loser. Our Nation just lost.",0,1
"GBA!, I've done you a grave disservice.  I've assumed that you are a serious, albeit misguided and often malicious, troll supporting impossibly moronic politics and politicians.  I can only excuse this horrible lapse by stating that the written word cannot always convey subtleties of intent and shades of meaning.  I apologize, profusely.
Trump addressed those remarks to ""those who wish to live in peace and harmony"", OMG, ROFL.  I get it now.  You're the right-wing alter ego of Lenny Bruce.",0,1
"You know nothing about the military.  So why don't you just say ""thank you for your service"" and leave it at that you ungrateful twit!",0,1
"How much money does it cost to deal with major cities flooding, droughts, food shortages around the globe, 50% of all flora and fauna going extinct, death from dirty air, water and soil, acidification of the world's oceans, war, climate refugees...that was the most ignorant question I've heard all day...and there are plenty to go around lately.  Wake up!",0,1
"I am a Canadian, and very happy Trump won. Disgusting how so many liberals feel the need to riot when things don't go their way... spoiled babies.",0,1
"Congresswoman, maybe you should think about being part of the solution and help fix what's wrong or fall on the same blade as Clinton. Working Americans are sick of the left and want change, change that Obama promise and then abandoned like the loser he was.",0,1
"Opinions and $4.00 will get you a cup of coffee at Starbucks. Labeling people and jumping to conclusions will get you ineffective confrontation, misunderstanding, and no progress what so ever. 
He who is without sin may cast the first stone. If you were to hold everyone to task for their statements then we all would be hypocrites; if you held us all to account for our past actions then we would all be monsters. Every addict would be a facist sexual predator, Every pious person would be an ignorant intolerant extremist, and every person who does not understand history, politics, and human behavior would be a moron. 
Get excited about being alive, feel the love of your family and friends. But when it comes to politics and social change be rational, reasonable, understanding, and most of all find a way to work together; otherwise, you are doomed to repeat the mistakes of the past and your fears will be self fulfilling.",0,1
All Trumpster Dumpsters who support the goof-ball who was just elected el presidente. There's a Ku Klux Klan victory parade in North Carolina soon. Perhaps ya'll can go there and demand that Denali gets it's old white guy name back.,0,1
I don't feel stupid or duped by anyone.  I recall listening to Obama campaign and thinking he can't do those things and he's is promising too much. So he went around Congress and wrote more executive orders than any president in history. Hillary didn't pay attention.  Ignored people.,0,1
"My thoughts exactly. Like when Trump was lauded for refraining from the worst insults (sort of) in the last days of the campaign, as if that was a major achievement for a man vying for the position of the most powerful leader on the planet. As you say: Tragic and pathetic. And mind-boggling.",0,1
"RA:  Well, shoot, that just about sums me up.  As usual you are jumping to conclusions lacking facts but you can't help it, I know, it's too bad, maybe someday.....You are a hoot!",0,1
I wonder how many women that judge has raped.,0,1
"Mary Pat...Trump is NOT a mature adult....and yes it's really pathetic that he has to be flattered et al.....a spoiled child is more like it

A very very dangerous small child.",0,1
Would be fun to find the punk with the bat and use it to smack him out of the country,0,1
And of course we dont hear ostupida saying diddly about these psycho punks burning down cities. He likes it that way. What a joke of 8 years this classic jerk has made our country. Deport the freak asap,0,1
"You mean when he an and adult entered into a consensual relationship? And how does that compare with Trump grabbing women's pussies, groping them, moving in a married women ""like a bitch""; deliberately and knowingly walking into the dressing rooms  of naked 15 year old girls unannounced and so on?  I'll tell you how:  It doesn't. You're the reason sexual predators like Trump not only get away with what they do, but flourish.",0,1
"Oh look, ostupida has not made a single comment for these asshats to stop burning property. If i owned those buildings i would be on the roof shooting them one by one. Problem solved.",0,1
Hes a racist in your mind because you read it on the internet. Stoooopid,0,1
"You mean the Republican business owners retaliated by cutting hours, just as they used part time workerslaws formerly in effect to avoid providing benefits. Just proves that try as you might, honor cannot be legislated, though lord knows Obama tried.  Yeah, I remember all of their threats and machinations.  Disgusting then, disgusting now.",0,1
"Yes, Victoria, we are all out to destroy it.

Now, would you please give us your opinion on the tens of thousands of children who were sexually abused by priests and on those Popes, Cardinals, Bishops and Vicars Episcopal and General who covered up en masse? 

We're waiting...",0,1
"Great, it was a loser and another Trudeau photo-op from the get go",0,1
"I read your leftist rants and find it hard to believe, but then it's hard to believe the news and papers today! But then they tell you what you should care about anyway!  “Only the aspirants for president are fool enough to believe what they read in the newspapers”.  Christopher Hitchens

The left is back, and it's the only path we have to get out of the spot to which the right has sunken us. Socialism builds and capitalism destroys. Hugo Chavez   How that working for Venezuela?",0,1
"Does it matter, ClrCrk?  They were scum when they were democrats, they're scum now that they're republicans.  No party should tolerate them.  Nor should Americans.",0,1
sore losers...,0,1
Hey Eric ...it's been proven that the people inciting violence at the Trump Rally's were sent there and were paid for their services by the Clinton Campaign and so far it looks like everyone knows it except you. So when you try to extend the idea that it was Trump doing it you look both ill informed of the facts and silly,0,1
"Now, only a very gullible, easily brainwashed person could believe such an absurd proposition, that those hundreds of screaming, bloodthirsty bigots at every Trump rally were ""plants"" from the opposition. Next, I imagine your revisionist history will claim those all-white rallies were racially and ethnically inclusive, and gullible fools will swallow that line of hogwash.  Why not just be politically incorrect, and shout out your bigotry and misogyny with pride! Let's clean up America! Jail the degenerates! Hang the corrupt B*%#! Hillary! Remember, Trump promised before everyone that if elected, Hillary is going to jail. Deny that, gullible bigoted fools.

And before you retort with your knee-jerk accusation of anger and hate, I will tell you this - I write this with nothing but cold contempt for the hypocritical self-righteous fools who were manipulated through their bigotry and anger to elect a person who holds his supporters in utter contempt.",0,1
"The Black Panthers and the KKK are not remotely comparable. Setting up lunch programs in the ghettos and burning cross and hanging people by their necks are not similar activities. Your historical knowledge is skewed because you are likely a racist too Mr. Loewy. If you're so worried about terrorism stop looking at Muslims and start looking at crazy white Republicans like Robert Lewis Dear Jr. and other white, Christian terrorists.",0,1
"Yes, something should change. Imbeciles should stop typing nonsense about national leaders legitimizing violence against the police.",0,1
"Still pumping out negative articles about the winner and future POTUS I see ADN. What a sorry loser. I am sure many of the losers want him to fail which means they want America to fail.Grow up, and get over your loss.",0,1
If seems that that place is cursed. Not Hi Fi itself but the space in general. Same kinds of things happened when it was the Hodeo.,0,1
"NYC is filled with demonstrations as is LA, with protests across the US for the fourth day in a row.  But is it covered by ADN?  Not at all.  There have also been dozens of hate crimes and instances of defacing property, including in middle and high schools, that spew racist, violent content, but the only thing ADN published was on the one false hate crime that was reported.

What a trash news rag.",0,1
"Hey Roy  you're full of crap again,  if I paid in to a separate account the same amount of money that the government took away from me,  I would be so much farther ahead in my SS payments, its the non working deadbeats  that we are paying for.",0,1
"Let me confirm ... I am indeed prejudiced against "" Ignorant, self-righteous fanatics who feel they have every right to mess with other folks lives.""

They're free to practice their mumbo-jumbo among themselves, but they best keep from messing in other folks lives.

-- Paul",0,1
"My only concern about Posse Comitatus was when I was in the military. 

""The Posse Comitatus Act is a United States federal law (18 U.S.C. § 1385, original at 20 Stat. 152) signed on June 18, 1878 by President Rutherford B. Hayes. The purpose of the act – in concert with the Insurrection Act of 1807 – is to limit the powers of the federal government in using federal military personnel to enforce domestic policies within the United States.""

 The bastardized version adopted by racist nuts in Idaho etc. has the same relevance to the issue of secession and the Civil War as the positions of the anti-income tax idiots like our 74 year old Coquille guy doing 97 months in the Federal Pen for tax evasion have to the work of a Certified Public Accountant.",0,1
"The thing that saddens me the most about the black face incident, is the lack of any concern by most white people about why we have never had equal protection under the law for all Americans. It seems obvious to me that white law professors that are ignorant about the role of white racism in every aspect of American life, including our justice system, contribute to us not having equal protection under the law. Of course, it is hard to see a problem when you are the beneficiary of that problem. Or maybe, equal protection under the law is just another white privilege. Most white folks seem happy with the situation. They think being polite and respectful to black people is like being lynched. BTW, the GOP wants to go back to the original Constitution. Land owning white men were the only citizens with full citizenship rights in the good old days.",0,1
"Oh yeah, that explains the widespread uptick, dumbass.
http://wtvr.com/2016/11/12/racist-graffiti-hate-crimes-post-election/",0,1
"What's the matter?   Do you not know real history?  Probably not if you're a white American.  You've established your identity on a fairy tale.  Making the conversation about me instead of reality is what people do when they can't discuss anything measurable.   It's not intelligent. The exploitation of themselves that white people voted against by voting for Trump is of their own creation.  They just didn't care when it was Native people and black people being slaughtered and brutalized by the millions.  They could continue with how great and ""free"" America is, along with their meritocracy-equality fantasy drivel.   The truth is that the poor were exploited and crushed in this country for centuries until FDR came up with the New Deal.  It didn't extend to anyone but whites, however.  Since the idiots started voting for actors, those policies have been under attack, but they couldn't see it.  Oh, wah.",0,1
"You don't get it. I am not saying Trump is a great man. Yes he has lied. That said Hillary Clinton has lied her whole career. Heck she even got caught with her comments about having public and private positions. When you look up the word liar int he dictionary Hillary Clinton's picture is there.  Also Bull crap on the sexism, rasism, xenophobia etc. Liberals throw those labels at everyone who opposes them. Sorry but you have cried wolf so long no one believes you.  I am a moderate not a conservative and I know the ways both conservatives and liberals argue their points both has stupid arguments at times. But the left always throws those labels out when they are losing. Here is a good video for you to watch.  https://www.facebook.com/JonathanPieReporter/?pnref=story  
I honestly don't like a lot of things about Trump but your party put forth a candidate that was worse. The democrats did this to themselves.",0,1
hope the perp is dead,0,1
"Sore loser, and slinging mud WOW!!!!!!!",0,1
"Hey ms.amylou, you are rude, you call names, you are mean spirited much of the time, as are most Trump supporters.  I haven't seen you telling your nasty buddies to stop their nasty little jabs.  You can start with Nick Travis and waveamaker. 99.9%of the comments I review on here are ""mean spirited"" remarks by Trump supporters so don't presume to lecture me.  Got it?",0,1
"Wow, you're way more of a psycho than I imagined.",0,1
"Right?  
I just cannot get over the fact that these men don't seem to understand how incredibly foolish they look.",0,1
I've discovered that it's censorship by Old Soul ...and all this time he sat quietly and allowed JJP and Gary Crum take his beatings for him ...coward your name is Old Soul,0,1
"Negative Negative Negative. That is you Mr. Paul Jenkins. The Democrats watched and listened to the party of no for the last eight years and now you expect politeness from the Democrats after a racists, sexists, super creepy person is elected to be our next president. Don't think so. We just elected a man proud to be a pussygrabber. You go right ahead and defend this disgusting human being. Feel great about yourself! Sleep tight.",0,1
"Hey, if this finally gets republicans off of their asses to propose their own solution to skyrocketing health costs and millions of uninsured Americans, then I say more power to them.  Let's see them do their stuff.",0,1
"First, can you drop the ""Uncle Phil"" please... I know clowns like you aren't very creative, but that horse has been beaten dead long ago. Second, Phil Knight never offered anyone 10 million. That came from a ""reporter"" who said Knight is ""reportedly"" willing to pony up for the right coach. Of course we wouldn't expect an angry misinformed hack to actually research something or state facts, now would we. I'm thinking you probably also believed  ""reports"" by CNN or MSNBC suggesting Hillary was up 15 points before the election.  Read the sign...Stupid...Stupid.",0,1
"How much exactly was spent trying to cram the last 5 bonds down our throats? Enough to build a new school? One wonders. I got a C in math, but I did figure out, if my SSI goes up $3 a year, and property tax goes up $300 even WITHOUT another fat school bond being passed, that can't end well for me. Thank you, county, for offering to not take my house until after I die, but I'll work something else out. Like getting Obamas' minions out of county& city positions, and of course, the school board. You people are  worse than useless. Teaching children to hate America, and labeling anyone who objects as racist & worse. Supporting Hillary's One World plan while sucking up a huge, phat paycheck. Enough of your malarkey, and enough of you all. Pack up and go, all of you. Recall them all. One world, my ass.",0,1
"The folks who voted for Trump would not be violently protesting if that is what you seem to be projecting. You are right, both Clinton and Obama showed some class, Harry Reid showed the extreme side of the dem. party, and he is a shining example of what the folks have had enough of. Do you still just not get it? Are you and others here so indoctrinated you just cannot see the truth? What a sad and violent party the dems. are. Throwing temper tantrums when you don't get your way. You on the left who will not condemn the violence are indeed a part of the problem even if you are  not actively participating. You folks do realize, or maybe not because some on the left just don't seem able to think critically but those idiots destroying property, those idiots hurting innocent folks, they are doing even more harm to your party.",0,1
schatz is a liberal go along guy  pretty useless,0,1
"Seriously, do yourself a favor. Posting comments devoid of facts and substance makes you look foolish. You really don't know anything about climate change or alternative fuels. You don't have the faintest idea of the research being done in these fields. You are the prototypical Trump supporter, who claims to be the ""greatest"" and the ""most talented"" at anything and everything, but is actually, in reality (which is what matters most) you are anything but the greatest or the most talented. It's classic narcissistic personality disorder; it's not surprising that you support Trump. You believe yourself to be the best and you think that's all it takes, saying you're the best, but not proving it by actual work or credentials. So of course you believe no one can be smarter or more talented than you... until of course you go out into the real world and see how it truly is, and not what exists in your fantasized version of it. I almost feel sorry for you... almost.",0,1
"This is ugly folks, because the message the Trump campaign brought to this country was that it's going to be ok to be a racist, zenophobic misogynist. The rallies were full of people saying the most racist and hateful things, and talking about committing violent acts upon those who disagreed.
Just want you right wingers to know that I'm one of those boot-stomping, physical Lefties. I've been in political riots in Europe and know my way around, and there's many more of us. Accost me on the street and see how quickly I will take your dumb redneck butt down. Don't be flying that nasty traitor's rag either, It will get ripped up faster than you can say 'I'm a racist Trump supporter'. Spoiling for a fight.",0,1
"And so you reveal yourself to be not only a sore loser, but an antisocial winner as well.",0,1
"BWAHAHAHAHAHA!!! tRump DUPED ALL YOU RIGHT WING EXTREMISTS!!!! LOL

He lied to you and you fell for it hook, line and sinker!!!! HAHAHAHA YOU SUCKERS!!! LOL

WE ARE LAUGHING AT YOU, NOT WITH YOU.",0,1
"Oh, then why did Clinton get close to 2 million-and possibly more--votes than Trump?  Doesn't sound like a mandate to me. Sounds like a lie perpetrated by a con artistist and his thugs.",0,1
"OK, so you voted for nobody, or someone who didn't win. But my recommendation stands, dogs - be happy. Politically speaking, Democrats lost big, and you're always saying Democrats are evil. So you should be happy, not rubbing it in like a jerk. You see my point, don't you?",0,1
"Bannon is a racist and he's an antisemite. His death would be nothing to mourn over, unless you're a racist antisemite.",0,1
"Oh, I agree, but I was commenting on the horrible idea of Sarah Palin as Sec. of the Interior. She'll be out shooting the fricking buffalo!",0,1
No actually this one is more on the democrats for running a crappy canidate.  People voted against Hillary far more than they voted for Trump.,0,1
"Damned if you do, damned if you don't. This type of research will propel Alaska forward and allow us to compete with Norwegian companies which have marine product research which drives their economy. UA needs to expand its marine product research like Norway has: https://www.ntnu.edu/research/research_excellence/nobipol  

I would like to see more Alaska Sea Grant funding researching the niche uses for seaweed and marine products such as pharmaceutical delivery and natural polymer production.",0,1
"You whiny losers need to stfu.  Give the man a chance.  He needs to surround himself with all the best people like Hitler did.  After all, they are a winning team.  They won!   Paul Ryan is going after your Social Security.   Drain the swamp.  Fill it with big losers.   Sprinkle in a dash of white supremacy to keep half the people happy and half the people crapping their pants.  Slash taxes on the very weathly.  ""Reform"" Obamacare by getting everyone to subsidize those who have insurance thru work (hint: this group does not include the working class) and screw poor people.  They can get care in emergency rooms to be paid for by all.",0,1
"Why do we continue to hire such ignorant representatives to our congress? Schatz is just one more bobble-head without the ability to think for himself, same thing we see in Mazie & Hanabusa yet we still send them off to support a broken system and the Lefts push towards socialism, a goal that WILL NOT WORK IN AMERICA.  Hillary was/is a lying CROOK, Bernie is a screw-up and sell-out that was set on providing everything free for people too lazy to get jobs and provide for themselves yet he had NO clue how to pay for these free gifts other than higher taxes and failure of our economy with his bogus ideas.. Hawaii has NO imagination, just follow those that promise you the most free stuff and you elect, like sheep or is it RATS as they happily race towards the edge of the cliff...",0,1
The whole darn Apostolic Exhortation..,0,1
Get over yourself - you sound ridiculous.  Quit with the hate speeches and try to be nice to ALL people.  Nobody believes this liberal drivel anymore - the lies have been exposed for all to see.,0,1
I am really glad that you publicly agreed that Kilkenny............... is a SNAKE.    My work is done here........................,0,1
"Johnson is obviously a jackass, he thought only he & fellow repubs could fix Alaska's problems...not realizing they are Alaska's biggest problem.  Good riddance.  Nueman should work at the post office with that frickin attitude....what a douche.",0,1
"You've really drunk the racist hate kook aid haven't you? Bannon is a hate-mongering, white supremacist, anti-semite, homophobic slime ball.  While I agree that Trump followers are the same,  Don't forget that Trump did not win the popular vote, and neither, Bannin or any other of his stooges represent the decent majority of Americans.  Your post is repellant.",0,1
"This looks like a political rally for Chris Lee...maybe he wants to run for a higher office...did he get money from the Soros machine?  These people are myopic and gullible believing everything the left wing national news orgs pump out.

That Japanese/Hawaiian gentleman who said his grandparents are Japanese nationals says he fears his family may be separated...what an uninformed statement that borders on the ridiculous.  Maybe they are all there for the span musubi???

Hawaii is a donkey state since day one...so, the elephants register as donkeys just to get elected...what a sorry state of politics in Hawaii.

Well...Hawaii has a whole bunch of people, to include unions like the HAWAII state Teachers Union, that are very intelligent, but, not very smart...border line gullible morons, I would say.",0,1
"WOW Ron, What are you 'using' I would like to have some for my friends that share your moronic views.  ""historic economic recovery"" I haven't appreciated a laugh like that so much in years... We have 90+ out of work Americans that just might argues that statement....   I will admit that you are correct on ONE point.. I did not suffer - good planing, retiring from the Military and a second job left me in a good position, looking forward to even a better position soon...

I was going to 'flag' your post for your idiotic remarks about 'murderous mobs, assassinations and enticing violence' (something you seem to approve of) but they didn't have a button for ""STUPID"" so you are safe..",0,1
"""Non-PC speak""; right. Like ""campaign device"" is really right wing spin speak for ""huge lie to convince Trump supporters to vote for him.""  And ""pussy grabbing"" is  ""just locker room talk""  heard in no real locker room, ever.  How do you define hate speech? I mean, what do the words faggot and nigger and kike and wop, slit, etc mean to you?",0,1
"hipsters, white people with dreadlocks, credit card hippies, and self-entitled self-righteous over privileged idealistic white millenials. 

if i were a minority, a woman or gay, these would be the absolute last people i would want taking up my cause, or attempting to represent my interests and/or frustrations.

but alas, i am in fact the problem- a thirty-something white male- the sole cause of every injustice ever perpetrated on anyone or anything since the damn of humankind.  and i've never been so ashamed.",0,1
"Bob, I want to thank you, thank you from the bottom of my independent heart. You see, the louder you squeal, the further off the cliff you go and the more out of control stupid assed excuses you throw out, the more I smile and revel in the Great Donald Trump victory. You can piss and moan all you like about electoral vs popular (you guys said you had an electoral wall that could not be busted through so you would win anyway) You can pan the demonstrations all you want, (note, they are all in liberal cities so they are talking to themselves) and you can continue to blow all those hateful words out of your arse but realize, they aren't sticking. Yes Bob, you and your partners in lib can keep yell, cry and scream til hell freezes over....it just makes me smile all the more. 
And when it gets to be just too much, get a cupcake and go to your safe place and shelter in, yep, place.",0,1
Ahh another sore loser,0,1
"Ahh, holding people accountable for what comes out of their mouth.  His views and thoughts are there for the world to see.  
Two pigs in the same trough.",0,1
"According to the Southern Poverty Law Center, Stephen Bannon, Trump's propaganda minister, is a bona fide White Nationalist and hates Jews and Muslims. And others as well. Sounds mighty neo-Nazi-ish to me.",0,1
Tammie Wilson and Laura Reinhold are two legislators who realize the parasites will eventually kill the host.,0,1
"Thank you Mr Trump. It took an outsider to get Canada off the stupid ""climate change"" religion. It had no basis in fact or science. It was all about new ways to steal peoples money. Make it a religion and a lot of simpleton's will bow down and actually believe in it. In many religions of the past, the ""experts"" and the ""elite"" told people that they had to take their children for human sacrifices to stop droughts, earthquakes, volcanoes, the days getting shorter and a lot of other problems. Sacrificing humans to try to solve problems was about as effective as trying to reduce CO2 and just as stupid. I hope DJT cancels most of Obummer's dumb executive orders and then ""gets him out of here"". ""Get him out!""",0,1
"Before you bigots and Native trashing racists go any further with your unproven conclusions about us, consider this. It is statistically proven by research, studies, and law enforcement stats that white men are at the top of the list for child rape and child sex killings. White men also commit the most heinous crimes of any group in the country, serial killings being at the top, studies show.
In 2010, the Justice Department reported a disturbing trend where ""American child sex tourists typically are Caucasian males aged 40 or older. Such predators may be either situational or preferential child sex tourists. . . Some organizations estimate that U.S. citizens account for 25 percent of child sex tourists worldwide, and as high as 80 percent in Latin America.""",0,1
"He's a Canadian judge.....he can't vote in the US. If a judge in the US wore a Trudeau hat, no one would care. This is media driven, in my opinion. Either that, or Canadians are getting too excited about an election that isn't theirs. You should be excited that the criminal globalist lost, despite all expectations.",0,1
"Retire your fingers ""Ailina"" you troll.  Free Canada Press is an anti-catholic and anti-semetic alt right online blog run by Judi McLeod.  They are the same outlet that claimed 9/11 was an inside job perpetrated by ""the mob"" and any Latin Americans who protest tougher immigration laws are actually acting under detailed instructions from ""Swiss Jews, an Irish/Canadian manager, and a Califormia Jew"".  

http://www.sourcewatch.org/index.php/Judi_McLeod",0,1
"Unless the comparison is apt. Here's the 8chan/ thread Trump lifted his Hillary/Star of David meme from: http://archive.is/E0Dto It also features sentiments such as: ""Death to all non-whites Hail Victory"" and ""Jews are two-faced backstabbers who aren't to be trusted"" and refers to Hitler as ""Uncle Adolf"".  Recall he also retweeted this: 

https://mobile.twitter.com/realDonaldTrump/status/690562515500032000?ref_src=twsrc%5Etfw 

from @WhiteGenocideTM (which Trump STILL hasn't taken down)

And he told the Republican Jewish Coalition: “You’re not going to support me, because I don’t want your money,” he said. “You want to control your own politician.”

Cant you connect the dots ""Kalli""?? Or are pleased that a white supremacist will shortly be occupying the Oval Office?",0,1
"Lynn ...The  vulgar statements you have described weren't what he said. Who would you have a Christian vote for? Donald Trump who sees himself as the man for the middle class or Hillary Clinton the corrupt, lying thieving murderer with no class or low class?",0,1
"weirdos. The ""devil"" is controlling the world?? So WHO made the devil or ALLOWED the devil to control the world?

WHO made the earth with earthquakes and tsunamis along with asteroids, droughts etc??

WHO made animals attack with savagery and fangs, poison sacs etc?",0,1
This court approved 3rd is crap they never watch the person who the hell has time to do that?? Why don't we have the death penialty?,0,1
"Gee Tom, anyone that breaks into your house would be facing your guns huh? But when they break into my house and face my guns im a back shooter and a murderer, and guilty of such. I find it amusing how you can spin the situation to make it ok for you to defend yourself with firearms but when I do it Im a murderer. What an ignorant comment coming from a person who is crucifying another for doing the exact same thing as himself, protecting home and family. You are the true textbook definition of a hypocrite.",0,1
"Canadian PM Justin Trudeau is trolling for private investors to provide money to help improve and build infrastructure in Canada.

I guess Trudeau is a troll.",0,1
"""A ""moratorium on all Muslims entering the country"" is a legal issue insofar as ""religious freedom"" is relevant.""


It is also a moral issue.",0,1
"Since our corrupt and incompetent governments are screwing every man, woman and child in Canada up the you know what, to remain inside the law, they need to remove age restrictions around anal intercourse.",0,1
"I didn't care who won the presidency BUT  I'm amazed that people who hated Trump assume that you had to be stupid, racist, or misogynist to vote for him. It appears impossible for most of the media writers to accept that many smart people think voting for Hillary's way of doing things was no guarantee of being stronger together and was  the wrong way to save the very country she is so proud of.

Now most of Bernie's supporters find little to like about Trump but they have one thing in common with Trump supporters: They saw no improvement in their lives over the last 8 years and didn't want 4 more of anything like it. Take the uber liberal states of California/New York out of the mix and Trump wins the popular vote in a big way. And  we have the electoral college specifically to keep highly populated states from determining the future of the fractious republic. 

Garrison's mistake was drinking scotch with republicans watching football. Real republicans drink beer on Sunday.",0,1
"Conservatives would never riot or burn the flag, their little hands would get dirty. 
Tsk tsk. They let congress do the real dirty work. There are trump supporters who can't control themselves, like the creepy coward who sucker punched a woman in the face last night in a restaurant in New York because she was disappointed with the election.",0,1
"C'mon, they are ""literally insane""! Literally! What more do you need?",0,1
"There are a host of other changes this government should be looking at reversing, starting with some of the ridiculous guidelines for petty drug offences and the mandatory minimums those carry along with the stupid changes made to the pardon system making a person wait up to a decade before they can put their past behind them and once again become productive in society.

Who really cares about anal sex?  Great sense of priorities these clowns have whenever practically no one has been prosecuted for this for over 30 years.",0,1
"Oh come on, Pence is a religious nut control freak.  Yes, deliberately ignorant, hypocritical religious control freaks traditionally want to ""know everything"" except science, math, stuff like that. On the plus side, the undertaking business in teeny, tiny matchstick-sized coffins has picked up since Pence was elected.",0,1
"How interesting that ""two-spirited"", is the mixing of race and sexual orientation to create a new ficticious ""gender"". 

Silly me, I never knew people of different races had their own unique genders too.",0,1
"damn straight they both should be charged and the crazy thing is indian child welfare was notified to his abuse but the icw didnt respond to it. my two other cousins were neglected pretty bad. i just found out this stuff living on the other side of the mountains, lethal injection!! to her",0,1
Actually if you follow the timeline of when they commented compared to when the article was updated with the name you'd see that it wasn't publicly available on ADN until after they asked that question. Try to use some sort of rational thought process before getting too excited and commenting like that. Dick.,0,1
"I'll bet that gun was passed around on the black market several times, getting progressively cheaper each time it changed hands. Says crim number 5, ""Hey, I got this dope Hi-Point for a half gram of baby laxative"" Now you know why. At least they all filled out form 4473 each time it changed hands.. Oh wait, they don't do that when trading guns for coke, do they? Damn black market loophole. (P.S. I don't know that it's a Hi-Point, just guessing there's an 80% chance ;).",0,1
Section 160 should also be amended to include sexual acts with animals not involving penetration.,0,1
And I lost my arse when I partnered in a Jeffrey Dahmer cookbook.,0,1
"I've seen that video and that woman.  Frightening.  I've been watching many Third Reich videos on youtube for the last few years.  I must have sensed something bad was about to happen because despite my husband making fun of me, I couldn't stop watching.  There will never be an answer to why so many people voted away their future to a racist, misogynist tyrant.  The taunting and beatings of people have already begun.  I wonder if we'll have the Trump Elderly, because the youth sure do not like him.  Other than that the parallels are similar.  I'm afraid he'll start wars, but this time there will be no leader in the world who is strong enough and has the capability to stop him.",0,1
WTF. Monsters should never be allowed outta jail or have a bail lowered ICW should also be accountable since this child was placed in this home with a total of 9 or how many other kids were there.  I have zero nice words.,0,1
"You are CLUELESS................YOU need to QUIT smokin the  WHACKEY , aka DEVILS SALAD.   

John Kerns made a  extremely ""STUPID"" decision by having parties at his parents house, his decision probably based on alcohol use or drug use.   His decision shows NO RESPECT for his parents.  SHAME ON HIM.   

THUMBS UP FOR CHIEF KERNS, you stand for INTEGRITY, HIGH CHARACTER, HONESTY, I am proud you are our CHIEF.",0,1
Seems to me this woman has earned a special place in hell.,0,1
Wow--a WHITE criminal's photo made the paper!  All he had to do was murder five folks and shoot a cop.  Black or Native would get their face posted for jaywalking.,0,1
Kudos to cabbie for calling in this scum of the earth,0,1
"Oh please.  He called the state police what, a week after the fact, to save his own ass.  And the Register Guard prints what is not really a story so that what...just to make sure his ass really is saved?  PUH LEEZE.  The only reason this is news is because of the last name.",0,1
"But wait...we have a "" brilliant "" letter to the paper today claiming that we stupid residents dont need to hunt "" cuz we have costco"". Im not making this up. We really have people that far out in fantasy land.",0,1
...they can't even wait until after the inauguration.  I told you it wasn't about winning the presidency.  It was about feeding the Trumpkins green eyed monster.,0,1
Why does she keep coming back?  Wasn't she 1/2 of the infamous love caucus with some loser from Ketchikan.,0,1
"What makes it true Tesa Ann?
Have you seen a life through conception to college?  If not, I'd suggest you keep your naive and uneducated opinions close to your chest.",0,1
"No she lost because she is inept, corrupt and uses people to her advantage.",0,1
"The anus wasn't designed to receive an insertion, it was designed to evacuate the bowel. Anal sex is unnatural and detrimental (piles of damaged blood vessels) to those being inserted, male or female. Trudeau thinks he is a God that controls all of natures domain. In reality, he is just an anus like everyone else. That's why he should protect his own anus instead of endorsing buggery.",0,1
"Or tiny handed cowards with foul mouths, sound familiar?",0,1
Eh.  That's white folks for ya.  ALWAYS playin' the 'race-card.',0,1
"DayGlo guy?  Do you mean OUR President elect?  If so, show some respect!   Or is it that your words of healing are actual hypocritical and nothing more than repressed anger?",0,1
"The lesser of two evils won. No moral high ground for you as your candidate was a liar, cheat and accept her husband's infidelity--she was an awful role model. Talk about normalizing abnormal. Dems ran a criminal for office and lost. Go figure.",0,1
We the Trumpler resistance will fight him and his followers until you are defeated . You are scum and have no business sharing good air with decent people,0,1
"If Jeb Bush or even Ted Cruz had just beaten Hillary do you honestly think we would be here?  It isn't about politics or policy.  Donald Trump is a reprehensible weasel that crawled out of a New York City sewer and then regularly spouted horrible, divisive and ignorant things.  A good percentage of our country decided that person best represented them.  I will say it again.  When you vote for a man like Donald Trump to be the President, it says something about your character, and it's ridiculous to pretend otherwise.",0,1
"You ma'm need to go a non-regilgious school and get educated.  Then you may--but I'm not counting on it--understand that neither I nor any else is protesting because we're ""butt hurt"" (nice language; did you learn that at Sunday school?) rather, because Trump is antithetical to everything America stands for. Further, Trump is in the midst of settling yet another lawsuit--this time for defrauding old people out of their life savings, among other things--so he's hardly a law abiding or ethical citizen. And people like you put him in the White House.  Why? Because you drank the kook aid about Clinton.  Hypocrite.",0,1
"Yes, I assume many progressive Bishops and Cardinals may pave the way to Hell along with your killer abortionists.",0,1
"LOL.  OK, puzzled.  I just don't have the patience.  I also hate to give Ed Hu, or RD, or whoever it is, a platform.  I find most of what they say to be so obnoxious.....
But it's good to have a laugh, and you gave me one, so thank you.",0,1
"It's getting sidelined with crap like this that cost the Democratic Party the presidency.  Ferchrysakes, if someone doesn't want your business, deprive them of that revenue and publish their prejudice on social media.  That, and organize a  boycott.  

That and bathroom access.  UGGhhh!!  I'm hetro and I'm uncomfortable in ALL public restrooms.  Just go in a stall and shut the frickin door.  Doesn't need to be a national issue. There's so much more that IS important. Nuf said!",0,1
"Most certainly not when the material is subject to the whims of the billionaires who own it.  That is exactly what needs to end.  Ever wonder how they kept endorsing Harper but few journalists in the Globe actually supported him (with the exceptions of the antagonists they put in their on purpose, ex. Wente, Yakabuski).  It was for self serving Billionaire interests (Harper will continue to enrich us).   

The new age has/or needs to come when these guys need to be brought down to reality big time and not receive tax dollars in the corrupt system they help to propagate.  When the Trumpistas wake up we will begin eating the billionaires as the parasites they are.",0,1
"I agree with ms.amyloun on this one. The couple are clearly scum, their children are still innocent of any wrongdoing; to say otherwise is shameful. I doubt you would say the same of your grandchildren if a child of yours had commit the same horrific crimes.",0,1
"WE HAVE THREE PENALTIES ON THE PLAY, ALL BY THE RECEIVING TEAM NUMBER 7.

ILLEGAL BLOCK IN THE BACK.

ILLEGAL USE OF THE HANDS.

UNSPORTSMANLIKE CONDUCT - EXCESSIVE STUPIDITY

THE PENALTIES ARE DECLINED AND THE OREGON DUCKS LOSE WHAT MICROSCOPIC RESPECT THEY HAD LEFT.",0,1
"Wow, the Liberals just keep marching on, one  ridiculous decision after another.",0,1
"Well I see that one of my comments to you was downrated for ""incivility"" or just plain gang censorship. Good work anti first amendment people.

There is no such thing as clean coal. Cleaner coal is a possibility but even taking the entire tops off mountains to get at the coal is too expensive to compete with the vast surplus of natural gas. Market forces have made coal obsolete and I believe trump knew that when he lied to the people of Appalachia that he would bring back those jobs. Power plant owners have already made the switch to cleaner natural gas. The coal industry is a thing of the past. Clinton promised to create jobs for the unemployed miners with training programs that are the future. Trump lied and got the votes. People are so naive and gullible that they would accept the hollow promises of a man who promised they would not have to move into the future while Clinton was honestly telling them that a better future was possible in spite of coal mines closing. Reality sucks ey?",0,1
How many articles came out after Obama was elected telling him he had to disavow the radical left? Gotta love the losers telling the winner how to govern.,0,1
"May I suggest there's a bit of irony in suggesting petitioners should be fired for exercising their First Amendment right to free speech with a petition suggesting someone be forced to resign or be fired for exercising her First Amendment Right to free expression.  

Ms. Shurtz's action was ""foolish"" but not ""bad-intentioned.""  She inflicted harm with an unintentional racial insult.  She also issued a prompt and, IMO, heartfeld apology for her actions.  Those petitioners, again IMO, displayed a self-righteous vindictiveness which I find contemptible.  

Making a mistake like Mr. Shurtz's shouldn't be a ""forced to resign in shame"" or ""be fired"" offense.  Nor should be being a bunch of pompous, self-righteous asses.",0,1
Trump and Hillary don't require help to look like goofs.,0,1
"No kiddin'. Junior especially, seems to be a pig.",0,1
Death penalty for this rotten excuse of a human being!,0,1
"''Furthermore, a senior Liberal MP responsible for trade said, the Trudeau government will be able to successfully stickhandle any requests for changes because it has already demonstrated it is good at trade.''  Duguid, Morneau, and the rest just have to blather on.
There haven't been any negotiations scheduled yet. Why tip our hand, or give any incentive to the opposing parties in the negotiations? Canada will be walking into a bear's den wearing a steak suit. It might be a good idea not to poke at the bear with a sharp stick.
Say as much as is absolutely necessary, and then shut up.",0,1
"how much better to be enterprising, then to suck at the teat of the public.",0,1
Burn the assailant. This is unacceptable.,0,1
"Lol. You nailed him for being the p*ssy that he is!! That guy is a notorious instigator in the comments section, pay him no mind. He's not worth it.",0,1
"But by using a pseudonym, it does make your arguments weaker, make you less creditable because it make you sound like a coward who can say anything behind the screen without fear of consequences. You use a pseudonym to avoid the consequences of what you write...something which you clearly admitted. I am not sure what sort of business you are in but I think if you give a honest opinion, you will be judge honestly. There are very few trolls on this forum.",0,1
"Dammit, people. Use your brains! When we have freezing rain, more common these last few winters than ever before, slow down, give yourself more room to stop, watch your cornering and slow down -even further- if you have to. Travel in the 'slow' lane. It's not worth the 3 minutes you gain by weaving/speeding through traffic when road conditions are bad. Even going the speed limit will not save you if conditions have deteriorated past the 'safe zone'.  The Glenn Highway is well known for icing, account for it, watch the weather, leave earlier. And if it comes down to it, tell the Boss to get bent if you are 5 minutes late by driving cautiously. Tell them to look out the window and check the traffic reports.  No more sadness like this :(",0,1
"What's your basis for comparison?  Japanese Americans from the concentration camps cried loudly enough to get $ in reparations.  If that's the standard, how much is slavery worth?  Women getting their pussies grabbed?",0,1
Gary Stevens is a crook. He's the next Don Young.,0,1
"Where? Did I miss it? Damn. Besides, are you aware that Jared Kushner, Trump's son-in-law, and one of the most important and effective people on his transition team is Jewish?",0,1
"Wow talk about missing the mark.  Are all of us Canadians stupid or just some of the people that make decisions like this.  What the heck is a Gray Jay?  Never seen one or if I have it's been really insignificant.

Ever been fishing on a summer morning on a foggy northern lake and heard a loon calling. It's an experience.  Ever been hunting in the fall and heard a flock of geese coming in for a landing honking away?  Another memorable experience if you've never been there.  A Gray Jay?  Nope no experience with them.

You'd think the Loon (yeah we even use the name in currency) or the Canada Goose (the down known world over for keeping people warm) but nope the Gray Jay.  No wonder Canada never amounts to anything, we are mediocre at best.",0,1
"Brigitta, have you been paying attention to Donald Trump's rhetoric? He began his campaign questioning whether our first black president was actually born in this country?  He has issued non-stop white supremacist dog whistles at his rallies about ""dangerous"" blacks and immigrants.  He was enthusiastically supported by the KKK's David Duke, who celebrated his promise to ""Take America Back.""  The first of Donald's three wives, Ivana, said that he kept a copy of Hilter's speeches in his bed table. His father was a Klan member. He has selected a known white supremacist, Steve Bannon,  to be his Chief Strategist.  The FBI has already reported a sharp increase in the number of  hate crimes against Muslims, Jews, immigrants and other minorities from those emboldened by his rhetoric. These people  are afraid for their safety.  He has also degraded & demeaned women on a regular basis. Wake up! If it looks like a white supremacist, and acts like  a white supremacist- it is a white supremacist.",0,1
What a goofy post. Whose name is on the state capitol building? For all I know it's Hopalong Cassidy.,0,1
Would somebody please shoot that thing before he kills someone please.,0,1
Shameful wicked old woman. We must destroy her so all bigots like her will stay in their  place.,0,1
"It's propaganda so the public forgets about the real issues, like lowering the age of consent of anal sex to 16.",0,1
"The general consensus on NCR is that Burke is a homophobic, overly legalistic jerk who loves to show off his regalia as a cardinal. He is the only one I have seen pictures of who actually wears a cappa magna -- most cardinals don't bother owning one.",0,1
"Correct, they are only human shields for Palestinian terrorists.",0,1
"Native Hawaiians already determine their political status - they get to vote.
It is their own darn fault that they keep voting for Democrats all the time. they deserve everything they get.",0,1
"And that's a perfect example of the arrogance of liberals. You know what's best for everyone, don't ya? Any other opinion or view is ignorant and will not be tolerated. For a party that demands tolerance, you really don't know the meaning of the word.",0,1
"Hey God, great to see you are still worth less than nothing here, trolling, fishing for that angry reaction! In terms of irritation, you are less than a pimple on my butt. HTH :>)~",0,1
"the whole discussion about Hawaiians' self-determination is gay*. They are part of this democracy and I democracies you get self-determination.

IRONIC: Hawaiians are crying to get out fro under this DEMOCRACY (via independence or a form of ""government)so that they can democratically vote who & what they want. But only what HAWAIIANS want. So Hawaiians want a democracy, but only a democracy where only they get to vote. So they want an exclusionary democracy. Great...Ironic.

*I'm using the phrase 'gay' I the old fashioned (circa my small-kid times) way: lame, stupid, ridiculous. NOT to describe a sex preference",0,1
"Good Lord what a bunch of non-realists. Must be democrats. What the writer said was true, ""Seriously, it's shocking how many people will watch people do boring things if it happens in Alaska."" That these moronic shows exist to satisfy the masses of the great unwashed shows also the degree to which individuals no longer think.",0,1
"Unfortunately the lunatic left of the Oregon State legislation has by state wide law enacted that the entire State is a ""Sanctuary State""

However, in light of the U/O kindergarten of fools.... IMO, That if an illegal alien comments a rape, or say murder on campus it's seriously time to demad withholding any further public tax dollars.",0,1
"I can tell you from personal experience, the 'victim' in this case was a scumbag himself.... Karma finally got to him...",0,1
"Obama is the racist.

When white racist Dylann Roof tragically murdered nine black Christians in Charleston, South Carolina, 
Obama said:   “The motivations of the shooter remind us that racism remains a blight that we have to combat together.” 
 
Yet, when homosexual black racist Vester Lee Flanagan, whose alias was “Bryce Williams” during his failed career in journalism, viciously gunned down a reporter, Alison Parker, and a cameraman, Adam Ward, only because they were white,  Obama said:  “The number of people who die from gun-related incidents around this country dwarfs any deaths that happen through terrorism.”

More:
""Trayvon Martin could have been my son.""

""My grandmother was a typical white person.""

""That's just how white folks will do you...""",0,1
If your with the Governor then your a thief also!,0,1
"""No, America needs resentment management.""  Very useful point.  Clearly, the resentment that has been building up among some whites over the last eight years has been very hard on the body politic.  Soon, the black president will be gone and the whites who voted for Trump have elected a man who will Make America White Again. As soon as Trump has Made America White Again, the whites who voted for him will no longer be eaten up by resentment.",0,1
"I thought it was funny. I love sarcasm, especially if it makes fun of science denying imbeciles, and even better those who think typing all caps gives their comment more authority. Well done, Centaur.",0,1
"Whitaker is one of Alaska's oddest political ducks.

He's perfect fit for Walker and his freak parade.",0,1
Schill kisses every butt but he will do whatever the feds want - a fake.,0,1
Darn. I have a great idea for a sustainable homeless shelter for this location..,0,1
"""Dismissing people who are worried about rest stops locating in their neighborhoods as ignorant bigots, as one homeless advocate has done, is counter-productive.""

Golly!  Who would ever do that?",0,1
Probably when it becomes a radical christian extremist event. 1 nut job does making empty threats not quite measure up to the millions of nutjobs killing people all over the globe. The radical Muslims are murdering people in dozens of nations aroung the world. Anyone with any intellectual honesty would not try and draw a comparison here.,0,1
"Christian or not, they did not murder in the name of God. They were certainly evil and radical extremist but were anti-government and many believe they were reacting to the Waco and Ruby Ridge incidents.

The Muslim radical extremists are doing their deeds in the name of God.",0,1
"OMG, you couldn't be more right (wing), the thot that we nearly voted in a woman for President who had some comparatively minor email issues absolutely terrifies me! just think of the cataclysmic horrors we avoided ...now that we'll have somebody infinitely worse than she could have ever been! 

meanwhile, Obama is handing over a national economy that now mirrors the strength of what Bill Clinton gave to dubya and will be succinctly trashed to death again by another vacuous, self absorbed, never right jerk who'll tragically take the unprecedented crown of Thief In Chief.",0,1
"Sharon
I didn't expect it in the printed edition but did on the on-line edition here, which by the way is now excellent.  See Jason I do give credit to the 'Langley Times' >sar, when it does something well. 

But Sharon, all I can say, again from my own observations, is that the South Whidbey Record is a little more liberal left leaning than the rest of the news papers in America.  I have mentioned bias by what I jokingly refer to as 'The Langley Times' concerning the South End for a long time.  The editor and their publisher don't seem to agree.  Well that's to be expected.  But I will pause to say factually that the Editor does think that I am a jerk.  Oh well, I think sometimes he needs to look at himself in the mirror. But enough child like complaining.SW

I, for one, appreciate your letter and appreciate SWR printing it.  Perhaps if enough readers feel like you and I do we can start getting a better well balanced paper.  They changed this site perhaps they can change the paper.",0,1
"""The coarseness of this election was, in part, a result of people being called ignorant, racist, nazi, etc. for questioning liberal orthodoxy.""

Wrong again, Larry. People were called ignorant for being ignorant, and spreading false information taken from alt right websites without ever considering fact checking before parroting. (They should be called alt wrong websites.)

People were called racist for making racist comments, which of course were simply considered anti PC remarks by the racists. That's the racist way of being PC, ironic as that is, and it kind of brings us back to the ignorance thing, again.

Calling someone a Nazi who has ideals that align perfectly with Nazi ideals is simply a reflection on that persons belief systems.

The remainder of your comment is too inane to even discuss, which once again brings us back to the whole ignorance thing, again, Larry.",0,1
The fraud-elect needs to face his accusers in a court of law and then kiss his fraud election good-bye.  Lock him up damn it!  If lock her up is good for Hillary it's good for Dump Trump.,0,1
"Democrats continue to cry over huge losses more than a week later.  Sore losers.  Poor Sports.  Sour grapes.  More sad, our Hawaii Congressional Delegation is now destined for broom closets in the basements of Capitol Hill, when spoils are divided and office spaces, staff and resources distributed.  At least Gabbard had the courage to speak out against the Clinton Inc. corruption.  But, vindictively, Clinton Inc. retaliated, kicked Gabbard off the DNC and refused to give Gabbard campaign money.  Now, Bernie Sanders could have beat Trump.  Such is the stupidity and arrogance of the entrenched elitists of the Democratic Party and their mindless minions whom embrace such tribalism.",0,1
"There was no fraudulent voting, only voter suppression in red states. Your comment is ignorant at best, malicious at worst.",0,1
"""Questions about what's between their legs""
As opposed to what, a vagina?",0,1
I do. These people should be wiped off the face of the earth.,0,1
Sore loser eh. Haaaaa,0,1
"It certainly appears U/O President Schill has a mental disconnect of sorts. 

Schill write: ""But like the majority of my predecessors, I am also deeply committed to the principle of free expression, both as embodied in the First Amendment and in the institution’s tradition of academic freedom. Let me ground this conversation in the unequivocal statement that the UO embraces free expression as one of its core principles.""

Where as of late, Schill signed on the ""Blackface"" letter condemning a U/O law professor which in effect says "" your first Amendment rights does not matter"". 

What the heck is wrong with Schill? Is he addicted to the Hillary two step syndrome? Or is he just another reminder of the many grim failures of philosophical liberal cohesiveness.... in other words... just plain stuck on stupid?",0,1
Sorry sunny. Enforcing the rules and kicking terror punks in the ass is not racism!  That'll learn ya!!,0,1
""" I also found Sr. Liu's spiritual presentations to be relevant and well illustrated.

I heard one SDA man giving a talk and found it unbearable. He spent the first few minutes recounting the magic, Daoist devil dealing, sorcery, Buddhist nonsense, etc. he had been involved in before becoming an SDA. If I had to choose between listening to a woman or men like him, easy choice.""


So , the conclusion is, most or all women will preach like Liu and most or all men will preach like that one man? Most readers here will know this is unfair & illogical.
There is a point  here though..
Attendance is predominantly related to sermon quality!
Does anyone expect SDA women to preach better if they are products of the same higher education as SDA men?

Why are so many leaving? WO?? Naaaa
SDA homiletics, across the board, are inept & pathetic.
During the first revival in American history...George Whitefield laid the blame on the preachers for the poor spiritual climate.",0,1
"Well, I am in the game-both Holder and Lynch were some of the worst racist AG our nation has ever known. Lynch is nothing but pet slave of Al Sharpton and his brood of black racists. How bad can Jeff Session truly be? 
Funny thing about racism today compared to racism of 1960s and prior is that racism is not longer the monopoly of the white folks. I should know since I am not white guy myself. Racism now comes from every color of every ethnic groups. Blacks are just as racist as white, so are the Hispanics or even Asian Americans or natives. Nowadays, anyone can call anyone...""a racist"" and due to that, it has become almost worthless descriptive word. If Mr. Putski called me a ""racist"", and I do the same and we will be down to a level of couple of children calling each other names and resolving nothing. I think there should be ban on the word ""racist"" because it really means NOTHING in this day and age. But I doubt if that will happen since its a favorite attack word of an misanthrope.",0,1
"yeah, just shoot this guy.  case closed.",0,1
"I think illegal Mexicans ought to be deported. And I don't ""hate"" them.",0,1
Too bad so many Progressives bet on criminal Hillary as it reinforces the 'L' in Loses. Tattoo?,0,1
"Let these people shoot each other. They're doing us a favor. By the way, I used to work in that building when it was a brewery.",0,1
"The NATO bureaucracy are lying, warmongering, careerist cowards, with not a real man among them.  They should all be sent to the salt mines.

Ptu.",0,1
"People acting in the name of religion often do violent and terrible things---Does that mean religion should be outlawed?  No---just the religion of those people who've gotten their butts kicked in the Middle East for 50 years, like Mossadegh's Iran, and everyone else who wanted to nationalize their oil...I wonder why they hate us?  

We keep knocking over governments while talking turkey with brutal dictators---the right ones, that is---Until the Islamic State or the Taliban comes in to fill the vacuum, and we get an enemy we can sell to the American public for the next fifty years, and a broad brush to paint Islam.  Oh, don't worry, because it's the other party's fault---Now everything will be better with the same old guys pulling the strings, and we can direct our righteous hate at the Muslims, because Muslim=terrorist, right?  

Oh, you're going to get tired of winning...",0,1
Block this troll. Had enough of this poser,0,1
"The Angl-Saxons did have chattel slavery. Please learn some history before spouting off. Otherwise, you look foolish.",0,1
"I gave you the standard, and that is perfection (Christ). Your justification for calling him ""disgusting"" is that he is not as good as you, which is moral relativism. I don't think he is any more ""disgusting"" than you or I.  For ALL have sinned and fallen short of the Glory of God.",0,1
"Trump is clearly a Nazi sympathizer. I've known more than one in my life and the mo, remarks, body language...and insecurity are unmistakable.  I doubt if he even listened to the short and respectful request. He saw a multi-racial cast and that was enough for him to react in par racist form. There was nothing to apologize for. Schmuck!

I'm generally ok with water boys...that is until they become a politician. Pence is a rep of the far right. He probably chuckled to himself as the request was made. He has no intention of complying. That's obvious. But it's good theater I guess.",0,1
Why was Street on the Street.  Felons should be executed.  All of them.  1 and done.,0,1
"Yea, like st. Ronnie did after the D2 lands bill, they could give a crap less, one side is as bad as the other",0,1
"Thank you, Mr. Haycox.

""In the meantime, there's the man himself, despite his election as president still a liar, racist, xenophobe and misogynist.""

There must be no ""normalization"" of this monster. The truth that he made so evident throughout his life and his repugnant campaign must be repeated again and again. 

""In the meantime, there's the man himself, despite his election as president still a liar, racist, xenophobe and misogynist.""",0,1
"I absolutely enjoy the show the ""butt-hurts"" are putting on since ""The Donald"" stomped the ""old hag"" into the dirt. Now, with the nifty ""nuclear option"" tool dingy Harry kindly provided, Trump will be able to put together a cabinet that will devour this bloated government. Sweet revenge after 8 hears of hell under the communistic rule of ""Barry from Kenya"".",0,1
"No, that's what Trump says when he assesses his next sexual assault victim",0,1
"This is an example of people on the alt-right being hypocritical. They advocate for constitutionally granted rights, and as soon as people take advantage of them, they describe them as ""stupid"" and ""clueless"" when in fact Bryn Mawr and Haverford are some of the most competitive colleges in the nation. This probably comes from a place of jealousy and oppression as miss Flowers has most likely never truly felt that her worthiness as a woman was enough, and therefore feels the need to publish snarky, degrading, and scathing articles about something she doesn't and never will understand to fit in with the patriarchal alt-right who believes in nothing more than making memes out of people who stand for what they believe .",0,1
"Booing is very rude. What you're supposed to do is chant ""lock him up!"" and scream ""Trump that bitch!""  It's also fine to call him ""nasty"" to his face. This booing, however, is disrespectful.",0,1
"Hey, online name-stealing troll, you still here? Everyone, be aware that this person isn't J Frank Parnell, just some pond scum that managed to slither on here and steal his online identity.",0,1
No. quite silly actually,0,1
"here's a quote that works, ''Democrats aren't perfect, but republicans are nuts''",0,1
"And you are among those in the Ugreen bubble that are played for a fool by such delusional subjectivity and dishonest propaganda. Need a example? Merkley and Piercy both admit to working vey closely with each other, not to mention Merkley is suppose to represent Eugene.

Senator Merkley
November 11, 2016
Facebook
Post-Election Statement
""Donald Trump, a sexual predator who lost the popular vote and fueled his campaign with bigotry and hate.”

""We can demonstrate that, while we may not all see eye-to-eye, we can and do disagree respectfully.""
Signed by: Rich Cunningham is chair of the Bethel School Board, Kitty Piercy is mayor of Eugene, Lucy Vinis is mayor-elect of Eugene and Mary Walston is chair of the Eugene 4J School Board.

I'm just sorry you have been played for a fool.",0,1
"One day I saw it happen for my own eyes. My friend, who speaks 9 languages and has 2 degrees, was asked stupid questions like :
- ""Is this the first time you ever wear shoes ?""
- ""Are you glad you do not have to hunt for your food any more ?""

I was shocked because the person and his friends asking the questions was 100% serious in their ignorance.",0,1
"KK, Please just shut-up! You never say anything of intelligence. The only thing you say is about how bad Democrats are. I get it your paid by the ""R's but really just Shut-up!",0,1
"How do you know it was a gang? I didnt see that in the story? Couldnt it have been someone mad? Couldnt it have been someone with mental issues? Could it not have been an idiot? it may very well have been but assuming it was ""gangbangers"" is shortsighted IMHO.",0,1
"Yes, yes, we're all sure that you know better than Mr. Haycox, distinguished professor emeritus at UAA.  What a knucklehead!  P.S. Would it kill you to use punctuation?",0,1
"Reading comprehension. Really necessary to understand anything that's written. Take a class, faker.",0,1
"""the human-garbage problem""

lol, you've got that right. ;)",0,1
"Only an honest person would be able to see and point out the unfettered truth ms. fisher. We all saw and heard the boorish sexual predator in his own words. Pointing out racist, sexist, misogynist, bigoted behavior is most certainly not as uncivil as the perpetrator of those hateful divisive words and deeds. The man you voted for is a narcissistic pig ms. fisher. And that's the sad truth.",0,1
"""Loss"" is not a verb. dummy",0,1
"You must not have read the part where I said ""on a lighter note "" .To a person who just turned on a TV it would look like something out of a crazy comedy movie .  No real hockey fan would want to attend a UAA hockey game and watch that goofball stuff.   You don't see Aces crowds , NHL crowds , or even other college hockey teams fans acting like they all just escaped a trailer park. There's a reason so few attend UAA hockey games----and showing those fans acting loonie tunes is one of the reasons. I was offering advice to help with UAA's pathetic attendance problems---saying don't show stuff like that on TV if you want real hockey fans to attend. I couldn't care in the least if you consider my comments credible or not. The bottom line is :  if UAA wants to draw more fans to games---they'll stop showing crowd shots of craziness .  Fans want to watch the game----not see tons of kids bouncing off the walls .",0,1
Better to get rid of the liberals & keep the senate.,0,1
"You might not be aware, but the Kardashians are not news.  Hollywood BS is not news.  The corporate media are miserable failures who have turned our media into a shit show.

The reason that people have turned to the internet is because we aren't as dumb as you had hoped.  We don't want to blindly believe everything you tell us because it is easy.

Welcome to the world of being held accountable for being liars and entertainment whores for years.

Why for instance, did the media keep reporting that violent Bernie Sanders supporters were throwing chairs at the Nevada convention?  Even after evidence showed no violence, media kept going on about the scary Bernie violent supporters, even corporate liberal liar Rachel Maddow.  

This is because the entire election you were shilling for Hillary, first pretending that Bernie didn't exist, then making shit up.   

The crappy state of the nation can be blamed completely on the corrupt corporate media. You suck! We had a free press for a reason.",0,1
"I watched this clash from the protestors side last night on three seperate individuals live feed on Facebook. What was reported, by those who were attacked was they were there to remove privately owned vehicles that were set in fire so that there were better access to the camps for supplies and medical aide. Shame on you for publishing this and giving clearly racist POS false information to solidify some nasty stereotype their clearly retarded family has introduced them too. Shame, this is gross and you should be ashamed for this. Thanksgiving is this week and you are spreading lies to help the continuation of the decimation of the original peoples. Gross. Gross. Gross. #keepitintheground.",0,1
"Sorry Bob, but the reason we have a vapid, ignorant boor like Trump for President is because 1) The other major party offered up an arrogant, deceitful liar and 2) Because the unelected leadership of both major parties have done an excellent job of convincing the public that they MUST choose between the two. Very few people voted FOR a candidate. They voted AGAINST. It's also why we never heard anything of substance from either candidate. It was always ""That person is unfit for the job."" As it turns out...this point of agreement is where they were both correct.",0,1
"Leave!!!
Worthless old bat.",0,1
"Nice propaganda piece, the protestors were aggressive, but we nicely shot at them and tried to freeze them do death.",0,1
"Disgusting no matter how you look at it. Let's use the recently closed prison to house these perpetrators. We can treat their sickness with castration. 

I'm just afraid that the victims will continue to be victimized by the people that will protect their friends/family members.  There is no excuse for this kind of behavior!",0,1
"I'd like to personally thank 53% of the white women out there for giving me the green light to treat you like a piece of meat. I used to be a very respectful, gentle man who was raised correctly by a woman. Not anymore. Time to ramp up the misogynistic undertones and sexually aggressive behavior, because that's what white women want apparently. And they'll let me do it too, because I'm a star.",0,1
"Way to go, Dumbasses.  Force your religion, and exclude others.  Any goofball can tell you it was best to include all, or none, and none is the no-brainer.  But, nooooooooooo!  We have to have our religion at publically funded government, or it's God-durn un-American!  Except for the Islamic (terrorist) types and those pesky devil worshippers.",0,1
"I suggest that both the Brexit vote and Trump's election were due to bad polling.  A lot of people (enough to change the outcome) wanted to ""send a message"" with their vote, never anticipating the cumulative effect because they believed the polls to be accurate.  (Silly them.)
It's a bit rich to read that pollster Nanos is laying the blame for the unpleasant results on unresponsive politicians.",0,1
"I can think of a few things more important than a gender-based qualification for President: A $20 trillion national debt, a failing economy, rampant illegal immigration,a bloated federal bureaucracy, senseless and costly wars in the Mideast, terrorism in our homeland, a military industrial complex, a partisan political health insurance system with onerous penalties and ridiculous costs. Add in that HRC throughout her history showed she was a lying scheming fraud propped up by ""the establishment"" How scary it is that 50% of voters still cast their vote for her.! ""Suck it up Buttercup""...... indeed!",0,1
"lets just make it real simple....you social warriors can flag away, don't really care.
the reason clinton is hated is because she's a blowhard , smug, nasty bitch.
ask the SS if you don't believe  me. like i said, don't really care, its just the truth.",0,1
True Enough. I know they (PA) spent a lot of money to upgrade the property but that is adding to their base value. So did the State obligate itself for tenant improvements of $37 million? No obviously something much less. It was a spiral out of control. The gamble did not pay off. PA wants $32 million. I know that half of that is bullshit.,0,1
"A pathetic attempt at a dodge Richard Johnson Esq.  But I'm not surprised that you can't come up with even one source of credible information.  Trolls like you think they can overwhelm fact based reasoning with ad hominem attacks and the blaggarding of common sense but this isn't some angry exchange in your psychiatrist's waiting room, everything you write here is permanent.  That's the beauty of the written word.  Future readers will have ample time to digest the merits of your comments, or lack thereof.

On a personal note, as a retired career counselor, I've known many attorneys but none of the successful ones had the amount of free time that you clearly do.  Have you ever considered a different career path?",0,1
"The Americans did something really stupid with the Emirates. They squeezed them so hard to cough up a massive sale price that any one else even contemplating the F-18 will have a lot of second thoughts. In Canadian dollars that UAE deal is worth nearly half a trillion dollars, and that is BEFORE even one missile is fired. The American made air to air are years behind what the Russians and Chinese have. The only missile that is worth anything right now against the huge stand off range that the Russians have is the British Meteor, which the Saab Gripen was selected to carry first.",0,1
Oink oink oink.  Nothing to see here - except the ordinary corruption of the Liberal Party.  Disgusting.,0,1
Disgusting.  Trudeau is turning out to be a complete sham.,0,1
"Where did you see 338 billion for 40 SHs?  The F-35 does not cost $50,000 US/ hr to operate.  You either have trouble with reading comprehension or you are a liar.",0,1
"You are delusional,.,.
get some help.",0,1
"Stetson proves the veracity of my comment as she seeks and finds the a propagandist willing to completely invert the basic meanings of every world.  Liberal and fascist are diametrically opposed in any true dictionary, but mixing them together allows the fascists to transfer their violence and hatred onto all of those who oppose their demands for power.  Mussolini, Hitler, and now Trump are the pure white examples of fascism without any liberality other than the liberal dispensing of hate and violence.  Stetson quotes a source so devoid of intelligence or reason and completely amoral and ultimately stupid.",0,1
"Looks like the Blue and Green thugs doing the work for the billionaire class again.

Same as it ever was.",0,1
"Thank NextEra for being stupid enough to allow PUC approval/denial as a trigger for payment of the breakup fee rather than just HEI shareholder approval.  How can this be a smart company if they drop almost $100 Million in fees, costs, and expenses which yields nothing for them.  It's now time for HECO to use that breakup fee, some $60 Million after taxes, in productive ways to produce renewable energy.",0,1
"I worked there, I quit because I got punished for stating my concern when I saw a fellow employee stealing food from a resident and treating them like crap. After a year of working the hospice hall, I was floated to a hall they knew I disliked due to not knowing the patients and not knowing their needs by memory. The LPN's don't help the CNA's at all. Constant new people because they quit after realizing this place is a crap place to work. Not enough staffing, supplies or care coming from LPN's. I only got help from LPN's only a couple times. I had to improvise with briefs more times than what they pay for. The ""higher ups"" tend to treat the careless caregivers well due to them kissing their ass. I would never put my grandmother there.",0,1
"I hope they catch this murderer, and shoot them in the back of the head.........................",0,1
This is what liars do,0,1
"Oh please stop with your fear mongering about women - it is a very tired argument, and speaks volumes about how little you understand about America today.  Hiring someone for the most important job on the planet just because of their body parts is idiotic - she lied, got caught lying and lied more about it.....",0,1
"The best thing about Trump is that he is not Hillary Clinton, whose lying and dishonesty are well documented.  Her outspoken advocacy for unrestricted abortion seems of no concern to NCR's sophisticated readers and writers such as this one.  To most Americans,  his intention to enforce the immigration laws is praiseworthy.  His other plans?  Some good,  some bad.",0,1
Not only will my ammo penetrate my neighbor's house it will penetrate my neighbor's neighbor's house as well.,0,1
And his cowardice is on full display.  Trump will just kill them all.,0,1
Oh why don't you just shut up. Jason Kenny's attempt at resurrecting the laughable but nasty internet army is just another bloody nuisance.,0,1
Hawaii imports coal and burns it Rube.  Do some research and stop making a fool of yourself.,0,1
"Do you find the weight getting heavier? The internet is an amazing tool of measuring society and perhaps I'm not gauging correctly but so much I read anymore makes me feel like finding a cave to live in. 
I share your beliefs insomuch I question the times, literally. Your friend sounds like a wise person and I believe your correct that the void cannot be filled and instead of trying self resolution they simply fill themselves with destruction, pride and ego. I've met one or two brilliant sociopaths in my time but they'd moved beyond recklessness with an understanding and were able and wanted to benefit society. For those who aren't sociopathic, evil is a choice and that Miss Ann scares me more than anything. 
Stay safe. If I find a good cave I'll give you directions:-)",0,1
Police left the house abruptly because they realized they had been posted up ENFORCE yelling at an empty house for five hours. Uselesss.,0,1
"Show us your tits, Justin!

Maybe the media should do more than scream at Justin to take his shirt off.",0,1
Vancouver is not a Canadian city anymore. It's a Chinese Protectorate. Sold lock stock and barrel to Chinese criminals. Thank your Provincial and Federal politicians.,0,1
"Ok. Knife their tires.  Think I would shoot ar feet first, if family was clear",0,1
"Clutch those pearls Globe!!
No fault found nor anything unethical at all...

But.... but....simply because there is nothing there is evidently no reason to stop
churning out this nonsense.

Have to keep all those Harper/Trump supporters who swarm these pages happy and entertained.",0,1
"Name calling really seems to bother you... But Trump is such a loser, it's so hard not to call him names like racist, bigot, little hands, etc. etc. etc.",0,1
Now that he's used up America's racists and bigots to get elected el presidente he can throw 'em all in the trash where they belong. And he knew it all along. What a guy.,0,1
Why he came with it in the first place and convince foolish voters.,0,1
White punks on dope,0,1
"First off, tragedy is heartbreaking and my condolences to the family.

I live on RR...just yesterday at 4:40pm a girl  walked across the intersection  at the overpass light, the NO walk sign was lit, arrow was green for cars, she didnt care, just walkes in front of traffic on her phone..
Earlier this summer I also watched a grandmother with approx 2yr old grandkid in tow in 1 hand and a dog in the other racing across RR at the 7eleven and almost were ran over. Like slamming on breaks run over.
I can give many more examples how blatent pedestrians/bicycles are about not giving a crap , nor paying attention to their surroundings...frustrates me everyday on RR",0,1
"That's ridiculous.
What on earth is your foundation for such an assertion???  Please - do provide the connection you imagine and explain how you KNOW what the Cardinal thinks.",0,1
"Krooked, incompetent, willfully blind to conflicts of interest, without the necessary intelligence to govern anything, and absolutely in love with himself and any gibberish that exists his smiling yap. Justin.",0,1
If those boys would have come into my home they would all be dead right now.  Which I believe is exactly what they deserve.,0,1
Canada cannot pass a bilateral anti money laundering review by a world wide regulator (FINCEN) and yet Trudeau wants to sit on the UN Security Council?  Now he is facilitating money laundering to the Chinese?  He really is as dumb as they say.,0,1
I don't shoot bullets!! I shoot loads of sticky jizz on everything tho!!!,0,1
"This smug, elitist dismissiveness of rural citizens wasn't limited to urban comedians.  Campaign Chairman John Podesta displayed it as well when he referred to Bernie as a ""doofus"".  Hahaha!  Joke's on you, Mr. Podesta!  You (and Hillary, and the rest of your know-it-all Dem party ilk) are the doofuses!  Eat your humble pie!  Or move to Canada like you said you were going to!  Let's see that migration!  I'm waiting.

It was known during the campaign that there was a hunger for change; that this was a ""change election"".  And the Doofus Dems had a change candidate that did quite well in the primaries (despite having the party establishment working behind the scenes to kneecap him...)  But Noooo, they had their candidate pre-selected!  And this exposes their lack of real belief in, you know, ""democracy.""  The ""Democratic"" party isn't just a misnomer, it is now a national joke.",0,1
There won't be life in prison if these thugs bust into my house.  They'll be dead.,0,1
Yes Syringa...and if THAT doesn't work...just hang the little thugs!,0,1
"""your and others hate and utter disrepect for those voters is only going to help to ensure they keep voting Trump and his ilk into office"" -- yardman

I don't hate anyone because they voted for Trump. I just believe most acted stupidly. And LOTs of hateful""deplorables"" did turnout for his rallies.

Suggest you read: ""How long before the white working class realizes Trump was just scamming them?"" in WaPo today:
https://www.washingtonpost.com/blogs/plum-line/wp/2016/11/23/how-long-before-the-white-working-class-realizes-trump-was-just-scamming-them/?hpid=hp_no-name_opinion-card-a%3Ahomepage%2Fstory&utm_term=.211604a1714f

""So what did the white working class actually get? They got the election itself. They got to give a big middle finger to the establishment, to the coastal elites, to immigrants, to feminists, to college students, to popular culture, to political correctness, to every person and impersonal force they see arrayed against them. And that was it.""

That's what I call stupid.",0,1
"Exactly.  Further, using tax dollars to fund schools that are completely unaccountable is stupid. And let's not forget tax payer dollars funding religious schools. No.",0,1
"Well said, frankA.  Still, I believe even your well reasoned post gives the gang of four too much credit.  They all but threaten schism if they don't get their way.  These four are a disgrace.",0,1
"I'm wrong?  Just because you cannot understand something, doesn't mean it is ""wrong"".  It means you are incapable.  These days, every scared puppy with a keyboard can have an uninformed opinion.  Congratulations keyboard warrior, hope you enjoy your koolaid.",0,1
"""God created man, Samuel Colt made them all equal.""

Alaska is a constitutional carry state.  If you are not trained in the use of a pistol and not carrying one, you are foolish. 

Ladies, this especially goes for you.  A gun is the great equalizer.",0,1
"Mr Yakopatz, Trump's supporters apparently love it when he ""tells it like it is,"" so perhaps you'll extend me the same courtesy in this comment. Let me be frank: You don't give a rip what a 14-yr old Jewish boy may or may not have done in Eastern Europe seventy years ago. You care about this out-of-context quote from an old interview only because it enables you to marginalize the views of a man with whose politics you disagree.

Therein lies the problem with these boards, if not the nature of political discourse writ large. For too many people of every political persuasion, information is valued only as it can be wielded as a cudgel. Facts are to be deployed not for achieving knowledge or respecting the views of others, but as malleable weapons used to vanquish a foe.

If those of us on the left who support Soros have to answer for his actions of 1944, then may I suggest you, Corbeil, JetRx et al. should have to shoulder the burdens of your man who grabs women by the pussy.",0,1
he will have to do something about that awful mealy mouthed laugh of his,0,1
Religion and politics should never go hand in hand no matter which way you look at it. Any self-proclaimed spiritual idealism that tries to sway or voice for the people as a whole needs to be shown the door! With a swift kick to the rear end.,0,1
"Stupid white ""progressive"" trying to blame this on someone else. The people behind the murder, the genocide, were ""progresssives""; the monsters that took our children and imprisoned them in government boarding schools were ""progressives""; the ""progressives"" are still at it! Trump proposes restoration of tribal identity and rights. 80% of us voted for him! The next time you toss off some stupid partisan charge, I am going to be here, challenging you. I don't much like any whites, but Trump seems a lot better than anything we've encountered in a long time.",0,1
They're going to need more money in the fund with Philpott loosening regulations regarding gay men to donate blood. Some clown will call this comment uncivil and me a homophobe but it's just simple statistics that HIV is more prominent in gay people than it is in straight people.,0,1
"What is all this ""alt"" crap? It doesn't make sense. If CBC was 'alt' it wouldn't be mainstream.",0,1
Good to hear dem sores on your junk ( and to all the other jingoists who keep mentioning their sores) have become looser. Maybe dem sores will get so loose you will lose dem as dey fall off.  Slough off your scabs and sores put don't pick dem off!,0,1
"No wonder the Prime Minster is in Liberia on some puff-piece mission. That way he doesn't have to take the initial heat for this silliness.  Vouching, in this day and age. Ridiculous",0,1
"Hey Les, among the things I dislike - no, make that despise - are hypocrits, opportunists, bigots and bullies.  In other words, Trump and his supporters.  And no, I'm not in need of ""free stuff.""  My educational and income levels are probably above yours - putting me well into the Hillary demographic.  Think about it.",0,1
"That is a vile post.  Clearly you have no idea who O'Leary is, what he stands for and what a Nazi is.  You disgust me.",0,1
"Charles Blow, by the very nature of your profession, you have neither morals nor ethics. I wonder if you would be saying the same if the other liar, thief, and self serving egotistical maniac had won.",0,1
"""Suckers""  ""stupidly"" ""emotional need to blame others""

What ""they got"", at a minimum, was someone who at least pretended that they and their circumstances  were worth attention.  They ""got"" someone who promised something which wasn't just 8 more years of the same.  

They were smart enough to see Trump's warts and say, ""I don't care.  At least he won't buy the election with money from Wall Street. ""  At least he doesn't talk about a dead ambassador and his protectors by saying ""What does it matter, now?""  ""He is arrogant but he might use that arrogance in my behalf instead of using it to hide his real beliefs  on a private server or behind closed doors while collecting millions from the fat cats in Wall Street.""

I think the Podesta e-mails revealed the true character of Hillary and her party elite handlers and it wasn't  ""stupidity"" to react negatively to what was revealed.",0,1
"In my best Irish Accent: ""just answer the f**kin question! :-)~",0,1
"You would not, would not, want to say that to my dad. Must I say to you again and again? You are an arrogant, ignorant, illiterate and and shallow non-human with an over-rated opinion of yourself that is embarrassing to all of us.",0,1
"infinitely better than the previous 8 by dubya Cheney, of which we already were doomed from, and now Trump lovers just nailed the coffin shut. this was Lamerica's last chance at extending the inevitable end a few extra decades, now it's racing towards it's nasty conclusion in our lifetimes.

proud of y'self for betraying the half million US troops who fought, bled, and died beating back the same forces of evil during WW2 only to have this disaster happen thanx to the gleefully ignorant, and worse?",0,1
blow harder. what a blow job,0,1
"Not bragging about my income in the slightest, Janette, just responding to the tired, illiterate rant about free stuff that seems to be the beginning and end of what Trump supporters can talk about.  Oh, and if you want some facts about voting demographics, wander on over to fivethirtyeight.com.  And yes, I'm going to continue to insult Trump and his supporters.  Because bigots, misogynists, racists and bullies are disgusting.",0,1
"I know you feel this way Mike.

And again, your rhetoric is silly and will only serve to contribute to getting people hurt.

Really hurt.

You're calling half of all American Catholics racists and fascists.

You're the dangerous one, the one who is uncivil.

People should be very clear about this, and about the ultimate consequences of your inflammatory rhetoric.

I hope NCR wakes up.  They are dividing Catholics and stoking fires of hatred.

and ultimately, violence.

Very sad.",0,1
"Hell yeah!... wait... Was he talking about Trump or Hillary? No, it must have been Trump. Hillary was the ""lying, entitled, arrogant, traitorous, and corrupt pathological liar"". Trump is the one who's plans and promises enraged the literals.",0,1
"Go looking for trouble, you will find it..If you have no business in a place you have no business being in, you're gonna get hurt, or water cannoned, or your arse frozen to the road, or something you really deserve...",0,1
"Then quit reading it. Typical wing nut; bitch, whine and complain endlessly about something they could easily eliminate from their lives by the simple expedient of ceasing the activity. It's like complaining about how high your electric bill is then leaving all the lights on 24/7.  Turn off the lights; you already live in darkness anyway.",0,1
"Oh my...this has to be a new low for complaining. Mr. Hawke may find he has been suckered in. I wouldn't be surprised if most of Trump's promises are not enacted to the degree promised. He is a clever one. Everyone knows politiians lie or do not do as promised when elected. Trump, like all of us except maybe Mr. Haske, knows that's how politicians operate. This last round Trump took full advantage of that laying out a list that excited some and frightened others. The fright crowd is interesting as it is like ""phantom pain""...or in this case ""empathetic fear"" for those here illegally. The Wall, the Family Deportations are 2 examples I don't think will be implemented as described. 
Like the Democrats who switched after 50 years and voted Republican...""it's the economy stupid"" that sunk the SS Clinton and it was the Wall that brought out the law and order voters. It was the perfect storm for Trump..jobs and law and order.",0,1
What utter nonsense.,0,1
How sir is that utter nonsense?,0,1
"This is a perfect example of the RG mocking Christianity..... by not making a simple grammar edit from ""feast""  to ""festival"", they maliciously embarrass an obvious ESL christian.  Pathetic.

Any display of Christianity in Eugene nowadays will get you tased and jailed by the PC brownshirts.  /s",0,1
"This has nothing to do with Thanksgiving, or holiday spirit. It has to do with quietly telling law enforcement to not enforce illegal immigration laws. Stop beating around the bush and state your opinions.  Hiding behind the holidays. It's pathetic and disgusting.  Let's see if the new govn't  will continue to send fed money your way after that.. Get your homeless and crime figured out before you welcome Others to your ""Great City"".",0,1
It's funny to read these ignorant comments about immigration and the plight of Central Americans from myopic terrified xenophobes who've never gone further than a 2 mile radius from where they were born.,0,1
GET THE 47% OFF THEIR ASS AND DO SOMETHING. EVER THINK OF THAT.,0,1
"Big surprise. And look who you elected president, traitorous trumpettes. Trump--and you, through him--are Putin's puppets. 
And now, let the spin begin.",0,1
"your remark makes no sense. we cannot rescue all the people that are unhappy. at some point they need to take care of themselves, make their country great again, take back their streets. you are a fool to suggest anything else is possible.",0,1
"Ah, yahhhssss Joe Bob Billy Bob, he wuz a low down, dirty dog president, what with his'n duskee coloring, eyeleet edjamuhcashun, sissified ways, genrul uppityness n' thankin' he's smarter 'n us. Guessn' we showd him. Snicker. We dint do NUTHUN ' fer 8 whole years, jest sat on ourn lazy, fat asses, ablockin' progress 'n suckin' offen the public teat. YEE-HAW! Nah, whured Ah put mah con-fed-er-it flag...",0,1
"Nope, not buying any of it, or you. You also say( by way of endorsing Obama & Hillary) that Americans are evil racist scum, and we need to be redeemed by becoming one with the world. I simply applied the judge Judy Principle, and will NEVER believe another word you have to say. Ever. One world my ass.",0,1
"OH yes - Were those evil Christian Missionaries (many of whom were slaughtered by the Indians, or lost their lives due to disease, starvation etc.) lumped in with those ""genocidists"" you mention ? (yes I did make up a word, just as you make up stories).",0,1
It's about time. May he rot in hell.,0,1
"political correctness can be right-winged too. For example, you can't criticize cops, Israel, capitalism, the USA, or religion. They can be just as intolerant, if not worse. 
Trump's birther thing was caused by his immense jealousy: that a black man with a muslim father, who grew up in various parts of the world, was  the president when HE wasn't. I doubt it was racism. Trump is a petulant adolescent.",0,1
"You want to kills yourself.  I'll give you the bullet.  But damn.  Wife. Kids.   Family. Why?????     Off yourself.  Ok.  But leave the kids alone.  I just can't imagine.   

Oh. Before any of you anti gun pussies chime in.  I know. I could be liable if I gave him the bullet.   But if I did.   And the wife and kids live.  Am I now a hero.   Sad. Sad sad.",0,1
you are such a dope.. a true herb man is like old guard weight lifters.. give us the iron.. give us the doobie.. thats what makes it real... no little dick wannabe... by the way..  holmes was bisexual.. so i suppose you are too..,0,1
Wish he was still alive so we could kill him.,0,1
bingo.. but like i said.. i like mine au naturale.. pipes are for pussy's... if government sprayed paraquat can't kill ya then nothing will...,0,1
Facts do not matter here...same old model rules the powers that be..punishment is all they know..the solution is a spiritual one...like fighting addictions..laws and punishment have little effect...but try a spiritual approach and the success rates go up...but who wants to do that?  The stupid people do the same thing and just pass more laws.,0,1
"Without that dirt you there can be no people( who consume food grown in that lowly dirt). People are easy to produce( too easy in fact), quality soil no so much. Your question is rather ridiculous, but I played along anyway. Silly me I suppose. Nothing further for me to add.",0,1
"I believe Donald Trump is a sociopath, as many of the wealthiest and most powerful in the world are.  This means he does not have the capacity for compassion and/or empathy, love and the understanding that we are interconnected and interdependent.  Sociopaths operate on adrenaline; the thrill of the adrenaline rush, power and conflict are what gets their interests and attention - it's about the only thing that does, since they don't have normal ""feelings."" Trump's tax plan would boost the wealthiest 1 percent- those who earn over $700,000.00 a year by about 13.5 percent.  The richest .1 percent would receive an average tax cut exceeding $1 million.  The middle income folks would receive an average $1,010.00 in tax cuts.  Trump is a typical lying politician; he says what he thinks people want to hear, then when elected, does what benefits him and his family.  Buyers remorse Trump voters?",0,1
"Anchor Rides requires a 48-72 hour appointment for every ride.  You can't just call them the day of your appointment.  Also, if you're tied up at a doctor's office at the  time you've scheduled them to pick you up, they don't come back!  They will also tell you they can't get you to your appointment at the time you require.  Instead you can go 2 hours earlier or an hour later.Finances are another consideration.  It costs $3.50 for a one-way ride on Anchor Rides.  As to exercise, and lifestyles, most of us seniors can't afford a cheeseburger or cable TV, and I get a minimum of 1 mile a day of walking in just going to the bus stop. Enjoy your health while you have it.  I worked for 40 years to make a world as good as I could for your generation only to have my pension stolen by some idiot who's living somewhere there's no extradition.  I'd like  to see you try to live on $975 a month social security.  Quit judging others.",0,1
"WOW what insight, a politician that doesn't keep his promises. If you like your plan you can keep..... So what is everyone protesting about? REMEMBER THE BUMPER STICKERS THAT CAME OUT AFTER OBAMA WON THE FIRST TIME? They read: Obama won get over it. Anyone that does not see the similarities between Obama and Trump is an idiot. Start with both got in because they were outsiders. Then go to not keeping promises. How about this: Obama has spent his 8 years at war. He has deported more Mexicans then all the other administrations combined in the 20th century. He has bombed 7 countries, mostly Muslim and has drone killed more Muslims then the Spanish Inquisition. In short he has DONE what everyone is afraid Trump MIGHT do. Chew on that.",0,1
"I thought no self-respecting woman would vote for Trump.  But 53% of Caucasian women apparently did, and I think the probable cause does not reflect well on those women.  Sadly, I suspect it was more important to those women to be white than to be women.",0,1
Oh yea olbermann. The perfect smart ass who caused his own demise. What a classic example of a narcissist liberal.,0,1
Denegrating the opposition without any real substance is true idiocy.,0,1
"SkinnerAK and also Andi Taggart ....Please  save your speculations......there are a lot more people that know a lot more than you do about this particular situation,  out of respect please be an asshole tomorrow or the next day or never.",0,1
"'
Unfortunately, no one should have ever taken Trump seriously, from the time he was a pampered and coddled youth, right up through to the present.

It's a surety the press should never have allowed the inane buffoonery to be given any credence, nor should they have attempted to normalize Trump's buffoonery by lowering the bar.

The situation is serious, but not Trump.  He's still just a buffoon.

He's just a dangerous buffoon now.  He's a danger to life itself.",0,1
"No matter what sort of President Trump ends up being, the guy is a consistent chronic lier who changes his harsh campaign policy declarations daily, he has unleashed racists, fascists and haters who believe he is one of theirs. It remains to be seen if he is. If you are not white and part of the 1% is is liable to be a rough 4 years. I am afraid for my country.",0,1
"Love the hateful comments post below by the socialists. Way to go. Btw, now you know how some of us felt when your loser-in-chief was elected in '08.",0,1
"A vulgar, boorish lout and disrespecter of women, with a serious impulse control problem; or a scheming, robotic liar with a lifelong appetite for power and an entourage riddled with bigots.

We didn't have much of a choice did we, or are you unhappy the narcissistic liar didn't get in?",0,1
"The NY Times staff does lunch to listen to a self-described pathological liar, racist, religious bigot, mysogynist salve their cowardly fears of denied access to the dictator's throne to justify their own millions in salaries.",0,1
"No cause needs to be known, most of this fleet are junk!",0,1
Time to deport melania for being a foreigner.  She's the next terrorist.  Watch out...she speaks with an accent!  She's from a totally different country!,0,1
"Another crap fest brought to you by our local merchants.  These ""festivals"" are getting lame.",0,1
"Shouldn't the title read ""Muslim extremist wrecks havoc on innocent students""?",0,1
CBC doesn't worry about competition that's why the are so mediocre.,0,1
It doesn't. Just ignore the troll.,0,1
As yet another in a long line of Muslim Homicidal Maniacs... At least he was a failure in his twisted endeavour!,0,1
"He transcended the ""civilities of international affairs"" when he became laudatory in his praise of the accomplishments of a despot and dictator.

There is an expression we are all familiar with - ""if you haven't anything good to say about a person, it's best to say nothing at all"". In the case of Castro, there clearly is little good to say, however Trudeau, attempting to be statesmanlike, should have remembered the other expression ""best to keep your mouth shut and be thought an idiot than to open it and disspel all doubt"".",0,1
"I find this civil comment thing to be the most ridiculous muzzle, put on the users of this site by an industry that wholly believes in incivility in the interest of ratings. A black officer killed a white man last week but we won't heart about that. Flip the script and it will literally be the only thing we will see.

This forum muzzles any true form of free speech. Yes, I know there are troglodytes that will abuse it. So, a few bad apples and then you take away the chance for any true freeform conversation. Because of this new forum, several of my comments, which weren't horrible, get banned due to the thin skinned sensibility of some of the people that use this.

No conversation can be pure when people are disallowed from speaking freely, regardless of how unfounded or vitriolic. 

But in regards to the news today; whether Muslim or white bread American, young men in this country are extremely susceptible to this type of behavior. Frustration with no clue how to deal with it.",0,1
I am ashamed for you.  You are very ugly inside.,0,1
"The existence of a previously evil government doesn't justify it's replacements evil.
Once you overthrow a tyranny, replacing it with another tyranny isn't acceptable.
Castro had years to build a free and democratic country, he deliberately crushed free speech and any attempt at democracy.
Stop making excuses for this thug....",0,1
Screw you Kitty Piercy. I'm glad I moved.,0,1
"Canadas prisons are holiday camps. Huge portions of food thrice daily, washers and driers round every corner, hot hot showers whenever, fitness facilities, squash courts ( used for fist fights and blood spattered, incredible libraries with dozens of weekly magazines and so on. Solitary confinement is nothing more than a welcome break from infantile, puerile, ghastly inmate "" company"" particularly if otherwise sharing a cell with some stinking farting brute.",0,1
"Majority of the blame can go to the second biggedt thief in the State, Ron Duncan owner of gci. The first biggest being Walker.",0,1
"You do realize we are not the only country dumping emissions into the air from oil field operations, yes? The EPA isn't everyone else's cop in that regard.

I agree some stuff coming out of the EPA is stupid, but not all of it (former hazwoper).",0,1
"""He seemed far more interested in female company than the truth.""

And there you have it. This whole thing is a cock-a-hoop about an incompetent misguided kid. That this loser-writer cashed in is, well, the way things work sometimes. That any young people would be influenced by his nonsense is criminal on his part. Back in the day, he would be just another found body, pretty much what still happens everywhere else except Alaska. Tragedy? Yes, but an extremely small one and far from inspiring other than the stupidity of it.",0,1
"He said that MEXICANS in the US were drug dealers and rapists. Oh, some weren't, but most were.",0,1
"As beaches said, the most popular comment could actually be the most unliked comment, which was the case yesterday.

It is unworkable to have to hover over the icons each time to see the breakdown. Whoever developed this system is a moron, as is whoever decided to implement it here.",0,1
You are one sick puppie,0,1
"Trumps reaction to this is troubling. Such childish petulance from the guy with the nuclear codes. I have no hope trump will change. That's pure fantasy in my opinion. A leopard doesn't change its spots, and certainly not overnight. The best the american public can do is be vigilant and don't let him get away with any BS. Its now your job to babysit the man baby you elected.",0,1
At least no one died besides the shooter.  I hope Trump bombs another Muslim country,0,1
"Sorry for the directness of this response, but this is stupidity.  Tory is not exactly a ""leftist"" politician.  In Metro Toronto we are unable to substantially increase the capacity of existing roads and we are unable to expand (widen) them to accommodate more cars.  There just isn't space.  So the only feasible way to reduce congestion is to reduce demand for the space there is; and in some cases like the DVP and Gardiner, this means applying the user pay principle:  tolls.",0,1
"What Castro ""deserved"" is to die a long time ago.",0,1
"Keep your nose out of the MRI business as if Saskatchewan has not had a two tier system over the years with workmen compensation, or sports teams being the first in line.  Now that there are private clinics 
shortening the waiting list I would suggest it benefits everybody.  Previously people went out of the province being too ill to wait a year to get diagnosed.  It is our right to get looked after in the fastest way possible.  I am sure our Health Minister and her family would find it unacceptable to wait months for an MRI.",0,1
"I think it should have been 'misogyny'.  But no, the damned Patriarchy had its way again.",0,1
"oh heaven's sake..... when does the stupidity stop? Complaining about a 'trace"" of animal fat in a note. yes I realize it is perceived by vegans as part of a larger ""Problem""... using animals. But give it a rest already. Is it to the point where society cannot do ANYTHING without some NGO complaining? Have we become a society of whiners... ? I say whining, you say saving the world.",0,1
Gotta love all the parasitic sector workers not only agreeing with the tolls but calling for even more taxes... How greedy can they be?,0,1
"Tolls are an awful and discriminatory way to collect revenue. They punish those who can least afford them the most. A $2 toll is much more money to someone making $30,000 / year as it is to someone making $300,000. Why should one person have to sacrifice a much higher percentage of their income than someone else to do the same thing.

End this stupidity now and do the right thing by placing on taxes that are adjusted for income.",0,1
"Don't blame Kitty Pierce or the City Leaders.... Blame the ""People's Republic of Eugene"". They just voted for more incompetent leadership . We are selling America. These foreign countries will own America and  never have to fire a gun to take over. I think it is too late to ""Make America Great"". Our younger generation will work for foreigners right here in America. Don't believe me... take a deep look into who owns most of the large real estate in major cities throughout America. Now they are buying up small stupid ones.",0,1
"The EC is now racist.  Hilliary lost because she was simply more horrible than the Trumpster.  Place blame where blame is due, Hilliary was a disaster and too many 2012 Obama voters switched to the Trumpster.  The one time the Trumpster plays by the rules (the EC) the losers try and change the rules.  Can you imagine the pandering by politicians that would take place without the EC?  You nominate a bigger loser there is a good chance they will lose.",0,1
"""Glenn Oshiro wasn't making this up on his own, he was satirizing the president-elect's choice of locker room banter. If Glenn Oshiro's post makes you uneasy, please address complaints to the president-elect...""

One wonders how many bigoted, racist, and misogynistic actors will use the ""Trump made me do it defense""?

Sloughing toward Gomorrah...",0,1
"For all those trashing our PM for his statement following the death of Fidel Castro, remember this... While the US supported and armed the Apartheid regime in South Africa, Cuba, having experienced its own American-sponsored Apartheid system prior to the revolution, fought against South Africa by sending 25,000 troops into Angola to fight the SADF. Castro ended racial segregation in his own nation and fought against similar systems around the world. The US, on the other hand, well... their record on racial politics kind of sucks.",0,1
"Doyle is so out of touch that he doesn't even realize who is audience is and how laughably dishonest and flailing his views are.  Pathetic.
The CBC should be shut down.",0,1
"staunch religion hating atheist here; remove the sarcasm from your comment and I'm with you.

Christians are indeed hypocrites, but they use the voting booth to further their backward agenda not AK-47's and machetes. 

I hate Christianity. 
I hate Islam and fear it immensely.",0,1
"Abdul Razak Artan was very ugly inside. 

I'm ashamed for you!",0,1
"Kick them to the curb and relieve
them of thier pensions.",0,1
"Mosul faced humanitarian catastrophe, when ISIS took over.  Dumb journalist.",0,1
try burning a Mexican flag at one the anti-Trump demonstrations  they would probably kick you to death,0,1
Just curious why it is that no one watches or listens to the CBC? Are there that many elites in this country?? Or is it because they suck at what they do,0,1
"••••••••••• tRump said climate change was ""a hoax created by the Chinese""
•
•••••••••• then he changed his opinion to ""it's real and we must look at solutions now, before it's too late""
•
******** the orange clown is an absolute shape shifter liar.",0,1
"Kill them dead, did they?",0,1
"I have traveled a great deal in Canada and concur with Doyle's version of CBC as fundamental to a broad spectrum of Canadians.  While living in Whitehorse some years ago I had a choice between CBC news and screaming headlines about murder and riots in Chicago.  As a Canadian, of course I wanted CBC news and was (at the time AND now) horrified at the news out of the USA.  China, ditto for CBC radio.  And almost anywhere driving in Canada you can get a CBC radio station when often much else is not on offer.

Leitch is not only attacking while tearing at an institution that gives meaning to some of the poorest and most remote communities in Canada - she's a roaring hypocrite as a pediatric surgeon pretending SHE is not elite. Very Trump like.",0,1
Don't forget back stabbing,0,1
"Layla4, you are correct to the extent that Human Rights Codes do not prohibit or restrict stupid or unfair hiring decisions - only ones where the employer has a prohibited motive.  Examples are where the employer refused to hire because the applicant black, jewish, muslim, christian, disabled, for instance.  

In those cases, the employer will still be in the right if he can establish a bona fide occupational requirement for the decision.

Complainants lose the overwhelming majority of human rights hearings, by the way.",0,1
this is an outright lie. the are not being housed. show me an example where that has happened. this just makes it easier for hypocrites to report homelessness,0,1
"Liam, you don't get out of your mother's basement much, do you?  Your ignorance is breathtaking.",0,1
"I think Glenn Oshiro's use of ""pu##y"" is a clear indication of satirical intent.  If its referent is not Trump's boastful locker room lie about grabbing women's genitalia in greeting, then what is it?  Puppy?

Your suggestion that I'm trying to ""revisionist interpret"" ""cover"" for misogyny is wide of the mark.  My intent is to ridicule Trump's boastful locker room lie about grabbing women's genitalia in greeting, which is what I think Glenn Oshiro was trying to do, as well.",0,1
"you live in stupidity pal,, harper actually respected the input and process of letting the FN people have thier say thus didnt just ram anything forward, much of the hard work was done by him not the libs,, as for respect, get a grip, more taxes on carbon bs,, forcing it on provinces, his love of dictators and governments like china, no thanks, he has a long way to change before you can say respect",0,1
"Donald Trump set out to deliberately con the emotionally crippled, the intellectually challenged and the economically disenfranchised into giving him a job for which his own twisted psyche and intellectual paucity render him unfit.
The last time the American electorate suckered to such a man we got George W. Bush and the Bush League Administration which prompted Osama bin Laden to spin around 3 times and click his heels with glee before launching his terrorist attacks on U. S. soil knowing that he'd get the self-destructive reaction which mired us in two unwinnable wars and driving us to shred constitutional freedoms and national ideals in a vain pursuit of safety.
A hypocrite betrays ideals for whatever reason.  Trump has no ideals to betray.  He is a con artist, a criminal deserving the prosecution and punishment appropriate for the crime of defrauding the American people.",0,1
"We did not need this explanation - The Church drove a campaign in favor of Trump. solely based on making abortion illegal. At the end, it all boils down to keeping women under their thumb - Dr. Klemper you are not deplorable, just a boring mysogynist.",0,1
"Bloody hell your column should be sucked up by the waste disposal truck. That is all it is worth and stinks just as bad.
No reporter  has ever mentioned the support of the atrocities committed by Batista supported and sanctioned by the U.S. government  Done to protect callous landowners of sugar plantations from their own workers. The States sent in their Marines several times to put down sugar plantation workers.

The U. S. dominated and directed all aspects of life in Cuba from the end of the Spanish War to Castro's overthrow of Batista.. Castro would not take directions from the Americans to put Cuba under American thumbs so they made 20 attempts to kill him.

A doctrine that many, many people over look is the Monroe Doctrine. States basically that only the U. S. can interfere with governments in the Western Hemisphere!",0,1
"Doyle says: ""I mean, seriously – a well-off surgeon, academic, former cabinet minister and MBA is traipsing around drumming up support and media attention by attacking “the elites” in Canada. Aren’t such people struck down by a bolt of lightning for brazen hypocrisy?""

Neocons and hypocrisy go together like bacon and eggs.

Thanks Mr. Doyle for helping to fight the avalanche of stupidity that is the conservative critique of ""elites"".",0,1
Dumb comment of the day award goes to you upanddown2. That is about all you will accomplish in your lifetime.,0,1
"Having some regrets are we? You should be hanging your head in shame! And stop it with the lame crap that equates Secretary Clintons faults with the crimes and obscenities committed by T rump! If you think his past behavior is bad, just wait until he's crowned President. Then the Adolph blood will really show up! I lump you and all T rump supports into a bag called Trump Trash. A vote for him was a vote for racism, intolerance, greed, ruthlessness, adultery, vulgarity, criminality, lies, bigotry, misogyny, hate, homophobia, White Supremacy, the KKK, war, inequality, inequity, narcissism, selfishness, a war on the poor, bullying, thievery, and every other repulsive human behavior listed in the dictionary! That's your hero, Donald ""Grab Her By The Pussy"" Trump! Don't you try to justify! We know what you are and what you support and who you believe in. A decent person wouldn't even have wanted to be caught attending a T rump rally!",0,1
Look in the mirror you piece of shet.,0,1
"They understand 'facts.' Lol And NY is supposed to be underwater by 2020, according to your prophet. Won't happen. Good luck chicken little.",0,1
They are too uninformed and ignorant to know what they voted for.,0,1
"Not nonsense, and BC has been very adamant for MANY YEARS THAT IT WILL NOT HAPPEN. You have to be seriously sick, corrupt and very F*d up to even think it will go through.  The answer is HELL NO, IT WILL NOT.",0,1
"You sick oil workers are the cesspool of Canada, many of you aren't even a citizen here.",0,1
Right on Neil! Obama should send in the Marines and forcibly remove all the protesters. Good idea!,0,1
The farther to the left you go the dumber it gets.,0,1
We are so dumb we won the election.  MUCH rather have successtul business people in the cabinet than leftist academics,0,1
"we pay those damn teachers as if they were surgeons.  lazy and low IQ teachers should receive a 25% paycut as they barely work 8 months and get paid for 12 months.  Rich pensions, benefits, sick days, total abuse of work and of  the tax payer dollar and they ain't too intelligent (tier 2 for sure).  In the meantime, krooked kathleen cuts the doctors who are educated, intelligent, work hard, paid their dues, are much needed and in demand.  kathleen is nuts.  Fire the useless teachers.  I support the doctors 110%.  if it is found out that krooked kathleen bribed the teachers, she will have hell to pay.  WE NEED DOCTORS you corrupt and incompetent nut.  We do not need the lazy teachers - there are a million of them - ever heard of supply and demand.  Can't find a doctor anywhere yet those lazy teachers are everywhere but never teaching....just screwing the tax payer.",0,1
"and another left winger makes the usual daily insulting lies,, FLAGGED LOSER",0,1
Look here we have the racist bigot rearin its ugly head. Ban her accunt,0,1
"How many people have they locked up for crimes they didn't commit to try to extract a plea bargain for some lesser crime? These people who we entrust to do the peoples business are worse than most of the criminals they prosecute...not just in Lane County but in most of the counties in Oregon""...THIS ASSHOLE WAS ARRESTED TWICE, IN ONE MONTH, ..""A Springfield man, arrested twice in the last month on child pornography ""...WE'RE NOT TALKING ABOUT A GUY WHO'S MOMMY CAUGHT HIM LOOKING AT DIRTY PICTURES....THIS IS A SICK FUCK WHO NEEDS TO BE TAKEN OUT OF SOCIETY AND GIVEN TO THE INMATES IN A ROUGH TOUGH PRISON....WHO KNOWS HOW DEEP THIS GOES..I'M LEARNING A LOT ABOUT THIS  ""PORNO THING"" GOING ON .   AND IT STARTS AT THE TOP...THIS GUY IS NOTHING BUT POND SCUM...THE UNTOUCHABLES ARE AT THE TOP....AND THE PICTURES ARE JUST THE BEGINING TO MAKE THESE SICK FUCKS WANT THE REAL THING....AND THEN HERE IT GOES TO BEING A FELONY WHEN USING REAL CHILDREN...HAVE YOU HEARD OF ""PIZZAGATE""??? CHECK IT OUT.",0,1
"And, of course, all of the opponents and protesters expect their healthcare, government pensions and benefits, infrastructure, education, and huge transfers of taxpayers dollars to certain, somehow special  Canadians to continue ?
The money doesn't magically appear folks. If you are not riding a bicycle to the store or to work, you are a total hypocrite. 
Good work Justin and Rachel.",0,1
"Overwhelmed and depressed mothers tend to kill their children.  Overwhelmed fathers seem to feel entitled to kill their children, their partners and in this recent case, their mother as well.  Dude, if you think your life sucks, feel free to kill yourself, but don't kill anyone else.  Seriously.",0,1
Why are women such depraved sexual miscreant BEASTS?,0,1
shoot him then cut his nose off.,0,1
"A lot of people thatare going to be hurt by all this are Republicans. And according to some of the Republicans I know, they are wondering if someone is going to shoot Trump before  he even gets innaugarated.",0,1
Biden?? Are you kidding me?? Why are we meeting with that fossil?? Tell him to go home to whine and moan with the rest of the Demoscrats,0,1
Are you really so ignorant or do you just repeat mindless rants hoping someone will believe them? The state has been handing out money to anyone who will take it for 40 years or more. The only difference between republican and democrat is where the piss the money away.,0,1
"I don't see a single shred of evidence of ""Frequent Repairs"" from that Captain Active. 

You still spouting your own false bravado only now they all don't vanish and the comments are highly visible. People now have a better understanding of your bitterness and silly child play",0,1
"They write a story about a beautiful car and all you can do is find some way to try and ridicule another poster!

I have never seen this person comment on something like that so why exactly is this relevant to anything. 

The Globe needs to do a better job banning fools from these stories and they should start with someone like you who abuses privileges on here",0,1
"""Childhood memories are powerful forces. Justin Trudeau didn’t re-evaluate those memories in making a public response on behalf of Canadians to Fidel Castro’s death.""

That a revolution in Cuba was necessary to throw out fascist American puppet dictator, Batista, is common knowledge throughout Canada and the world.
  That the US did everything in its overwhelming power for 57 years to destroy the liberating effects of Castro's popular uprising is, unfortunately, still a mystery to millions of Canadians and Americans.
  This is one of history's ""teachable moments"".
  Unfortunately, with fascist Donald Trump in power and Canada drifting ever more to the right wing, people will remain ignorant.",0,1
Not sure where You are getting the divisive opinion except for the raging anarchists on the streets of America crying racism. It's apparent that they don't want to pay for their education and Trump messed up all their socialist plans. Yet Hillary was embraced with open arms even though she is a criminal of the highest order. What the hell is wrong with you libtards that you claim to be victims? You wouldn't know freedom if it bit you in the ass.,0,1
wrong. the hippy fake natives are trespassing on public land. that makes it my land and i want them deported and charged with crimes. kick out the posers!,0,1
Margaret you could not be more wrong. If the only supporters of Trump were the privileged he would not have won. Where do you libs come up with such dumb thoughts. Even you can't really believe this .,0,1
The city of Toronto and Hamilton put out more GHG emissions than all of Alberta. Why? because they burn a colossal amount of fossil fuels. It is the use of these fuels rather than their production which is the problem. Alberta is only responding to  demand.  If you are going to march in the street against the energy industry that is you right. Just remember we are all hypocrites.,0,1
You should only tip on the portion of the bill before tax.  Tax is not a service or product provided by your server or the restaurant. Don't be a sucker.,0,1
"for the uninformed commenters, leaving the business to have them run by his children is not a blind trust as presumably he will still have an ownership stake in them.  This is just a red herring.  He still owns the businesses, therefore he still has a vested interest in the success of the business.  This is just more twitter garbage to fool the unwashed Trump crowd.",0,1
More silly chicken little views of Trump......color me surprised.,0,1
"Oosterhoff:  ""I'm not a homophobe but homosexuality is a sin, gays should not be parents, homosexuality should never to taught in school, so please feel free to discriminate against them.""",0,1
Mikes Meats has a farm in Palmer though? I'd say that's pretty damn locally sourced.,0,1
"So, while the cheers go up in corporate and government offices across the land consider this:
OPEC is an international oil cartel.  It artificially manages its resources in order to fix the price everyone pays. 
 Under legislation in Canada, the U.S., the U.K. an the EU, the largest consumers of OPEC oil, this activity is illegal.  And yet, these same governments and their domestic-based energy companies, are cheering the news that OPEC will cut production in order to hike prices.
Governments love it because their share of every litre of gas you pay for goes up.  Energy sector types love 'cause profits roll. But you and I, well, we're shafted as usual.  By who?  By the same globalized forces that have been making our lives miserable for a long time. 
In my neighborhood gas was hovering around the 90 cent mark last night.  This morning even the 'cheapy' stations have hiked their prices to 102 cents a litre.
Cheer on. The crooks win again.",0,1
"This isnt a troll to get people riled up. 
It is however an opposite side of what is mainly being printed.
I had a private conversation with a parent who said they had run ins with this kid and he isnt the angel everyone is making him out to be. 

I hope he is found alive and well.",0,1
Use your computer to read the actual history of fascism in this nation and beyond.  Sticking your head in the sand will just get your butt shot off.,0,1
"hes an absolute fool , it will catch up to him butts should not spend all that moving money hes moving again shortly  out of parliament troudo n saudi shophie too",0,1
"Did Clinton agree to dismantle the Clinton Foundation? Or is a double standard at play here?

If you think any politician is conflict free, you're a fool. Heck, Justin is getting statues of his dad built following meet and greets with Chinese businessmen. Everyone is bought.",0,1
"Robyn
""Absolutely right trump doesn't even want to meet the fool"".  Who wants to meet with the r*p-off artist Trump?  Only those  who can stuff their own pockets by becoming "" so-called friends"" with him.  Ask any independent trades people who worked for him and how they got paid",0,1
The man (boy actually) is a bigot.  Nothing more to say.,0,1
Complete foolishness and lack of understanding the issues.,0,1
"Close your legs if u dont want to get preggo. 

Get on birth control even if youre not sexually active and happen to get raped. There are kinds that are good for your skin.",0,1
Silly if you only make 40 thousand a year. Remember the one percenters. One in a hundred can afford this type of car and are quite comfortable spending the money.,0,1
"Guys are careless pigs obviously and just spread their seed where ever. Its the risk she is willing to take though by having sex in the first place. 
There Are non hormonal birth control methods. 
She can wear a chastity belt if shes really THAT Worried about rape.",0,1
"That burning sensation that you're experiencing is Trump stabbing you in the back.

""There's a sucker born every minute."" - PT Barnum",0,1
"Just think how much smarter and better looking than you she is. That's the true reason you feminazis hate her. You are all a bunch of nasty hags,, angry and weird.",0,1
"Tell us, oh nutty one, exactly how Obama ""killed veterans?""

This should be interesting.  Always fun talking to the mentally ill.",0,1
"Clergy are like horse manure. Spread them out, roses will come up. Lump them all together and they just stink....",0,1
What a loon. She's better thank her lucky stars the employees and fellow customers didn't wipe the floor with her chirpy ass.,0,1
Water does not put mercury into the water - you are some severely dumb people HYDRO IS WATER.,0,1
"Kitimat voted NO, the whole coast hates Kinder Morgan and for good reason. 

http://www.theglobeandmail.com/news/british-columbia/kitimat-residents-vote-in-northern-gateway-oil-pipeline-plebiscite/article17949815/",0,1
"The Lower Mainland will now protest and try to stop Kinder Morgan- and drive to rallies in SUVs and bring sandwiches wrapped in plastic made from oil.
_____________________

You guys are unbelievably ignorant. We have bio-degradable plastic here & made from PLANTS, additionally we have recycling *everywhere* for decades add that taxis here are HYBRID/ELECTRIC and that we have  electric charging stations in public parks, beaches, public-owned lands and BIKE LANES. oh and we use HYDRO - HYDRO MEANS POWER FROM WATER, and ALBERTA BUYS IT TO OPERATE THE OIL SANDS OPERATIONS AND HEAT YOUR HOUSES.

Such idiots in Alberta!",0,1
Nothing to learn here except for maybe a study on the psychotic behavior of Meggsy.,0,1
"'
One grifter to another, 

….Trump is nothing but a grifter surrounding himself with more grifters.",0,1
Marty E - you are being utterly silly.,0,1
"Kill some more kids and then complain about guns, LOL the left is a joke",0,1
"I mean't the Marine Barracks bombing in Beirut..  The policies of colonialism, its theft and murder, are carried on by leeches and parasites who kill their hosts",0,1
"No, these posts are full of Tides Foundation shills who have swallowed the Koolaid that shutting down Canada's energy industry, while allowing the US's to prosper, will be good for the environment.  These same shills even think that reducing Canada's meagre 1.8% contribution to global GHGs will somehow cause the natural climate change to change its direction and/or its rate.  These are the same shills who believe that by euthanising our economy and scarificing our prosperity, we will be so morally superior that China, the US and India will have no choice but to follow our lead.  Stupid, just plain stupid!",0,1
How many criminal records do you have? You reek of them.,0,1
Canada treats inmates with true savagery.  We have no claim to call this a civilized country while brutal scum hold sway in our institutions.,0,1
"To bad, you lefty's can now go suck mud.",0,1
Of course no charges.  It's not illegal for cops to shoot blacks.,0,1
"A word to moderators......why, with all you new wonderful civilities focus etc, do you allow these morons to shill for their online scams offering 200 bucks an hour pay for sitting at ones computer multi level marketing the gullible in society? 

Please do not allow these fools on comment boards......",0,1
"Try dodging a jaywalker in darkness, with dark clothing and walking down middle of street. Drivers, most of us, do drive with care, but drunks or stupid kids think they can finger you and stay in street. Even with very little snow on sidewalk. So they get flattened. As for bike riders. Majority are kids and adults who think they are faster than cars. No brains and many are injured  they just dart out and go without looking for cars, so they get flattened. End of careless. Even if this city had velvet sidewalks and bike paths some of these idiots would still get in front of a car and think ""I can make it"". Then some poor citizen that hit the moron is sued or live with the image of running over someone. Brain dead humans.",0,1
"Ahhh so now we are bad mouthing doctors?

This is what gets us thru our lives now?  We pick a certain valuable (and IMO overworked and underpaid) professionals and dump on them because they make more than the rest of us?

These women and men deserve every damn penny they make and should not be penalized by the government for providing a service that very few can do.  Enough with the ridiculous taxation in this country, it is time to trim the fat.",0,1
Yup. BLM is a great example of the approval of racism by the left. Sickening.,0,1
What kind of puusy-@s$ doosh shoots a down-man in the groin with a rubber bullet?,0,1
Castro's death kinda reminded me of when that jerk-from-work dies and everyone goes to the funeral and pretends they liked him.,0,1
"Trump ""...built business empires which (sic) employed thousands...""? And then proceeded to disemploy them all each time he declared bankruptcy. He's a fraudster, pure and simple. In past times, he'd have been selling snake oil to the masses.",0,1
"Canadians would do well to consider whether anti-pipeline protests are being financed by foreign countries whose oil will face competition from Canada's on the world market. Iran, Venezuela and Saudia Arabia come to mind. 
Of course most sensible people would like to see alternatives to fossil fuel. It's not going to happen overnight. Meanwhile, one might also pause to wonder how protestors travelled to the protest sites, and how they are heating their homes this winter. If the answer to the first question is not 'on foot' or 'on horseback', and to the second, is not, 'wood', then they are hypocrites.",0,1
Most ridiculous thing I have read in days.,0,1
"what would you know about sport or  scienceÉ stay in your room doing what you do best.. wash your hands after, wanker.",0,1
"Hopefully when he's killed in prison.  Seriously. 16 years old and physically and sexually attacks a random jogger?  There's no room on the planet for this kind of predator, and at this age.",0,1
"I can just imagine the Pig and our gal discussing the needs of the VA. Oh yuk, I should not have imagined that.",0,1
"WOW...great idea.....but wait......in City of Montreal it is still illegal to turn right on a red at any time, while off the island.....anywhere....it is OK!  I guess the mayor of the City of Montreal prefers traffic blockage, excess fuel consumption and possibly believes that anyone on the Island of Montreal must be a mental midget.  Oh, by th3 way, Mayor Coderre doesn't, he has a chauffeur.  What stupidity.",0,1
I have to give BXYI some credit.  I feared the worst when he was elected.  He removed the conman/pederast Fr. Maciel from ministry.  He also met with victims of sex abuse by priest which John Paul II repeatedly refused to do.,0,1
Because they're douchebags.,0,1
The G&M is so fucked up they ask me to approve my own comments.,0,1
"whaaaaaaaaaaaaaaaaa,keep crying soar loser",0,1
"So they claimed they were elected to ensure that FPTP was never used again, but then discovered... that any changes would be rushed??

Um, isn't that what everyone else said about their plan?

I guess we're supposed to believe this report for what it isn't: another pathetic walkdown of an ill-conceived Liberal sham.

Worst. parliamentary record. ever.",0,1
"It's just a man trying to stay connected to his heritage and make a living. If that's the assumption you want to jump to, you are as ignorant as they come, and clearly missed the main message of this article.",0,1
"I dunno, I kind of think ""try rape, you’d like it."" to a sexual assault survivor is a bit worse than ""same goes for the Harper"".

I've known women who have been encouraged to be raped, killed, laughing when their pets died, saying ""you live at <address>, I'm coming to rape you"" and it goes on and on. I've not known many men who have been told worse.

Walk a mile in their shoes and then judge.",0,1
"the opposition isn't environmentalism, it's our LIVES. we LIVE HERE. STOP ATTACKING BC for CHINA.
_______________________

It's goddamn treason the way the lobbyist for Enbridge and Kinder Morgan (Enron) are attacking Canadians.",0,1
"NO, you dumbass you have been informed EVERY TIME That BC pays FOR BC BY BC TAX, Alberta Sludge pays ZERO in BC, Alberta receives subsidy BY THE REST OF CANADA.",0,1
Richard Corbeil -  Oh omniscient one. You presume to know my view on many things. You do not know.  Your speculations are.... baloney.,0,1
"Don't feed the troll, Roy.  It's just a reincarnation of Dean Clark spewing canned one-liners.",0,1
What this is about is hypocrisy. If you are going to be a socialist say so!  Don't run as a capitalist. More corporate welfare. What everyone knows now is that socialism is necessary and that our country had been headed that way for years. So STOP CLAIMING SOCIALISM IS BAD. Stop running political campaigns against socialism when you are dead set on being a socialist. I am sick and tired of that kind of hypocrisy.,0,1
"Would somebody please think of the children!
Kinder Morgan and China are coming to kill them all!",0,1
Burn him the stake for his blasphemy,0,1
Not when 60.5% of Canadians voted against this wanker!,0,1
more war mongers hired by the incendiary buffoon.  and the new guy is worried about iran.  ask most rational thinking citizens in the world outside comatose united states who they are worried about most and they will tell you it is america.,0,1
"Don't bother with that clown Rock...Anyone who uses the word ""anyhoo"" has absolutely no taste whatsoever and is to be ignored. He is irrelevant. Don't waste a second more with him/her/it.",0,1
"Alt-right is just a catch all phrase for people that do not fit into your typical republican/tea party camp.   Richard Spencer is not a white supremacist he is a white nationalist...there is a difference.   Not that I would expect anyone at the globe to have the brain cells to discern the difference.   In its neverending war on nonpolitically correct thought the globe is a complete joke.   The globe is a living example of racism in action,  racism against whites.",0,1
"On the contrary, we should encourage and facilitate their exit.  Do we really need traitorous, opportunistic carpet baggers anyway?",0,1
...and damned little of what you read.  The NY Times and the TV networks have destroyed media credibility.,0,1
Screw you,0,1
That kellyanne conway really looks like a truck stop prostitute.,0,1
Black lives matter!!  ??,0,1
"Trump's slogan ""Make America Great Again,"" as Mr. Chell points out, clearly insinuates that Trump does not think America is great. Millions of Americans, a majority of voting Americans, in fact, think very differently. The flag means many things to all kinds of Americans. 
Many of the same Trump supporters who suggest that anyone who burns a flag should lose their citizenship sport the flag on their undergarments or cut holes in the flag and wear it under their arm pits. Their patriotism is so overblown as to suggest an inferiority complex. Quiet patriots know America's strength is in its diverse and educated people.
Trump needed the help of a foreign government that spies on the U.S. in order to get elected so his patriotism seems quite self-serving but who but a fool would expect more from a rich guy who avoided service with 5 deferments? I assume the Armed Services were much better off without a guy Donald Trump. Everyone's heard his disrespectful opinions about prisoners of war.",0,1
"AirMiles used to be good, but now it pretty much sucks anyway.",0,1
"I say, she's a dangerous person ""alien"" to have
in our Gov. Get that traitor in my opinion out
of our Country.",0,1
"How about we hang the central banksters, issue our own money and hold our government to NO loans during peacetime as the Constitution states, as we did Pre Pierre Trudeau the treasonous.
The bank of Canada has no reserves because Justin sold off the last of Canada's gold reserves just recently.
Treasonous family.",0,1
"That makes Trudeau and his party hypocrites.    That's a far cry from ""corrupt"".

That's why this is all optics.",0,1
"Let's see-. Accusing all Mexicans of being rapists or criminals. Threatening to build a wall around Mexico. Promising to jail ""crooked Hilary"" if he becomes president. Allowing his children to attend meetings with global leaders. Naming as his education head somebody who is adamantly opposed to public education. Designing a campaign to appeal to racists and white supremacists. Trump has offered such a rich field for this that time doesn't permit me to go on.",0,1
"Harper promised transparency and accountability? That never happened. As long as enough people come to vote against the right wing the system works fine. Look at the last election. Every right winger in Canada voted  for Harper, which was the same number that voted him a majority! But after ten of right wing political trash we in Canada smartened up!",0,1
"This new comment section sucks! 

Whats with the Emoji's! 

Is this a high school Facebook page or a National newspaper?",0,1
"Picking someone who hates schools to be Secretary of Education is beyond ridiculous.  It is a good way to ensure future legions of low information voters.

Yes, Billy Carter was a joke, but at least he wasn't a war profiteer and mercenary like Blackwater company.  Urinating on a runway is less offensive than murdering civilians.",0,1
"And what do we have?

PMZ, who's going to be eaten alive by those ""scumbags""...",0,1
Children lead by a feckless dimwit.,0,1
"When your too stupid to read; breed.

""Maybe Mr. Stevens should have contacted me if he wanted to live, if he wanted security. He should have thought about that."" Hillary Clinton, Bengazi hearings October 2015.

""I believe the primary role of the state is to teach, train and raise children. Parents have a secondary role.""
Hillary Clinton. ""It takes a Village"" 

Inbreeding, as a requirement of democrats in government. It takes a Village, to inbreed with Democrats!",0,1
"Thank you for that acknowledgement.  Hillary Clinton, however, did not spew those sentiments during the campaign, or ever, that was a caricature that you fell for; in fact I'm not sure I've ever met an abortion-crazed person. I think Donald Trump has probably promoted abortion more than we'll ever know.  He is a very sexually promiscuous man and has boasted about it often.  I suspect that he has paid for many abortions.  He was also very openly racist, misogynist, xenophobic, and a verifiable liar.",0,1
"Make the point that this minister is a twit & the government position on this is nuts, but honestly, what you know about a PMs agenda is diddly squat.",0,1
You are the epitome of a sore loser. Run along now...,0,1
"Normally you articles are quite ridiculous, today is no exception.",0,1
"You're wrong.  The delay between retirement and lobbying is nowhere near 7 years.  This law is specifically aimed at the SECDEF job.  The purpose of this separation is to ensure firm CIVILIAN leadership of the military.  Read the article.

You have no idea where I've worked.  Don't make ignorant statements.",0,1
Society tries to impress with high levels of thinking and intelligence and comes across lookig lk a bunch of jackasses - a recount is a waste of time and money - just move on - the better candidate won. People are so simple minded to think this is news - especially the simple minded globe and mail writers,0,1
The butt hurt is strong in this group.,0,1
"When the State leg. gives multi hundred million tax breaks to Phil Knight, it is not a surprise our schools are in shambles

The legislature (and then Gov. Kitzhaber) also eliminated the timber tax for timber barons in 1999.  

Starving schools of basic funds is a tactic of the conservatives to undermine public schools.  Even David Stockman (Raygun's budget director) has admitted this.

When the University is more concerned about guys from California throwing balls than class size, it's also not a surprise they are in decline.

Religious schools are free to co-exist but not with our tax dollars.  Let them survive on the tuitions that parents give them.

Some religious schools are very good, some teach fairy tales from the Bronze Age as factual.  No wonder the US is sliding into stupidity.",0,1
"Well he's a quisling to France of course.  Anyone who claims that the perpetrators of Bataclan and Nice are examples of ""homegrown terrorism"" is a liar and a coward. As are you if you agree with him.",0,1
"Shame on anyone who stands in the way of higher taxes, we need big government to step in make decisions about how are money is spent, as the stupid commoner is incapable of it",0,1
"Who wrote the headline for this piece? I detest the way the left has tried to change what it believes is sexist language and introduced such moronic words as ""humankind,"" ""chairperson,"" ""spokesperson,"" ""spokeswoman."" Absolutely ludicrous. As if saying ""mankind"" is somehow sexist. Then they take the word ""gender"" to replace saying, ""sex."" (No doubt their Victorian background.) ""Gender"" has to do with language and nothing else. It's way past time to take back the language.",0,1
"It's not ""independence"" or ""toughness"" or ""straight talk"" not to know the difference between the barn and the house, and which one you shouldn't stomp around in wearing your crap-covered boots.",0,1
Sheesh what hag Amanda the mother is.  Blaming a toddler for a preventable tragedy with abusive language not to mention smoking cigarettes.  Yuck!  Some people deserve their migraines.,0,1
He seems Hollow between the ears.,0,1
"Standard Liberal Party ...""say one thing...do another"" Junior needs to get the message....the world changed bigly Nov.8, 2016, or his ass will be grass.",0,1
It's Alaska you liberal journalists and pussies!!! Buck up buttercup!!! What do you expect???,0,1
...the same way of trying to get the Republicans' Corrupt Bastards Club out of our capital.,0,1
"Come on damn it.  Hillary wasn't the best choice for the Democrats and I'm a liberal.  She never really had an economic plan other than chirping in her campaign stump, ""I'm going to turn the economy over to Bill.""  Geez.  Give me a back flipping break.",0,1
"You're going to boycott a town because they changed their name? That's the dumbest, most petty reason I've ever heard of to boycott something. Well, have fun with that. I hope you can find a more English-friendly place to spend your tourist dollars. Barrow miss what little money you'd spend there, but I'm sure they won't miss your closed mindedness.",0,1
When was the last time brandel chamblee fired a 65? Actually I don't care - he's a dick,0,1
The spawn of Pierre is tone deaf.  Not a smidgen of common sense exists between his ears.,0,1
"I don't know about working for Trump but it's worth noting that Trump's pick for Attorney General did say that grabbing a woman by the pussy, even without her consent, did not constitute sexual assault.",0,1
More identity politics garbage.  Keep it up liberals! You'll keep losing.,0,1
"Talk about looking cheap and pathetic, they are a Political party, not the Shopping Channel.",0,1
Sometimes vermin should be put to death....,0,1
"Or, they just don't care. Like all pagans they believe in their golden calf and don't sweat the details.  And as we know, they're not well-informed. ""Let's face it, he's going to look out for corporations, to make things work for them, to bring jobs back home,"" Terry said. ""And as things trickle down – as they're going to because it's America – the little guy will get something, too."" Truckle down economics has been shown not to work over and over again. For the past 8 years corporations have been hoarding their money, not creating jobs.   They've been paying themselves very, very well and to hell with the little guy. All Trump is going to do is get them more money to hoard.  Yet here we have people who believe the BS Trump, his team of liars and the Republican can Party have been spouting.  So all of the changes Trump is making that will end up hurting them--all ""the details""--aren't registering, whether because they don't want to understand or can't understand.",0,1
"Somebody is making money off this mess.

What are the odds that someone, with knowledge that the deal was crap, shorted the stock?  Short 100,000 shares and the price drops $5 a share, and you are ahead a cool half million dollars.",0,1
Apparently you don't get it.  He knows it's wrong but he has gauged that you and I aren't going to do a damned thing about it.,0,1
Violent  repeat sex offenders like this need to be taken out to the pasture. I wouldn't mind if the coward on the bike suddenly becomes suicidal.,0,1
"Spring Moose, you are LITERALLY the only person or institution I've ever heard this from -- sexually assaulted from a drone? I've got to assume you're trolling because no one who has any brain cells would ever believe what you wrote.",0,1
"US American = laugh, laugh,laugh. Marvel at the sheer ignorance.

It was called 'tarsands' in the original process patents. The term 'oil sands' is nothing more than lipstick on a pig.",0,1
"Mr. Smith: The Democrats set this thing up. They established big government in Alaska; this is the lifestyle in which Alaskans now live. The Democrats taught our people that it is ok to not try, and that failure by ineptitude is an ok lifestyle. They taught it and continue to believe in it. They will not back down and don't give a rat's backside who they hurt with their BS. 

Senator Gruening was a great man. I also liked Oral Freeman of Ketchikan. Both Democrats. Starting with our oil period the Democrats became the scum of the earth: all they wanted to do was trade the state's cash for power. Jay Kurtulla: remember him, paving a road to his mom's house? Tony Knowles: (2) $40 million fast ferries when the rest of the world was giving their fleets of these away because they couldn't afford to run them.

We can pick lots of examples, but losers are still losers!",0,1
"Japan should have finished what they started in the 1930's.
china would be no more. The US should have dropped  a 
few A Bombs on them back then also. They are gutless
commies.",0,1
"Well he did a good job of showing us the ignorance, blatant sexism and twisted logic behind a Trump vote.",0,1
"Hillary Clinton is not a pedophile and never elevated pedophilia as a campaign issue.  Donald Trump actually was the man accused of raping a 13-year old.  So now I can add that to my list of racism, misogyny, xenophobia, and fascism.  Pedophilia.  Thank you for reminding us.",0,1
Sexual orientation isn't an addiction or a crime. Your resort to a patently ridiculous distortion is junk.,0,1
"Trump is the first politician that I have
ever seen who the stones to do the right
thing. No Pussy Footing around. Keep
at it Don. By the way,""MAD DOG' is
the right person and has the right
attitude about these things. I would
feel honored to stand shoulder to
shoulder and be polite, professional
and have a plan to kill them all.",0,1
"Like his predecessor, our latest PM is scum of the earth.",0,1
"Here are your ""cites""; Donald Trump is president.

Apparently watching the events unfold in real time in full color isn't enough proof for you and your ilk so the remaining sane people in this country just ""cited"" their evidence. 

please go back to that moist dark rock you live under.

D or R, if what she did and said after Benghazi doesn't incense you there is something fundamentally wrong with you. ...and if it had happened under GWB your opinion would be 180 from what it is. that makes you a super hypocrite.",0,1
"Japan should have finished what they
started in the 1930's. Or the US should have dropped 
a dozen ABOMBS on chinnie, eradicating them
all.
Polite, professional and a plan to kill them all.",0,1
"Wow, this guy needs to be studied by neurobiologist to see what exactly sets normal humans apart from this animal. This monster deserves to be in a cage or in a mental institution.",0,1
When will thus idiocy end?,0,1
"Electing a megalomaniac, blowhard clown is reckless.",0,1
"when will ignorant left wingers like YOU wake up to the reality that under obama there has been the LOWEST number of jobs created after a recession in almost 100 years! under obama , more people, 51 million now are on food stamps, a huge increase!,, , that the number of those they dont count in these bs numbers, those out of the system, those called not participating in the system is now 40%! ,, as for the DOW you can clearly thank TRUMP since  the rally is after and becuase he was elected! ,, the obama years have been a mess, millions lost thier doctors after  the big lie as well, 20 TRILLION in debt more debt added under obama than all other presidents combined,,,, so darcy ignorant lib sheep, learn seom reality before you look so completely stupid as usual",0,1
"when will ignorant left wingers like YOU wake up to the reality that under obama there has been the LOWEST number of jobs created after a recession in almost 100 years! under obama , more people, 51 million now are on food stamps, a huge increase!,, , that the number of those they dont count in these bs numbers, those out of the system, those called not participating in the system is now 40%! ,, as for the DOW you can clearly thank TRUMP since the rally is after and becuase he was elected! ,, the obama years have been a mess, millions lost thier doctors after the big lie as well, 20 TRILLION in debt more debt added under obama than all other presidents combined,,,, so darcy ignorant lib sheep, learn seom reality before you look so completely stupid as usual",0,1
"when will ignorant left wingers like YOU wake up to the reality that under obama there has been the LOWEST number of jobs created after a recession in almost 100 years! under obama , more people, 51 million now are on food stamps, a huge increase!,, , that the number of those they dont count in these bs numbers, those out of the system, those called not participating in the system is now 40%! ,, as for the DOW you can clearly thank TRUMP since the rally is after and becuase he was elected! ,, the obama years have been a mess, millions lost thier doctors after the big lie as well, 20 TRILLION in debt more debt added under obama than all other presidents combined,,,, so darcy ignorant lib sheep, learn seom reality before you look so completely stupid as usual",0,1
"If you're saying that Trudeau is anti-Semitic, you're bonkers.",0,1
"the radicals are the sheep brain washed at these places that live in hypocrisy always claiming they for people etc but as soon as anyone they dont like comes to speak, its start all but a riot to make sure they dont",0,1
We need to eliminate these people from society.,0,1
There has not been one sensible comment from any of the below. does Sunday  bring out all the stupids?   But it was nice to hear from a sensible person in the ambassador.,0,1
"How do you spell b.o.o.n.d.o.g.g.l.e.?  To the suckers that keep voting for incumbents in the County elections year after year, you got what you deserve.  These buggers all knew this would over run years in advance.",0,1
"Sorry, but I lived through the '60's protests and student protests had a feeling of emerging destiny and imperative fueled by absolute anger about the atrocity of the Vietnam war. Mr. Trump is a buffoon who is not worth taking a bullet for in marches and protests.",0,1
Yea they are. How bout this. They all need to be shot in the head and used for bear bait,0,1
"You are a FRAUD J.Bob

A total and complete fraud - as are the 1 person non-scientific blogs you quote !

climate4you, (a blog) is a 1 man operation which has been widely discredited.
/cryosphere/IMAGES is a FRAUD

Researching your references a bit further - they led to: the WORLD CLIMATE REPORT - which along with its editors - Michaels and Balling Jr are on the payroll of the "" Western Fuels Association "" (WFA), an association of coal-burning utility companies. (Wikipedia)

""....the Intermountain Rural Electric Association, had given Michaels $100,000. ""(Wiki)

""....Michaels had received more than $165,000 in fuel-industry funding, including money from the coal industry to publish his own climate journal. "" (Wiki)

Michaels also serves on Cato Institute (Koch Bros coal) panels.

Your "" references "" are PR firms or individuals receiving "" funding "" from various energy companies.

You are either a "" shill "" for the energy companies, or just incredibly ignorant/gullible.",0,1
"I live in Illinois. This is the first I've heard of coffins for miscarriages. Are you sure you don't mean Indiana? Mike Pence was the former governor and I believe his happy little sexist ""I hate women and gays"" heart passed that law in Indiana.",0,1
You are about as classy as a pig gets.,0,1
"""I don't think the Supreme Court was ""perverting"" the Constitution but was recognizing the fundamental equality of people to participate in the society and the ""common good"" created by that society.""  So you're a Constitutional scholar now?  The ""fundamental equality of people to participate in the society and the 'common good'"" has never been thought to include what until recently was thought to be perversion, the marriage of two people of the same sex.  There is simply no right under the Constitution to do that which is so fundamentally opposed to the founding laws of the Republic, which regarded such acts as ""crimes against nature.""  Cue the laugh"" faces from the ignorati.",0,1
"I'm not comfortable with repeating a rumor as fact.  That's why I have to laugh at Trump's supporters who swallowed hook, line and sinker every lie, even if proven false, about Hillary Clinton.  The child rape accusation was actually a scheduled court case which was withdrawn because the victim received death threats.  Trump is a man who has admitted he sexually assaults women, has boasted about his promiscuity.  He and our new first lady were recorded on the Howard Stern Show, while they were not yet married to each other, and both of them admitted that they were naked and had just had sex.  That ugly, creepy-looking man is obsessed with sex.",0,1
"99% of all attacks on Jews in Europe  are  by Muslims. . Bataclan had been under threats and attacked by violence for years from  Muslims who hated the Jewish owners of the club.  Kosher stores across France are regularly  ransacked  by Muslim gangs.  Bars, cafes  and restaurants are openly ransacked and patrons attacked by Muslin gangs for sell non halal foods and alcohol, Muslims are the problems.",0,1
"Most people support this,pipeline in BC and Canada. Why don't we hear from them?
I guess it's not good press fodder.
Keep giving the vocal minority a platform isn't the way it should go. 
These people are hypocrites,",0,1
no more Chinese please,0,1
"You wrote:

<<Whether we recognize them as a nation state doesn't matter.>>

Back in reality-land, it matters a lot. That's why the foreign policy establishment is aghast.

The FACT is the US government does NOT recognize Taiwan as a sovereign state, and it is NOT for a president-elect to reverse decades of protocol on a whim and inflame the Asian hegemon. That was stupid and reckless, but what does one expect from Donald Trump?

Anyway, off-topic and I will return to ignoring your patent nonsense.",0,1
"Ha ha ha! Feel better, clown?",0,1
"Calm down, clown.",0,1
"Borh parties have done nothing to cut spending, and the Governor is hell bent on spending all of our state money on his personal crusade of vacations/junkets to the far east in hopes of finding a sucker to buy into his pipeline to nowhere. Any Alaskan that is willing to pay taxes and give up their PFD to these spending addicted legislators is a fool.",0,1
"Calm down, clown.",0,1
This is a frikn Troll-a-thon here,0,1
"Once more a lame, unintelligent, snarky reply without any susbstance to deny the truth of exactly what I posted.  Demonstrates the totally lack of anything other than garbage ideology gleaned from the right wing playbook.  The tone of your comment sounds suspiciously like other posters operating under a host of pseudonyms with the sole purpose of sad attempt to turn sow ear dogma into silk.",0,1
"another ignorant loser lefty, see pal the government doesnt decide what happens in a market place, demand does and the demand was for OIL which they have in plenty..thus their economy among other things runs on it. we need to get our OIL industry back on line and it starts wit those pipelines, that last thing any province needs is more quebec corruption.",0,1
"Nasty pit people  doing what they do best, hate.",0,1
Romney was for show. t-rump won't pick him. I doubt he'll pick Huntsman either since Huntsman has been critical of him. That leaves the remaining morons. Yikes!,0,1
"Liberals and free speech = oxymoron, walk onto several campus's with a Trump hat on and/or say ""all lives matters"", then stand back and watch them practice what they preach = ridiculous.",0,1
"For you, Travis, I select dumber.",0,1
"Why would anyone in their right mind want to be Trump’s Secretary of State?""

Because  the far right lunatic fringe ""alt-right"" (racists, white supremacists, anti- Semites, gun nuts"") really don't see the world as most sane people do.

On the other hand, Mitt Romney is as sane as they come, yet, he's willing to bend over for the far right lunatic fringe white-supremacists/racists.

Makes you wonder.........................................

.",0,1
What a gold plated transistion fund.If they are that stupid to pay rent that high then they should go back to Syria and fight .Giving them more than welfare was a complete mistake and no the will want entitlement to the higher pay because of stupid decisions in rental locations. I am sorry but I refuse to believe we should have even taken them in as a lot will be radical Muslims and there is no way of telling who is or who isnt.Syrians should have gone to the Satates or anyone of those greedy countries who toppled the government for profit.I sure hope our military has the balls to say no to fighting for profit like the Americans do.,0,1
"That cretin shouldn't even had her sentenced reduced in the least.  She should die in prison or have been given the death penalty, if only we were smart enough to have it.",0,1
"Where is that dick McCallum now I ask?    After downloading all the expenses for all his grandstanding policies to the provinces, I suppose hiding under the rock where he came from.",0,1
We absolutely don't need this kind of Trumpanzee garbage in Canada.,0,1
"they are not eco-warriors they are eco-terrorists,  and they are not natives they are Indian bums.",0,1
"After WW2 Italians, Poles, Ukrainians, Finns, Dutch and other people came to Canada , no assistance, no welfare, and without Gov't programs found jobs, educated their children and helped build this country. They did not beg or cry or were a burden on the system. Stop the scam. Stop bringing people who can not or will not help themselves. Time for the bleeding hearts and goody two shoes to wake up. The experiment has failed. Shit or get off the pot!!!!!",0,1
The election that ruined everyones life. We are all going to die. it's the end of the world. I will never get.....oooo look cows.,0,1
"These damned plebs, they just don't do what they're told anymore. Merkel is right we need to censor social media and give them a controlled view of the world. Start off with picking migrants up off the Libyan coast and bringing them to Italy. Its really wonderful and we all like it. Anyone who doesn't and says so here's a jail cell for you.",0,1
"You not only do not understand fascism, you do not grasp the conditions for fascism to flourish. And by trying to peg me as Jason, you have revealed yourself to be no more than a troll trying to annoy readers and commenters alike.",0,1
Total nonsense. More speculative fear mongering from the sore losers on the left.,0,1
"""Where is that dick McCallum now I ask?""

I expect he's still nursing a hangover from the weekend.",0,1
"These people are nearly all entirely useless - illiterate and uneducated. They will be a burden their entire lives and they despise Canadian freedoms and the western way of life.

On the plus side for Trudeau, they'll be voting for him in the next election.",0,1
"Good riddence to Fidel Mierda ! He murdered 1000s who disagreed politically with him. 1000s more were jailed for decades. 20,000 or more fled his reign, many drowning in funky boats trying to get to Florida. The current leader, his brother Raul, is not much better. Cubans are a wonderful people and deserve much better !!!",0,1
"Please just go away Kendzior. You are defender of free speech as much as Julius Streicher was.

Come back in 4 years to write the same nonsense.",0,1
Garbage sensationalist column.,0,1
"It is the second generation of immigrant Muslims who are most likely to become Islamist jihadist radicals. In 20 years the  children of these women will want to kill other Canadians, and fight for Allah.",0,1
"Breitbart is garbage.... please take yourself over there, Franco.

BTW Where are your pals, Mussolini and Hitler ?",0,1
It sure is frustrating. And there's no way to figure it out through context! I guess we'll just never know. Damn New York Times >:(,0,1
"The woman is a nut, but you must muse at the sad, hysterical  article!!",0,1
"This government will be forced to pay for the really stupid decision to accept thousands of poorly educated pseudo refugees (they did not fit the UN definition because they were already settled in Turkey) who have very large families and will be a drain on our resources for many years to come.  They have very different cultural values, do not accept that men and women have equal rights and vilify the LGBTQ community.
Trudeau and McCallum and all those aiding and abetting this insane act should be forced to pay at the polls.
Perhaps Trudeau is banking on the women continuing to produce huge broods of kids (not unlikely since they won't get any employment)  and at this rate they will soon become a major voting bloc.",0,1
"Follow the money. Who benefits with the status quo where doctors get rewarded for jacking up costs?  Of course with Citizen's United it's tough to follow the money trail back to which politicians benefit, and that's how all the parties like it (except us, but we're too ignorant to know better).",0,1
"In the meantime, Canadian born people in their twenties can't afford to settle down and have kids because the cost of living is so high. 

When are Canadians going to say enough is enough. 

It's crazy that some people just keep voting for the same crooks, over and over.",0,1
"China is a horrible military dictatorship hiding under the Communist Party of China ! 

What's not to love!",0,1
"Yawn…

Yet another whining “progressive” who only now can emerge from her “safe space” after the shock and awe of Trump’s victory, but still thinks she knows how everyone else should live.

The fact that the author is still dropping the tired old “fascism card” in her sophomoric comparison of the US with Uzbekistan is beyond pathetic and clearly proves that she still doesn’t get why Trump won.

We usually get this kind of leftie hyperbole from Tabitha, is she on vacation or something?",0,1
One more insane christian fascist infecting the entire governing system of the nation,0,1
"Those pesky social scientist, inventing nonsense concepts and words that are never applicable to the institutional Church, words like misogyny, patriarchy, pedophilia, monarchy, clericalism, sexism and FEMINISM!  Drat those ignoramuses, those faux intellectuals!",0,1
"I think Americans believe their president should be free to speak to whoever he thinks best.

So PRC can go suck eggs.",0,1
I deal with plenty of realtors. Do your research before hiring some of these clowns,0,1
"Agreed, Woodrow Wilson was the worse President, Obama is the second worst President ever.",0,1
ERISA exists because of disgusting attempts like this to hide skull-surgery under the guise of religious freedom. Due on these whites sepulchres!,0,1
"The RCC is never going to ordain women and rightly so. This whole thing is a fool's errand and I don't know why they waste their time chasing the unobtainable, unless it's the whole job security of an academic cottage industry, known as gender studies. I'm going with that, since nothing else makes sense. They get paid as professors to peddle this...material. Why are universities paying them? It's paying for trash.",0,1
"Please remember that Albertans elected the NDP and that this group of demonstrators only numbered about 1,000, including those bused in from other cities. So, I do not think that you can justly say that the ""Province"" stupid, hateful and bigoted. Of course, some people are certainly in that category.",0,1
"Do I really need to point out to you the difference between illegal and unethical?  If that doesn't work, how about the difference between illegal and stupid?  Not all that is unethical is illegal, nor should it be.  Same goes for stupidity.  Because, like it or not, under the rules we have in place, Rachel Notley is the rightfully elected Premier of Alberta and she has done nothing for which she should be in prison.  This makes the actions of these chanters both unethical and stupid.  But not illegal.

Next, do I need to point out that free speech is a two way street?  Free speech does mean these chanters get to say what they want without criticism, the protesters have the right to start such a chant and we have the right to call them unethical and stupid.  Especially heavy on the stupid.

Same goes for your comment.  Welcome to the world of bidirectional free speech.  You dish out free speech and you get it back.",0,1
what year did you move to Canada? Your ignorance is astounding!,0,1
"If they killed my kid, each and everyone one of those punks would suffer a fate so terrible and painful before finally begging me to end their worthless lives.",0,1
Shut the damn door already. It shouldn't take 15 years of people saying to do it -  and the epidemic in BC - that is physically seen/known and even reported by CSIS ... as homeless crisis increases exponentially for you to get it.,0,1
"H.L. MENCKEN’S prediction:

“As democracy is perfected, the office of the President represents, more and more closely, the inner soul of the people. On some great and glorious day, the plain folks of the Land will reach their heart’s desire at last, and the White House will be occupied by a downright fool and complete narcissist moron.”

  -H.L. Mencken
The Baltimore Evening Sun,
July 26, 1920",0,1
"H.L. MENCKEN’S prediction:

“As democracy is perfected, the office of the President represents, more and more closely, the inner soul of the people. On some great and glorious day, the plain folks of the Land will reach their heart’s desire at last, and the White House will be occupied by a downright fool and complete narcissist moron.”

  -H.L. Mencken
The Baltimore Evening Sun,
July 26, 1920",0,1
"Paying 39 cents for an Air Mile which the customer can redeem for about 10 cents ... on a flight to Des Moines, Iowa in the middle of February.   What a stupid system; how do we get rid of it?",0,1
neither one of these goons sounds plausible and I don't believe Almandinger's version of his passive participation at all.  I'm only sorry David came by such scum to get involved in the first place.,0,1
"Shameful, arrogant selfish child.",0,1
"""You must be speaking about college campuses like Trump University""


No, you were.
I was talking about the much more recent and closer events at U of T where the ever shrill and eternally outraged SJW industry and their “trigger-generation millennial” leftie fellow travelers attempted to shut down a debate on Bill C-16 by Prof. Jordan Peterson to the point of violence and assault.

As a leftie troll, you would have fit right in helping the likes of smugglypuff http://knowyourmeme.com/memes/smugglypuff

BTW, go back to your ""safe space” and spare us the eternal bleating about the popular vote BS and the old pathetic narrative suggesting that the 50 million people that voted for Trump were all misogynistic racists. The biggest reason Trump won was that wildly biased MSN and lefties like yourself started to believe in their own stupid propaganda...

It’s going to be a long 8 years for your industry….",0,1
"So we can add this legal immigrant to the Boston Bomber brothers and other similarly inclined murderers who were admitted as children and subsequently decided to destroy, kill and maim others in their adopted home because of the peaceful doctrine of Islam.",0,1
Instead of spending money on stupid and expensive court cases would they not do better investing money in their children's education. ( I suspect we the Canadian taxpayer paying fir their legal challenges anyway).,0,1
"Happy now Sue... YOUR crazy fake ""pizzagate"" b.s. has reared it's ugly head again.

Man walks inside Comet Restaurant, points one of his weapons, causes a panic and fires a shot before being apprehended. 

I'm sure you're proud of yourself.",0,1
"All my friends, and the generation before and after me, have played video games. Trust me if it caused it at all you would feel like you're living in Syria. I still catch spiders and let them outside. Video games must have really screwed up my value on life since I respect a life so small. Your view is as silly as thinking playing chess causes war. Sure you're trying to capture their king...but it's just a game. Mental illness or not having good parents are the cause of violent sociopaths. It's like blaming guns for murder. It's only the humans involved that are at fault, not the tools. Ridiculous lol.",0,1
"Rule of law, rule of law. Bring the army in; build the damn pipelines.",0,1
"Mike will forever be one of my all-time favorite people!  His cart was more than a place to grab a great meal. His hugs were genuine, his laughter was heartfelt, his kindness and generosity were 2nd to none. His humor laced ""asshole"" wit and antics matched mine perfectly! Mike made a 13 yr customer out of me from day 1 and I never visited any other street vendor! The experience, the laughs, the encouraging words and the memories shared between us will never be forgotten! You will always be a great dude in my book! I am definitely going to miss you deeply! There will NEVER be another M.A :-(",0,1
I also was curious to know what happened so that I could try to make some kind of bizarre sense out of it.  It made me feel physically sick to my stomach to read what happened to David.  I hope that every single person who was involved is charged to the maximum amount possible.    How is it possible that none of them have any basic empathy for someone who considered them to be a friend?   Teenagers without any conscience = psychopaths!,0,1
"Sick, evil kids. Put them in jail forever with no hope of parole. Rest in peace, David Grunwald. May God comfort his parents and loved ones.",0,1
"what kind of job is that? What science aspect they are looking at?  Basic science,, engineering science, computer science, material science, astrophysics, quantum mechanics, or social science?

Canada already has an army of scienctists:  there are department heads in various Canadian universities; there are Federal science funding agencies who are supposed to understand different area of science.

If you ask me, this is a useless post, posted by useless people.",0,1
"Can't wait for American ""anti-Trumpers"" to emigrate to The Great White North.  They'll fit right in with the ""Looney Left.""  Here's looking at you, Canadian suckers.",0,1
I voted liberal and I want proportional. This survey was ridiculous.,0,1
"Sarah--this so important as we see another ideology with zero experience...but this one is one of the worst as her only goal is privatization, and funding for privitate Christain schools under the guise of charters. Of course Oregon has a different version of charters that is less bad than what this means in most states...for profit school that are failures. And while a few conservatives try to argue that this markets forces reform helps make better scores, all it has done over the last thirty years is fatten the pockets of a few and provided nothing in return. These are not private school in the traditional sense, they are a wolf in sheep's clothing. And DeVos is one the worst as this is only one of many extreme views she and her kind...let's publish the list of extremist billionaires ruining our great country! Drain the freakin' swamp before it's too late.",0,1
"Hmm, you do know that the perps parents are trash, right?",0,1
"Vox Pop Labs actually can't remove any survey responses without unintentionally removing valid survey responses. The openness of the survey and anonymousness of respondents makes it impossible to determine which survey response was valid and which are duplicate responses by the same individual.

Consequently this is exactly why we can't allow online voting. Someone else can always impersonate another person in the online world without anyone being the wiser.

The survey itself is crap, I was able to get the exact result I wanted a so called ""Guardian"". surveys are not about getting honest results, they are about manipulation.",0,1
"Maybe your daughter and you should try harder. Trying to compare your sad story to those who've literally been bombed out their country? Pathetic.
Some Canadians even go overseas to get their career started and then return home with experience. Get off the Globe's site and logon to LinkedIn, Workopolis, etc. Put in work.",0,1
"Hilarious....
You posted rabid anti-Clinton nonsense during the election, backing Trump by default.
But you do have a habit of sucking and blowing at the same time...",0,1
"That's the thing - these losers thought they were ""big time""...they are really just trash with no conscience. They are about to find out what ""big time"" is in prison.",0,1
"Ranger fans belong in New York City with your hero, Trump.

Take a hike, freak.",0,1
"Yeah nearly 2 million CanadianS are out of work and youth unemployment is at 27% maybe you should learn math, read and stop being an ass. The temporary foreign worker program needs to be abolished and the TFWS *sent home* ON THE COMPANIES DIME.",0,1
"If you want to kill someone, use a car.  The penalties for killing someone, even when at fault, are laughable.",0,1
Rubbish...these people were bused in by a publicity hound who's trying to get PR for Breitbart north...,0,1
I'll pay to house these bastards for the rest of their lives. Natural or otherwise.,0,1
"Wrong, wrong, wrong. The Electoral College was/is intended to respect the power of the individual States. Big centralized government fascists would love to diminish the powers reserved to the States and the People. That is all that this is about. Haycox and his fellow cult members aren't satisfied with controlling the major media outlets in order to freely disseminate their propaganda. What? It didn't work in this election because of all those damn red states! Haycox should join Madonna on her ""Cry Across America"" tour!",0,1
I am so appalled i would like to join a protest about this skewed stupid ballot,0,1
"I'm sorry Minburn, but I'm a Liberal, contributor, and party worker (well I won't be for long if this keeps up).  I'm not a Conservative, and I'd argue they aren't whining - stating the facts.  

This survey was as bad as Monsef's performance on CBC and in the House last week.

Monsef needs to resign.  Really.  Electoral reform needs to be dealt with in as fair and non-partisan way, as it can be.  I want fair and representative elections, not stupid ""push poll"" surveys that contain loaded questions.",0,1
You got it.  And he's appointing Carson to manage the slaughter ....,0,1
This Liberal electoral reform effort is approaching the level of absurdity of the barbaric cultural practices hotline.  Certainly the Minister responsible is as much of an imbecile as the previous Conservative incumbent.,0,1
"All politicians at all levels need to be FIRED, from Vancouver City Council to the BC Premier to Trudeau.

They have all failed to address the cause of the problem in Vancouver (a flood of overseas money skyrocketing house prices to dozens of times the average annual income, turning homes into what might as well be playthings, baubles and stock certificates of the ultra-rich whose money comes from overseas).

Fire them all and start afresh with a new policy.

The nonsense actions in the article make Canada look like a pathetic banana republic.",0,1
"You have no idea.  How was Obama for the huddled.  How about they think he sucked, or they would have voted for Hillary.",0,1
Did the Conservative party not learn their lesson from the Leich Alexander combo and their snitch line which was one of the big reasons they lost the last election and are still 20  points behind the Liberals. .Obviously not! So on they go on with a repeat performance and the idiots  in the Conservative  party let this stuff go on and slowly but surely killing their brand.,0,1
To lump every kid that goes to Valley Pathways as a bad kid and that the school does no good is ludicrous! Have you been to the school..spoke to any of the kids that have graduated from there or who are currently going there. ..do you know any of the teachers or administration? To base the schools entire history on the acts of one delinquent is asinine.,0,1
"YOUR Corruption pipeline is NOT in the juan de Fuca as you have posted numerously for, it is NOT HARO sound OR THE GEORGIA STRAIGHT - you sick, dumb and colluding a-hole.",0,1
Hilarious...as if Chinese Canadians would like your racism and bigotry.,0,1
"Zinga zinga, pull yo little head out yo big ass zinga",0,1
"Funny that this comment would be rejected:
""YOU denounce all Albertans all of the time.
YOU were the poster who wrote these words:

""These Oilbertan creeps all voted for the Cons.

We owe them nothing.""

And YOU were the poster who tried to sow doubt in the minds of people donating to the Fort Mac fire, implying the same sentiments as above.

The imbeciles who chanted are typical of a small demographic that exists in every province.

But YOU little man are a PROVEN anti-Alberta bigot.

Now you're trying to wrap yourself in a cloak of indignation.

Pathetic""

Yes, funny Looks like the Globe has let the lunatics run the asylum",0,1
Thank you Torontonians for electing Justin the drama clown.,0,1
"As I said to Pandora on a similar occasion, here on the planet Earth, we have something called ""humor"". It seems that before you came to Earth, the Overlords of the planet Ogg forgot to put this in your briefing. When next you report to the Overlords, you should complain to them about this.

Apparently, Marty's ignorance extends to this as well.",0,1
"Shut up and pay your taxes. What are you? Un-American!? Don't you support our troops? Where is your patriotism? 

The waste is bad enough. Covering it up is fraud. Wasting this much money and failing to correct it should be classified as treason because it does affect our fighting mans/woman's support both during and after battle. Fix it now and use the savings to dutifully equip our solders and fix the VA. Remember when we could not afford bullet proof vests or armor for the hummers for the solders getting killed and wounded? Now you know why? The MIC is alive and well and is the biggest recipient of corporate welfare to the detriment of our people on the ground and in harms way. The sad part is these same AH idiots that can't run an office or supply chain are in charge of a battle plan as well.",0,1
"I am sure there are  communists, sociology majors,  and SJWs  in Toronto who will think the survey is important. Their opinions are what Trudeau, Butts  and Montif want.  People who actually think for a living will see it as a waste of time and money, and quite likely be offended by the dumbness  of the inquiry.",0,1
This is crazy.  Leftist craziness lets people kill with impunity.  No one is safe.,0,1
"It's funny how black people are ""activists"" but white people are 'supremacists,' 'neo-Nazis,' or racist.",0,1
You're a douche bag!,0,1
Hookers and druggies let them shoot each other up in Spenard.,0,1
"Time to offload the all style no substance shiny pony. Great at cash for access with Communist China,phony carbon tax ripoffs,and flooding the country with future terrorists! Really,just not ready...and getting more inconsistent and hypocritical by the day!",0,1
"Thank you - obviously, the initial comment was ridiculous.  Recommend that Wardooooogoooo educate himself by reading Doris Kearns Goodwin's book, Team of Rivals.  There is no comparison between what appears to be the most uninformed/inexperienced cabinet candidates and those that actually achieved goals during the Civil War.",0,1
"the further i stay away from anchorbanks, the happier i am.  fred's east can suck it.",0,1
"Mainstream liberal media were all stunned by Trump's victory in spite of their unceasing and relentless demonizing of Trump as being a racist, a bigot, etc. etc.

It appears that mainstream liberal journalists can not accept a presidency of Donald Trump ergo this so-called ""racism"", one of the very thing to demonize Trump during the election campaign.

But on the question - Why did people vote for Trump

Simple:  
(1) Build the wall  
(2) Renegotiate trade agreements 
(3) Drain the Swamp.

Racism?  

How can one even think of racism when Trump intends to tackle low income African-Americans and Latinos in inner cities in his ""Make America Again"" programs.",0,1
"And as a 66 year old, you'll never have to face the repercussions of your vote, like any of the Supreme Court decisions that will be ruling people's lives for the next three decades, you SELFISH F*CKING *SSHOLE.",0,1
"Catou, You truly are a buffoon of the first order.

ENB 10 year total return 14.2% annual, compounded.

20 year return 18.9% annual compounded.

And, no, I don't and never have owned any ENB.",0,1
"WTH?!? Public transport is for the ""poor?"" What section of your pea brain did that come from? Public transport is for everyone, no matter how much money you have. 
You're right, people are not going to stop driving, but I would imagine a large percentage of people on busses is to save them from driving. Yes, there are people out there that cross the street against the light, and then you have idiots that are more interested in their phones than in watching the road. These people should be charged with distracted... walking? I don't know what you would call it. Cops need to start charging these people instead of complaining about it all the time. Really, grab some... gumption. 
Do you honestly think spending more money on roads is going to make a difference as far as stupidity goes? I think not. 
You say to give the drivers the right of way, but if you are standing on the sidewalk, the driver does NOT have the right to jump the curb and hit you.",0,1
Trudeau is a thief.,0,1
"More wrong headed Liberal crap.

No government Act can preserve a language or a culture.  If culture and language are important to a group of people, their culture and language will be a way of life, something lived everyday, and it will thrive on it's own.  Any language that needs this type of legislation is destined for extinction.

On the bright side PM Simpleton has demonstrated to all of Canada that legislation passed by a sitting government can be quickly repealed by the next government.",0,1
"We must get rid of this PM! He spends all his time and billions of our money on useless, wasteful projects that have nothing to do with the needs of working Canadians . He will soon be eaten alive by forces and events that require a strong leader rather than a man-child with limited intellect or experience.",0,1
Let it go about Justin.  This story is about Merkel.  I detest conservative trolls like you.,0,1
"""The cross-partisan Senate committee, which includes five Conservative appointees, two Liberals and two unaffiliated senators, says the federal government has to ensure that language training is provided so the Syrians can successfully join the work force and society.""
They're not going to join the work force and society you idiots!  They're going to stay on welfare and child benefits.
Why can't the Liberals admit they made a mistake and cancel this program.  20,000 more applicants in the pipeline...",0,1
"Look how peaceful and happy gun friendly countries like Syria and Yemen are as compared to say, France and Germany. Would you really rather live in Europe without your guns or live in Yemen with them? 
If you believe The Second Amendment is the single most important right that we have and the only real reason this country was founded as all of us gun loving NRA folks do, then there isn't any question to what is best. Obviously chaos, anarchy, murder and mayhem are perfable to peace and safety as long as we get to keep our guns! 
And just because Trump is a spoiled entitled 70 year pathologically lying racist bully doesn't mean he is a bad guy! Give him a chance! What could possibly go wrong?",0,1
"""That literally makes no sense.""

Great....you just nicely  demonstrated how dumb those right wing Trump fans are...
CNN is looking for you ASAP.",0,1
damn skippy trudoo,0,1
"Damn liberals  ruining the country one step at a time, I hope morneau needs a doctor soon and can not get one",0,1
Israel has already decided the US will attack Iran. Americans are being played for suckers.,0,1
"Killing western supporters of terrorists is not a problem, but a solution.",0,1
Giving away raw assets to Jina and risking a spill for a few measly pipeline jobs is just moronic.,0,1
A Country where we have a right to protect ourselves and our property from scumbags.,0,1
Only anti-Canadian haters p*** me off. Oh that and ID10T's from Nova Scotia. The oils sands will continue for a very long time Clueless from Halifax and there ain't thing 1 you can do about it.,0,1
The resident anti-Alberta bigot airs his ignorance yet again...,0,1
"What an ignorant post. The fact that this family wasn't harassed until Dembowski shared that blog post should tell you something. She may not have used their names but it was quite evident in who she was referring. She should have apologized because it was the right thing to do. Instead, she acts like the small minded person she is.",0,1
"Seriously?  In no way, has McCain or Romney has said or done the things anyway near your Trump (""grab them by the pussy, Mexicans are rapists"", ad naseum).  Loser by 2 1/2 millions votes.  Not my president.  Now or ever.",0,1
Kids say the darndest things....,0,1
"Are you ILLITERATE, Chuck?",0,1
"?? Use you damn wind mills then, not pipeline and FYI BC power part of Alberta with our Hydro Power and the west Coast down to California, so - really, know things before you yap. Thanks.",0,1
"are you trying to justify your high school drop outs (temporary foreign workers) that can't read a damn map?

Try your BS elsewhere. I have a career, and know how the real world works and your corruption will NOT continue.",0,1
"are you ILLITERATE, chuck?",0,1
"'
Trump and Pence insisted 1,100 Carrier jobs were saved.
Union workers got a letter at the plant saying Trump's deal with Carrier will save only 730 factory jobs in Indianapolis.
The 'deal' is already being pulled out from under.
Standard con job.
.
Meanwhile,
Dear Leader's hiring practices.
.
Last year, Trump was allowed to hire 69 foreign workers at Mar-a-Lago.
Palm Beach County’s labor market included 35,766 job seekers who were officially unemployed.
.
I thought Trump was admired because he was going to get rid of foreigners taking American jobs?
.
The kids have a saying, ...fooled ya, ...wouldn't want to be ya.
.
(oh, and Palin and Trump are both nothing more than petty scammers and buffoons.)",0,1
"Please continue your ""inane"" posts, Kurgan. I think it's very funny that you 'send up' the pitchfork wielding horde on here. Especially when your posts are at times so ridiculous that some people think you actually ARE a religious stuck up sticky beak. 

Folks, Kurg is only joking. It's the others who are deadly serious 😊",0,1
"Anderson playing alright, we're good, Habs lost to a crappy blues team so...",0,1
"It appears to be because the “pew dwellers” are people of faith, while the commentators are an effete corps of impudent snobs and nattering nabobs of negativism.",0,1
"Finally, China is getting signals it can't simply do whatever it wants and run roughshod over everyone. The approach of Trump is a little risky, but also has real potential for shifting the tide away from a communist dictatorship becoming the supreme power in the world. I think the Chinese have been laughing, a lot, about the strategic naivete of Western leadership for some time. I don't think they are laughing now. I think they are off balance. While that presents risks, it is an approach well worth carefully pursuing. Trump is not the stupid idiot so many think he is.",0,1
"Rod one does not have to use specific words to meet the criteria of exhibiting tendencies. It is a childish argument to indicate he did not say a specific word when his intent wass clear to the audience. Over the campaign Donald made many statements indicating his views on other races, women and religions.  Should I start with the Trump comment about the Mexican judge overseeing his trial. Or maybe the all Mexicans who come here are rapist, thieves, and drug dealers.  Certainly his recorder statement about his grabbing women stands by itself as indicative of his views on women.  Did sure you missed all those?",0,1
You and and that old bag a dust are racist by association.,0,1
all concerns and even your ridiculous ones above were addressed and the project was approved,0,1
It is interesting that Amy doesn't understand why people make dumb blonde jokes. She kinda is the example of why.....(I apologize to all blondes that do not deserve to be painted with the same brush as Amy).,0,1
judging from the responses you are as popular as a prostitute at a Christining,0,1
"Meggsy, obviously you know nothing about the royalty review the Alberta NDP has already completed and implemented.  Please have a read of the report - it's actually pretty informative.  I'm giving you the benefit of the doubt and assuming that you are simply uninformed, not wilfully ignorant.",0,1
"You're right, it is annoying to keep schooling you.  The article talks about the 2015 commitment to bring in refugees and that the Provinces are against the clown offloading costs to them.  It's not about 2013.  Not 2014.  I can't dumb it down any further for you, you have to start catching up.  Harper wanted to bring in 10,000 and sponsor 4,000.  Your hero brought in 22,000 on our dime.  Reading and comprehension is tough for uneducated lefties but you take it to the extreme.",0,1
"""heavy hand of the state"" the Liberals epitomize that statement, hypocrites",0,1
damn good question,0,1
"''The government has already sold about 30 per cent of the shares in Hydro One, and plans to sell another 30 per cent to raise billions of dollars to pay down debt and to fund public transit and infrastructure projects.'' 
Sure. That's what we want. Wynne and her incompetent band of crooks getting access to MORE money. They've already driven the Ontario economy over a cliff. Of course, they'll spend it on paying down the debt (which is Everest-sized, and costs 1 billion dollars each month to service - thanks, Kathy,) and funding infrastructure and transit. Bullfeathers. That cash will disappear into the same black hole as all the rest.They'll burn through that money faster than a wind-driven grass fire. Then, they'll come looking for more. It's what they do, and it's what they've done. A whole lot of their pals will get rich in the process, and the rest of us will be left holding an empty bag. How anyone could believe one word that these lying bunch of thieves says, is astounding.",0,1
"And your ""argument"" further descends into ridiculous hyperbole. Maybe it's time for another break?",0,1
"Well, no, the Liberals have been in power for 15 years and created this mess. 
Liberals are liars!",0,1
"I agree that this is screwed up.

Why isn't this a criminal prosecution?",0,1
"The police know that the whole court system and legal framework is nuts, and that it refuses to put any significant consequences on those who kill others through their carelessness, selfishness, and laziness.   This is true of other crimes as well, from assault to Canada's rampant financial fraud.  The lawyers obsess over whether or not the accused had the intent to do harm - or over the ""degree of carelessness..."" but who cares??  If you killed somebody, you were careless enough to deserve a real penalty!   They should go to jail - their actions caused injury, death, (or) massive financial loss, etc.   The burden of trying to prove intent/lack of care makes trials last forever, in the accident cases.  And in the financial cases, again, you have to be a total idiot to think there was no intent, when some Ponzi scammer steals $20 million.  Yet they are allowed to hide behind crap like ""Oh, our land development just didn't work out - too bad, the money is all gone."" Naive, stupid judges.",0,1
"Sorry, you are NOT an ""orthodox believer,"" and you are NOT a reliable source of Catholic dogma or doctrine.  There is NO need for you to repeat Catholic teachings here.  Enough of your bootless lectures on Faith and Morals, we do NOT need another Cardinal Ray Burke from the ultra-right wing of the Catholic bird to tell us what must be corrected in our Catholic Faith!  Your sole purpose in coming aboard here is TO DISRUPT!  Even ""Fr.Z."" won't have that!",0,1
"3 issues. 

 Pedestrians don't act like a car can hurt them.  Doesn't matter if you are ""right""  this isn't victim blaming it's reality.

It is way to easy to get and maintain a licence.  People don't actually know how to drive and they don't know WHY they are doing something / why it's important.  

Police focus on the wrong behaviour.    Speeding isn't the most dangerous thing on our roads.  Unpredictability is, not telegraphing your movements and not signalling is far worse then speed.  We are letting drivers of the hook and they aren't communicating or acting as is they are on the road with others and they NEED to communicate.  If they had this mindset / approach there would be a shift.  

Everything is always geared to the lowest common denominator.  Enough with that, raise the level of our drivers.  Pretty soon all the speed limits will be dropped to 20 K, because people will need to be protected from their own stupidity.",0,1
"Most people don't care what the terms say Captain active. Most care about having civil discussions. They don't want to combat some fool who spends his day erasing comments and placing them back in verbaitem.

The terms also state the following:

'Our goal at The Globe and Mail is to foster intelligent, insightful and entertaining conversations'

With you we get neither of those three conditions. What we get is boorish behavior, child like qualities, and ignorant comments.",0,1
So you think 1 years worth of stats is more vital and accurate than 30 years worth. Thankfully stats Canada doesn't employ people like you.  Your math skills and cognitive reasoning are atrocious.,0,1
"It is amazing how people who want to regress call themselves ""progressive"" People who want to ruin BC, a Canadian province for China and the USA are regressive and ignorant.",0,1
"Are you trying to justify your high school drop outs (temporary foreign workers that can't read a damn map?

Try your BS elsewhere. I have a career and know how the world works and your comment to me reeks of fraud. Your corruption will NOT continue.,",0,1
"I love the rationalizations trying to say that the CPC fundraisers were different because the cost of entry was lower (eg: when Nigel Wright hosted a private fundraiser at his home for an Ontario PC candidate or when Dykstra hosted lobbyists in the private booth of the Skydome Owner, or Baird, or Raitt, or the multiple events starring Duffy and Harper).

So in other words, the Liberals are the high priced call girls while the CPC were the less expensive street walkers?     Is THAT the difference?

Face it - ""cash for access"" is a sensationalist way to describe fundraising when a politician attends their own fundraiser.     It's been going on for as long as politicians needed money and there is nothing inherently wrong with it.    Further, eliminating it doesn't solve one damn thing.",0,1
"Question from the non-partisans on the board: is it only puerile drivel when it is in reference to Trump/right wingers or do you extend your venom to the dozens of Liberal shills who drop that ""get over it"" meme in defense of Hair Leader, Justin Trudeau?

It is fun watching you wing-ed fools trip over yourselves taking the other guys' position though.",0,1
"""Seriously? In no way, has McCain or Romney has said or done the things anyway near your Trump (""grab them by the pussy, Mexicans are rapists"", ad naseum). ""

Yep, but that didn't stop the media from labeling them as racist, sexist, misogynist, bigots.  Now are you starting to figure out why nobody listened to the media this election?  They used this line twice already.  Boy who cried wolf.",0,1
"Are you ILLITERATE, chuck?",0,1
"All Muslims are terrorists, that is a fact, they either pull the trigger or support those who do.",0,1
"Are you trying to justify your high school drop outs (temporary foreign workers) that can't read a damn map? 

Try your BS Elsewhere. I have a career and know how the world works and your corruption will NOT Continue.",0,1
"Hey America, go straight to hell!.  You're well on your way.",0,1
Exactly!  tRump is just a pig at the tax payers' expense.,0,1
"One day a real rain is going to come and wash all the scum away forever. And this day is fast approaching. Trudeau, Trump and the rest of the world's scumbags will end up in a horrible place, and deservedly so.",0,1
"GOD gave women their rights as human beings, not men. Did Jesus Messiah approve of treating women as mere p******s to be groped? Hell no! A man was not even to exploit a woman in THOUGHT.

Your objection is neither here nor there. I gave you the example you demanded and you changed the subject. Duly noted.",0,1
Trudeau's government of corruption wolves in Sunny sheep clothing (or no clothing when Justin takes off his shirt),0,1
"How Idiotic.

All levels of Govt are drowning in debt at a time when interest costs are inevitably moving higher, making debt servicing costs much higher.

In any economic expansion, first priority is to pay down our enormous debt.

It's saving money for the future..",0,1
"No one was muzzled , you dope. Everyone knew the dangers,",0,1
So many people in these comments taking the opportunity to brush aside this terrible case and make sure everyone knows that at least once in their life they've seen a pedestrian cross the street unsafely. You are trash.,0,1
He was a jerk for no reason to my vacationing parents and gave my sister the creeps. Very sad to be so troubled as much to take your own life. I pray the victim and family will have closure someday.,0,1
"Lord, what a tedious, tiresome, transparently deceptive and misleading troll you are.  Are you so delusional that you cannot see by the reactions of other posters that nobody is buying your repetitive and specious spins?  Obviously, Cassie (or whomever you are) your only recourse here is to go on the offensive and attack the reporters and the opposition with blatant lies and misleading out of context drive by smears.  You are certainly succeeding in being offensive, very offensive, but this is one pig that not even you can put lipstick on.   Give it rest.  Maybe run away for a week or so like Trudeau did.",0,1
"Lol how could you not reference Trump or farage  who campaigned brexit or any new EU leader that will stand up against the guise that immigration is our saviour and must be done for humanity. By seeing how you cannot make that connection shows me who the idiot is. Secondly in regards to money that is laundered out of Canada, hate to say it but its laundered everywhere and it is certainly not the citizens of those countries on the receiving end.  It's politicians. The same politicians who steal the money from us Canadians that contribute to ridiculously high taxes and  ridiculously stupid regulations. Americans were sick of the typical politician in the USA who steals from them in the same forms of taxes and regulations, which is then laundered
Out of the country to everywhere. Trump noticed as have the citizens. We Canadians by our recent vote have not, but we did not have a politician to say these things. Once again by you not recognizing these connections I can see who the idiot is.",0,1
"The concept of Trump returning blacks to slavery was all over the internet.  It would have been very easy for a 10 year old to be exposed to this concept.  No parent or school would have had to ""coach"" a child to believe it.  You just find it hard to believe because you support Trump and followed his ignorant campaign.",0,1
"He has an insane amount of accounts and is anti-woman, anti-canadian and anti-logic. He's really insane.",0,1
"Lol they all steal. We supported eu too. You think democrats don't enjoy it. Now explain why both sides disliked trump? Probably because he heartened to bring down there game. Thanks for pointing out that trump wasn't a thing during brexit. Once again couldn't figure out the point. People dislike the guise of refugees/ immigrants and the lovey dovey BS that goes along with it. I don't need a lesson on that and it was not even my point. Once again trump and farage and the next eu leaders are very relative to the point of immigration. My second point was the fact that all countries steal from there citizens and launder. We citizens get screwed from every country. You can say the we launder to the USA but it's politicians, republican and democrat. The USA launders to ME, Canada etc and the liberals and conservatives here are happy. They all seem to dislike trump which should be a big clue to his relativity in not only immigration but all policies. Once again I can clearly see the idiot.",0,1
"Jim

I think Donald is a con man and a dangerous, narcissistic buffoon. But I don't hate Donald.  He's not worth the emotional effort needed to hate. To say I hate him is to admit that I even care about him, which I don't. What I do care about is the damage he's already caused to this country, and the continuing damage he'll cause to this country and the world until he leaves office.",0,1
Hypocrit.,0,1
"Right  wing political trash is still political trash! It can come in the form of a Bush, Trump or a Harper but it is all the same.  The selection of corruption being put in place as the incoming Trump Administration will render the coffers of the USA taxpayers to that of a third world country! Pray I a wrong!",0,1
"Maybe the US will stop sharing intelligence with Canada and tell them to defend themselves against enemies, instead of hiding behind the US.

This guy's mentality is akin to the ludicrous mentality that the rest of the world looks to Canada for guidance and leadership.",0,1
"""practice homosexuality, present deep-seated homosexual tendencies or support the so-called 'gay culture""

Since priests are celibate, anyone who ""practices homosexuality"" would be automatically prohibited from Holy Orders.  Why is this even an issue?",0,1
"It's funny. I disagree with Notley on nearly everything. But I admire the fact she doesn't get caught up in the ""offense"" game and media hysteria over every slight. She shrugged off the chants as a few losers. And she's right. We have bigger things to worry about in this country. Who cares about a few losers in the cheap seats. They're always there, and they come from both sides of the spectrum. It's best to let them just make fools of themselves.",0,1
You are deplorable Meggsy,0,1
"Another creation of the NRA, Republican propaganda machine willing to spread any lie and instigate maximum hate and fear in the mentally-unbalanced populace to win an election.  The creators of these fake stories should be tried along with this minimally mentally capable wannabe militia/sheriff/policeman/navy seal.  Just the beginnin for a nation already under assault by the Trump Republican Dictatorship ruling with an iron fist clenching more hate and fear to cow the populace into submission.  Military Generals in charge of civilian departments; anti-evironment Secretaries in every department; anti-public education tyrant heading Education department; current Republican Congress throwing coal miners into the street and starvation.  ""Making America Great Again"" cloning 19th Century Robber Baron slavery and segregation for all except White elite.  Disgusting.",0,1
"I guess the question of the day is: ""can the knuckle draggers lift their mitts high enough to land a knock out""? I suspect the answer is probably ""no,"" which in a sane world would probably mean that either Chong or O'toole are favoured. However, in a post-truth world where the membership gets to vote, who knows? Another question — is it more or less difficult to make up fake news about Dr. Pepper and all the stupid things she says?",0,1
john you are the definition of excrement have some decency and post your horrendous comment elsewhere,0,1
"""immiserate"": transitive verb, meaning to make miserable.

Darn those Chinese and their inscrutable justice system! Imagine making accused spies feel miserable. You'd never see America or Canada doing that.",0,1
"Let me simplify this for the tree-hugging imbeciles that drive in their ICE-powered cars to the next protest....

(1) we have a resource in the ground
(2) we can either leave this resource in the ground, or sell. 
(3) If we choose to sell, we should look to export outside of North America to get higher prices. 
(4) If we want to export, we need to move crude, and the two options are really rail or pipeline. 

I, for one, think moving crude by rail is ridiculous and fraught with peril.",0,1
"Now the poor suckers who voted for Trump expecting 'jobs, jobs, jobs' discover that the jobs will be low-paying, part time non-unionized jobs.",0,1
"aaa the ignorant left wing haters back as usual living the nonsense see pally trump is picking people with actual experience in those departments to actually make the changes he wants that will bring real jobs back to the usa.... but yo keep living in your unbridled, unequitable ignorance",0,1
"The hypocrisy of the left never ever fails to astound me. If Mason had been writing about the pipeline stopping criminals, like to ones who like to go on private lands and destroy equipment and pipelines of companies fully obeying the law, he would call them ""protesters"" concerned about the future. No mention whatsoever about their criminal acts, he would write about them in a manner that would make them out to be heroes whereas to me they seem to be criminals and they should be in jail. However, a few people at a rally say a silly thing like ""lock her up"" and all hell has broken loose!! You should be ashamed of yourself Mason. You may be many things but a journalist you certainly are not, a paid shill for part time drama teaching selfie taking boy, that I certainly believe.",0,1
The failure to dole out prison time for these massive thefts makes a mockery of our so called justice system where a many others with much less impactful violations get long time.  Disgusting.  Who made the decision to go with probation?,0,1
"""anti-immigration, white fear of losing power, anger, hatred of government and frankly a poorly educated, violent and authoritarian loving base""...

Isn't that what I said?  ""if you want to sign on to the Trump train, your big complaint tends to be racial or religious bias""  Yep, that's what I said.

In the US, many of the people who supported Trump claimed to do so for economic benefits.  Frankly, electing a protectionist government to start a trade war would very well be the dumbest idea imaginable given our overwhelming dependence on exports to drive our economy.  If you're voting for some variation of Trump policies in Canada, there's no other justification for it other than racism or some sort of irrational rage. (although, to be fair, I see that around here all the time)

I'm not saying it WON'T happen.  I'm saying we lack many of the triggers that came together south of the border... but make no mistake, we're not lacking for stupid people.  Look at Ford Nation.",0,1
"No, Trump got elected because this election was clowns on the right and lying criminal warmongers on the left and it turned out voters found clowns more entertaining and probably less harmful.",0,1
"Your statement is one sided don't you think? Or does just YOUR opinion matter? ""I don't think like you so we are going to shut you up""!  How about we shut you up?",0,1
"There are so many things wrong with what you said that it is impossible to detail them all here, but: 
a) there are very few problems caused by cannabis and very many problems caused by cannabis prohibition;
b) ""pot people"" will obey the law when the law obeys them and not before;
c) cannabis is not terrible, nor is it a gateway drug, as has been proven again and again and as I am sure you well know (because you're probably a troll);
d) murder for cannabis is a black market thing so that is an argument FOR re-legalization not for prohibition;
e) cannabis has been documented to provide numerous health benefits and it has many healing properties, which I am sure you also already know (because now I'm really sure you're a troll);",0,1
"and stop having babies. I am not your personal piggy bank. How infuriating. Hey how do I become a syrian refugee - seems well worth it.  I HAVE NO SYMPATHY LEFT. Hey justine, they are real rufugees that need my help, not these cheats",0,1
"So this Syrian refugee family with 2 children will get $12,800/year in Universal Child Care benefit, this is after tax dollars and it does not impact welfare payments, subsidized housing, health care, education, tuition.  

Assume they get welfare benefits for a family of 4 of about $25,000/yr, excluding any other income support.  So they are at close to $40,000/year while paying no tax.  

A Canadian citizen who makes $75,000/year would net about $40,000 after federal and provincial tax, their children would not qualify for the $6400/yr/child UCCB, and if both parents were working they'd get pretty much zero.

Demonizing taxpayers who question the sanity of this, let along the disincentive to work by Justine Trudeau is dismissive and ignorant.  Stupid Canadian taxpayers working for a living, what are they thinking.",0,1
"I think you were high when you bought those goalie pads you wore back in the 90's.  They looked absolutely ridiculous, and only someone high as **** with a clouded mind such as yourself, would wear such an abomination that you called goalie pads.",0,1
Silly.,0,1
"Nothing political at all.  Try reading kid.

This is a generational comparison.

The greatest generation vs. the garbage generation.",0,1
The only thing that women have been able to do in seminaries for decades is cook and do the laundry.,0,1
"Really? He doesn't know Laura who is criminally charged and now the executive of the BC Liberals?

You think we are dumb? affiliated with 2 provincial governments that deleted public databases but hired as a ""consultant""?",0,1
"""Mauna Kea is not 'sacred', it is kapu. It is kapu for maka'ainana to even talk about it.  The basalt quarry wasn't open to the maka'ainana, and they would have been executed if found there without permission. Kapu, not sacred.""

When you say things like that it just makes me want to take a piss in there at this point.  The way commoners were treated by the ruling elites was a shame.  If only they had a Reign of Terror and a guillotine.  Execute all the aristocrats.   Viva la Revolucion!

The One True God, King of Kings and Lord of Lords, laughs from above at these ""sacred"" high places.  You can call him a ""jew-god"" all you want, but he smashed your weak and pathetic little idols to a million pieces.  Your ""sacred"" high places are his footstool.  Mountains bow down and the seas roar at the sound of His name.  Mauna Kea is ""sacred"" only to the degree that it brings glory and honor to God.  Everything else is just blasphemy and idolatry.",0,1
"'
Another campaign promise thrown out.

Another page of the hoax is revealed.

Trump is a con man and a buffoon.
.

The trumpery are being hung by their own petard.

(…to have one's plans to cause trouble for others, backfire …)

The kids have a saying, …Fooled ya, …wouldn't want to be ya.",0,1
"The fact that the breathtakingly corrupt and incompetent McWynnety kleptocarcy couldn't pass a high school economics course or run a lemonade stand is hardly new.

The worst part is that the ""geniuses"" behind Ontariowe's greent@rdation energy scam train wreck have taken this clown show to the ROC....",0,1
"can you prove in states where there is a relatively high voting percentage of voters, that they have informed voters, that each is an engaged voter making independent decisions for whom to vote for?   voters engaged or not have the right to vote or not vote.  oftentimes the uninformed voter votes for someone because someone else has convinced them to vote a certain way.  is this wrong?  not necessarily, people are very gullible and easily persuaded, and will follow others because they feel that others are right, and are really right and vice versa.  to say that uniformed or ignorant voters should not vote is really stupid.",0,1
You really are an ID10T you know that?,0,1
"You really are a bundle of ignorance.
Vancouver is on the Coast and it's in the South of the Province.
Too difficult for you?",0,1
"Illegitimi non carborundum!

Censorship is the last refuge of the witless losers.",0,1
"The Trump cabinet will be a dog's breakfast!  For US voters; as George Bush tried to say "" fool me once shame on me , fool me twice you can't fool me twice"" or something to that effect.  How long will it take for Americans to really she what Trump is?",0,1
"What an appropriate drawing to illustrate this article!  
Dear gay brothers, we know some of you are gay.  We think others of you are gay.  We love you.   Well,  I love you and I believe you are some of the best priests in the church.  I wish you could all come out of the closet.  If all of you came out of the closet, what would Rome do?   Fire at half of the priests in the world?  The hyprocrisy from Rome is disgusting and disheartening.  Please know that we care and support you.",0,1
"you are a true liberal loser of dumb,  the market? its a fixed game as the GEA forces us to buy thier power over all other less expensive sources loser ,,, the GEA has cost us 9 BILLION so far in selling off electricity below costs,, as exposed by the AG... and it was DALTON who created the mess made worse by wynne, it was being fixed by harris you ignorant loser, harris separated the generation from the debt, never was going to sell of the grid or do any scam GEA deals  or ramped up the size and salaries of the bureaucrats in hydro, all Dalton and wynne you sheep of liberal trash,,",0,1
"H.L. MENCKEN’S prediction:

“As democracy is perfected, the office of the President represents, more and more closely, the inner soul of the people. On some great and glorious day, the plain folks of the Land will reach their heart’s desire at last, and the White House will be occupied by a downright fool and complete narcissist moron.”

  -H.L. Mencken
The Baltimore Evening Sun,
July 26, 1920",0,1
"Snowden is a despicable traitor who betrayed his own country.   He choose to work for the CIA and was paid to protect his country's secrets.  Instead this naive fool exposed them and played into Putin's hands.  Putin is a tyrant who has opponents and journalists murdered on a regular basis.  If Snowden was to be tried, convicted and shot, I wouldn't have any sympathy for him.",0,1
"LOL, that's pathetic, Cutting Edge. I wonder if  you're brave enough to make these kinds of comments to people in person and get your teeth knocked down your throat. :)",0,1
"'
…that's an asinine comment.
.",0,1
"Send the temporary foreign workers home Alberta, they are an embarrassment to Canada. You also have a serious amount of home invasions because of them.",0,1
Why is this a story if he quickly added he would like to see him have a trial?   More gotcha journalism....and Goodale is a fool to play along.,0,1
Off with his head.,0,1
"Poor Saul has a ruptured soul that sees ANY police activity as a personal affront to ANY rights civil or otherwise. Notice his thinly veiled ""I think that's more to my point than anything even remotely having to do with child porn"" comment. The person is one tracked only and facts be damned. What a life a this loser leads.",0,1
He's such a  crook,0,1
Stop spewing your racist hatred.,0,1
"Don't recognize satire?
You're a joke...",0,1
You're ludicrous...,0,1
"'
Trump is nothing but a petty con man and a belligerent buffoon.
.

Amongst the trumpery, his childish belligerence is his most admired trait.",0,1
"Sorry Chad, I could only tolerate to read about half way through this mind bending stupidity.  It's a great article (the half that i read) detailing how it appears the union must have thought all along that ""oh, those rules and laws don't apply to us"".. ""we are above the law"". If they had a problem with THE LAW, then they should have brought it up at the state legislature when the smoking topic was being discussed. Not after the fact.

This is the same type of stunt the teachers union pulled when Lingle was governor. the Teachers union agreed to drug testing as part of their raises, then after they got the raises, they said ""oh, no, we are not going to do drug tests, that is unconstitutional"" Really ? I had to take a piss test for my job. You must have more rights than me.

If you want to smoke, that is your business. But you are now insisting to smoke IN A HOSPITAL ? Yea.. those are the type of selfish people i want to spend time around when i am suffering and in pain.",0,1
"we are already not competitive in terms of production in the world. Now to add to that Canada thanks to Justin  we will be at even more of a disadvantage.  I know of 2 major companies with contingency plans to move their production out of Canada due to carbon taxation.

We a governed by fools.",0,1
Is it me or are female politicians just the worst!?,0,1
"It is not the people who are out of touch, but this clown crew. People need to stand up and kick them out as they did in the U.S.",0,1
"shoot and wing the SOB s..they are outlaws,with a bounty,i have had one of my vehicles stolen from me couple years back..its maddning i tell you.....these puss sacks know that its not GTA,unless they are proven to or witnessed in the stealing or jacking of mtr vehicle....its only a misdemenor to be in possesion of a vehicle thats been reported stolen....1000.00 bail.......so with that it is exsperating to deal with,however when they get caught,as they do ..in time most of the time,punitive damages can be attached and a civil ensued.resulting in judgement to you,but,they never have any money,or divedend to attach.......in short it really seems that these maggotts are already dead,they just dont know it yet......how long can you live on streets criming,and backwards simping..the life expectancy has got to be brief,short at best.....if it take this to messege the puss bags,dont F*** With my SH*T,or else.one armed bandits are what we will see next......",0,1
"a left wing poster that is opposed to reality!

an education sec that supports parents rights over unions, thus real choice!
a health sec that wants to eliminate the bs government bureaucracy and give real choice to everyone in vouchers,, (thats helping people get health care you idiot)
, a housing sec that believes in states rights over feds
an epa guy that gets the bs rules that hurt business
an AG that not only stands up for people but prosecutes unlike obama and his political AG's
, thats not to say the left wingers like you are going ape crazy over the great changes coming!!!! , rational intelligent people understand this, too bad nut job left wingers dont LIEK YOU!",0,1
"...So Michael Lunney(hypocrite)pontificates,as he &/or his friends &/or relatives open yet another beer &/or light another cig &/or stuff faces w. more fists full of junk food layering more fat on already over-larded,unhealthy frames.Obesity related chronic&deadly diseases kill as many Canadians each year as does smoking, i.e. a staggering 40K+ Cdns killed each year by obesity.All illicit drugs combined could never come close to causing such preventable carnage (&huge cost to taxpayers).Safe injection sites cost taxpayers next to nothing in comparison. Such sites SAVE taxpayers money 'cause they prevent expensive chronic diseases HIV&hepatitis. It's not junkies who are costing you unnecessary big bucks as a taxpayer, it's irresponsible, self-harming, shameless abusers of deadly legal substances such as people you yourself know and associate with(and maybe yourself too?)who voluntarily bring expensive, preventable deadly diseases upon themselves. You irrational, hate-filled hypocrite.",0,1
What a pile of manure.  How does Ibbitson know that African Americans will suffer under Trump.  They only ones that will suffer are union bosses.  That kind of nonsense is why I cancelled my Toronto Star print subscription.  Soon it will be time to cancel the G&M,0,1
Stewart now put your thinking cap on any give me a one paragraph explanation of how Trump is NOT an elitist?  Or is it that certain elitist billionaires like Trump and the Koch's are different from those darn socialist elitists?,0,1
"And another full day has gone by without JT crying or pandering to Syrians...Oh sh*t, I am wrong; didn't he meet with a group of singing Syrian children yesterday. How their parents approved of singing is a mystery. I thought that singing was verboten in the death cult religion.",0,1
"lol Joe who? Pathetic....what's worse than the lame duck do nothing Obama? Now you know ,and on the taxpayers 'dime' yet! Totally meaningless and useless trip from a former U.S. administration  discredited and mocked on the world stage. Something worse than Joe who? I guess having a little potato and Communist China sellout as a leader....when not flooding the country with future Muslim terrorists. A few more months until President Trump gets his little potato masher out for the airhead and bubble brained 'leadership' in this former great country!",0,1
"If you want to know what's wrong with liberals and liberalism just look at illiberal ""liberals"" like Biden and Hillary and Christy Clark in BC - dishonest, hypocritical, corrupt and greedy.
   They are doing the exact opposite of helping families at the bottom.",0,1
"Damn ! this is front page G&M ? spending all that oil money wisely I see.

Why are the models on their website not wearing the head scarf ? Don't they get in trouble for doing that 

Decent job on Dragons' Den, Although I don't think declining the dragons offer was the wisest of moves.",0,1
Trump is  a disaster but still better than another 4 years of Libcuck policies.,0,1
why not  shoot everyone that you don't like ?,0,1
"Wow, she's a mess.",0,1
"YOU LOST THE ELECTION, The people have spoken. More states voted for Trump than your criminal, that's how it works here in America now get on with your life. BTW, Anyone that uses the buzz word ""gerrymandering"" I tune out. It's nothing but a whiner word from LIBERALS.",0,1
"The best way to make an impact is to tell sponsors of her radio show that you will not purchase their products because of their support for a hateful, ill informed, mouthy bigot. Demboski is an embarrassment to the Anchorage assembly. She does more harm than good and should just go away.",0,1
Don't worry...at the next legislative session the unions will force their bought-and-paid-for piggy politicians to rescind the law.,0,1
"My God, what biased, misleading crap.  No mention whatsoever of Michael Chong, Maxime Bernier, Erin O'Toole or Lisa Raitt, all of whom are running for the Conservative Party leadership.  All of whom are moderates.  And all of whom stand a much better chance of winning than Alexander or Trost.",0,1
"Bigots you say?

Here's Mr. Jones spiritual leader.

http://www.tmoamerica.org/news/560-sc-ruling-626/",0,1
"H.L. MENCKEN’S prediction:

“As democracy is perfected, the office of the President represents, more and more closely, the inner soul of the people. On some great and glorious day, the plain folks of the Land will reach their heart’s desire at last, and the White House will be occupied by a downright fool and complete narcissist moron.”

  -H.L. Mencken
The Baltimore Evening Sun,
July 26, 1920",0,1
"Granted this is not Southey's best, but the comments here are truly sad.

Do none of you realize that this column is OPINION? 
It is in the OPINION section of the online paper.
 In the URL you will see OPINION just after the site address.

Similar to another column to which you are linking which plays on the Trump campaign being low on finances which, in fact, it was relative especially to Clinton's war chest.  All the more reason for Trump and Co. to be voraciously abusing the power of government to, allegedly, garner contracts in Scotland and elsewhere for Trump enterprises.

You are using ""fake news"" in a way that makes no sense whatsoever but which does allow you to mindlessly follow a charlatan like Trump to a pizza shop in the exception of finding a sex slave ring run by Clinton.  Oh for the good old days (before political correctness) when we could call stupid people, stupid people.

But you may well get someone killed.  Which you will, of course, blame on others.",0,1
"Ohio Dan supports Sarah Palin as Secretary of the Veterans Administration:

""Palin's name was floated to head the Department of Veterans Affairs ... Sullivan ... said he'd be interested in seeing Palin get the position.""

This shows us that Ohio Dan is an idiot and sycophant. It shows he has bad judgment. But it confirms to me and other veterans that he has no respect for veterans and has no desire to fix the very broken VA system. With ""Mrs. Quitty Pants"" in charge of a troubled organization, the VA would only become worse than it already is in meeting the needs of all veterans.

If Alaska veterans cannot access earned benefits at the VA due to continuing inefficiencies and stonewalling at the Anchorage VA, Ohio Dan tells us to get jobs or dig into our savings so we can pay for the benefits we seek elsewhere. Preferably from private industry. What a jerk!",0,1
"How the mediocre has fallen. Reduced to covering America with a jaundiced view from the comfort of a barren wasteland of an island nation with a single, hated neighbor.",0,1
So how do you explain the liberals ignoring the problem during their 50 years in power. Typical liberal your mouth is in gear before your brain is engaged.,0,1
"Toronto is a cesspool, smells like urine and overflowing with backwards 3rd world immigrants.",0,1
"""They ignore the beliefs and Culture and Way of the peoples opposed. This is called Cultural Racism.""

Well then I guess that makes me a ""cultural racist"" lol.  Simply put, I think protesters, in general, are stupid.  I know there are exceptions and outliers, but broadly speaking this is mostly true.  The issue usually doesn't matter.  You can have a handful of smart people within a protest but the bulk of the crowd is going to be irrational and stupid.  

Then it becomes a question of ""why do I have to respect the views of stupid people?""  You would never tell me to respect the views of the KKK.  Nobody would ever tell me I couldn't make fun of them.  But why is it okay for me to make fun of some stupid protesters but not others?  What kind of standard are we using here?

Hawaiian culture isn't opposed to telescopes.  You're just making things up about Hawaiian culture.  Kamehameha would have leased the summit to TMT and executed all the protesters.  THAT is Hawaiian culture.",0,1
"You're slapping their sacred cow(s). If you do that, you're a sexist, intolerant, xenophobic, homophobic, islamophobic, racist, bigoted, cyberbully.",0,1
"""Something there is that doesn't love a wall, that wants it down.""  Mending Wall.

""Something inspires the only cow of late
To make no more of a wall than an open gate,
And think no more of wall-builders than fools.""  The Cow in Apple Time.
 
That cow, Frost's cow, knew something that Trump needs to learn, fast!",0,1
"Meggsy, Yr willfully ignorant opinion ignores that dozens of medical studies worldwide have evaluated safe injection sites, concluding they save lives and prevent disease. The Supreme Court was swayed by compelling medical evidence.I'll trust the SCC's evaluation over yr bigoted armchair ignorance.Another important finding re. safe injection sites,including Insite is rather than ""enabling"" drug use as you&others falsely claim,users of such sites are MORE,not less likely to enter detox programs than people not using them.That's 'cause users are in daily contact with medical personnel part of whose role is to help to enter detox those who want to. A detox facility's located directly upstairs from Insite. Junkie hating hysteric hypocrites like you refuse to accept the medical fact the carrot works better than the stick in addressing addiction issues.Presumably the carrot interferes with sadistic pleasure you enjoy in hating & seeing addicts whacked & punished instead. You're a sicko.",0,1
"""Mr. Trump...has rejected the idea that climate change exists,"" Biden is quoted as saying. That's a really stupid statement. Trump knows that climate changes all the times, always has, always will. It's MANMADE climate change that Trump doubts. Now we know why Biden came up here. He's climate-change shilling, both to try to salvage Obama's ""legacy,"" and to bolster the insane Trudeau/Wynne/Butts decarbonization and ""carbon"" tax schemes in Canada.",0,1
The noose is tightening around tRump the grand old p___y's (GOP) neck.,0,1
"Pizzagate is real.
Tabatha is OK with pedophiles, as are most liberals.
Because hey - kids like sex, right?",0,1
"This nitwit is probably the most hated individual in the south right now. I bet even the white racists probably want a piece of him as much as anyone else. Thanks to him, the famed symbol of the south, the Confederate flag suddenly became persona non grata all over the nation. I read somewhere that he had a black girlfriend who rejected him and that set him on this path of hate. Anyone else read that?? Death penalty is the only solution for an individual like him.",0,1
You wouldn't know truth if it came up and smack you on the  butt.,0,1
"'
Republican operative:

""I try in my communications, quite frankly, not to say anything that would be embarrassing if made public.""

However, in my work any and all I say and do would be beyond embarrassing if it were made public.

It's just that we hide what we do from the public and they think we're the good guys.

They're real suckers.

.",0,1
"""The length (of a Twitter message)– 140 characters – is ideally suited to his attention span and to the complexity and depth of his ideas."" That makes it suited to the attention spans and intelligence levels of many Trump supporters, most of whom he has played for fools. I've often said that Twitter is the main outlet for people with brain diarrhea; Trump seems to have an abundance of that.",0,1
i want to see this loser so called journalist ride his bike in a snowstorm!,0,1
"Why is this junk presented fraudulently under the banner of ""News""?",0,1
"Nice try but I have 4 children and none of them are losers, er I mean users. They are all contributing members of our society who work and pay ridiculous taxes to help support the inane programs that bleeding hearts like yourself deem important. You seem to forget that these people have made a choice to in essence play Russian Roulette and if their choice results in death, well it is their right to do so.",0,1
"I recommend Albertan's applaud this policy if it results in ""social license""  that enables pipelines to be built.
Remember, while goofy policy can be reversed by another government, installed pipelines cannot be.
Currently the lunatics are in charge of Alberta and Canada.  Let's humour them.",0,1
Castration would be a start.,0,1
"Yup, and you are the sucker, equating a carbon-tax with less economic growth. 

Study some economics and you will learn that the capital will flow to other sectors, just not the SUV and Tarsand sectors...

Seen over the medium term, and this tax will not affect the economy one micron.",0,1
"I thought that maybe, just maybe , you would have a concern for the inidividuals Trump has slagged on twitter -just because they disagree. And what happens if a Trump supporter decides to self investigate those people and  something untoward happens?  Donald doesn't understand he is no longer an individual - rightly or wrongly he is the President and as such his words -even if they are small and only made up of 140 characters carry weight

The problem with putting a lunatic in charge is he is still a lunatic.",0,1
"Toronto; a backwater Canadian city with illusions of grandeur. Its inhabitants actually believe they live in a world class metropolis... so they dream big. London can toll the roads, so why not us? Because Toronto, you're a second class city with impoverished leadership that is incapable of driving infrastructure. You think another tax will solve your infrastructure problems? You will add to the cost of doing business while the public sector and cronyism construction companies will fritter away all the publicly available funds. 10 years from now you won't be any more ahead on infrastructure. Just look at your pathetic subway system. But I bet you will have higher road tolls. Your infrastructure development skills are only matched by the performance of your professional hockey team. Then again you are used to being suckers... paying big bucks for watching low performance hockey.",0,1
"Swamp rats wasting our money like there was no end to it. Drain the swamp of the swamp rats. Phat checks, little work, recall them all.",0,1
"Actually, President Elect Trump tweeting to get his message out to the public rather than holding a press conference is going around the mainstream media, which, considering the media's open hostility towards him is quite a good strategy- only if he uses it carefully and not crudely.  The mainstream media has become the owner of ""fake news"" which ranges from distortions to outright lies.   Even the call FROM the President of Taiwan TO Trump was labeled ""Trumps calls President of Taiwan"" in the NYT and WP. An outright lie.  I am assuming that the media will never get over the fact that their beloved Hillary lost badly - as 306 - 232 is a wopping landslide. Don't give me that popular vote nonsense.  In Canada we all know how the western provinces feel about the eastern provinces control of Canada federally on this issue.",0,1
"Wow, thanks for that totally irrelevant and ridiculous post, when they win the National Championship will you say Rambo could totally kick Jason Bourne's but?",0,1
"Exactly what did the Chretien Liberal's do about it. Conveniently, blaming Harper when Chretien just as bad, your hypocrisy is astounding!",0,1
"City Councilwoman Sissi Bruch said last week the turbines were intended to do more than generate electricity.

“They were also meant to educate folks about wind power,” she said.

About how useless they are?",0,1
"I think racist white America has fresher scapegoats than the Japanese although being Japanese in the wrong place and the wrong time, unlike Mr. Read's family, could likely still get you killed. This is the United States afterall.  When white people get uncomfortable they just might build a camp, steal your property and tell you to move to the desert--if phenotypically you don't display features indicating European descent or if you immigrated from some place whose culture has now been demonized. The latest wave of xenophobia has mostly produced retail violence, not the wholesale variety. We have yet to see, however, what Mr. Bannon and the Idiot-elect have in store for not-white America.",0,1
"It was the beginning of the end and you know it! An illegal war with no basis and you know exactly who gave those orders backed by a public too stupid and scared to see the truth. This newly elected party is the same, playing the same tune and depending on the fact the people are as stupid now as they were then.
You know what? I think they are right! When you have a public this divided, this illinformed with their heads in the sand screaming ""Save me Donald Trump!!"" you become the joke of the entire world. If anything, this election has proved that the American people are ridiculous, stupid and have no heart. Easily ruled by emotional manipulation instead of facts and will surrender their entire country in the name of fear. Our forefathers are rolling in their graves right now..",0,1
"'
…or they've seen how hypocritical Christian act.
.
Sin all week long, absolve yourself on Sunday.

Rinse and repeat.
.",0,1
Without Suzuki's “sanctimonious crap” in the picture Butts should be less damaging. Or so the `twerp' may think.,0,1
"Since they apparently are not black, Homosexual, or Muslim the only reasonable conclusion is that they all must be suffering from a mental illness.",0,1
"Kelly is considered to be a ""garbage clown""  by some of the Jays Blogger fan base. There is hope that Shapiro can rebuild the Jays within the next 3 years to get back to the playoffs.",0,1
"As one poster here Sid after the election 'If you didn't see it coming (Trump's victory), you were probably part ot eh reason he was elected'. Now that Trump is President, Liberal/left/progressives are clinging to the narrative that he was elected by indecent/ignorant people. They keep digging themselves in further with their belief in their moral superiority although it simply offers more offence to those who they demean. The fact is that Liberal/left/progressive dogma has lost a great deal of credibility with a significant number of Americans (and Canadians) and self-righteously indignant rants by the die-hards simply confirm the validity of the choice made.",0,1
"There was a guy on CNN this morning say t-rump was hacked too. Did anyone see it? I sure didn't. Believe me, if it had been, the sites I go to would have run with it. When did facts become a liberal conspiracy to these morons?",0,1
Traitor....this country is ashamed of you.,0,1
"Yup, reading, words, books, whatever...takes time away from watching television and dictating tweets...the GOP elected this idiot and we will all pay the costs. No actually the disinterested voters elected him by not caring, after being told that elections don't matter...this is how conservatives win, turn off voters, suppress voters, make us want to take a shower after Rush and Faux. The it wasn't based on income, that meme is dead, 538 says it was education...skills and knowledge that differentiated little d's voters from Hillary's. So we are in for it now...thanks to Obama we got our economic house in order, now come the trumpian economic fart bubble as we ramp up tax breaks, deregulate coal, and open the pollution floodgates. And we will all pay for this over the coming years, again...like the fact we don't pay for preventative health or drug treatment costs us all in the end. So let's put the blame squarely where it belongs...on Paul Ryan's lap. Stupid, stupid, stupid....",0,1
"Brian Griffin quoted Mencken: ""The common man's a fool"".  Peter Griffin is proof.",0,1
"I bet Regent Seven Seas will never offer Mr Hammond another trip.
Wow, what a snarky article.  He makes  , I assume,  some valid
points about food and atmosphere.   However, after discovering the
treats available on his ""massive deck"" he ""blew off"" his remaining
restaurant reservations , donned his comfy bathrobe and ordered-in.
He was certainly not an ideal passenger and, for one floating on a freebie,
he's a total ingrate!",0,1
"Trump is about as dumb about Putrid Rasputin as he is about the environment. Yep, I despise the career criminal Hildabeast.",0,1
"Yep, that would be way worse.  Death penalty is the easy way out for human trash.",0,1
trump is officially SATAN'S Orange brother.,0,1
"He's a complete a total hypocrite.  He writes an article about Trump making a claim with no proof that was parroted by ""fake news"" sites.  When it's brought to his attention that the mainstream media does the exact same thing and did it throughout the entire election, he just shrugs his shoulders and says ""meh.""  There is a difference, but not one he can define and quantify.  He cites the SPJ code of ethics but then we demonstrate the establishment media doesn't even meet that criteria and he of course has no response.
Real journalists, like Green Greenwald, have tirelessly exposed this media narrative time and again.  If only we had real journalists at Civil Beat.  Pierre should get rid of it and just make an Intercept Hawaii bureau with real journalist.

""Those who most loudly denounce Fake News are typically those most aggressively disseminating it.""

https://theintercept.com/2016/12/09/a-clinton-fan-manufactured-fake-news-that-msnbc-personalities-spread-to-discredit-wikileaks-docs/",0,1
"If Clinton had won this election and there was some proof of Russian tampering you can be sure Trump and his army of social misfits would have stormed the White House-but  because Trump won-he's saying ""I don't believe this affected the outcome""--this presidency is going to be a complete ""joke"" but I just the hope that the damage this histrionic moron causes isn't irreperable",0,1
heres hoping dem slaps your face with a used diaper.,0,1
"Good to hear. The sooner that douchebag of a company, US Steel, is outta here the better.",0,1
Why would Trump pick a guy who has worked so hard to undermine the interests of the United States?  Putin is a thug who needs cash from gas and oil to expand his terror- and Tillerson has been there to assist.  Tillerson has also subordinated US interests in his dealings with Qatar.,0,1
That definition of treason would sink wahabiists like Merkel and her scum immediately.,0,1
"Amy Demboski is a liar and a hypocrite. She was on welfare as a single mom (Denali kid care), and now condemns the practice as ""socialism"". I am all for social programs to help those in need; It keeps people off the streets, reduces criminal activity, and keeps me safer and with a much better community outlook. Remove these programs and EVERYONE'S lives suffer. I have worked hard all my life, have a  great job with a good income, and I am HAPPY to pay taxes to support these programs. Hypocrites like Demboski are working for their own advancement and are putting your lifestyle in jeapordy.",0,1
"Seaton, LeDoux, and Stutes are trying to safe the PFD program, Flyguy!  Why don't you try to learn the least thing about what's going on? It's the dumb Party that wants to do nothing and let the whole state go down the drain.",0,1
Your right ...the crazy Mormons in Utah get into a lot of cover up stuff just because of their insane beliefs.,0,1
well now isn't that nice. freddy the stalker,0,1
"""you cannot differentiate between those who share some of your opinions and those who totally reject you. ""

Why do you believe that?  I probably have a more nuanced view of politics than anyone who posts here.  

""By continually lashing out at anyone who responds to you are yourself suspending any semblance of rationality or intelligence.""

How would you define ""lashing out?""  I think you make the mistake of assuming that I'm here to make friends or be nice to people.  I prefer the polemical style, I prefer the adversarial system, I prefer the Breitbart or the Intercept approach over the fake pretend system of talking heads babbling on about some feel good nonsense.  Stupid ideas should be called stupid, attacked, mocked, ridiculed, and eliminated from the discourse so that more productive discussions and better ideas can come to the forefront.",0,1
She's Joe miller with boobs.,0,1
"If you believe what the scumbag says that this was because David supposedly smoked all his pot, then you need to pull your head out of the sand.  There had to have been more to this.  They didn't kill him over pot, that's just his lame excuse.  More to come.",0,1
Posted by the #1 Laugh troll ever.,0,1
"Morrow is not the goat!  If anybody is the goat, it is Bradley.  His penalty was so weak it was pathetic. But then again, somebody had to miss.",0,1
"It's a dirty game the rump Obomba administration is playing, murderously cynical with an expiring mandate.",0,1
You're bonkers.,0,1
"Perhaps the website is full repeat ""contributors"" who uses fake names and silly responses.",0,1
"Please tell us again how islam is not at war with the world and is a religion of peace!

Time to ban islam worldwide!",0,1
"I'll go one better.  It's not just ridiculous, it's scurrilous.",0,1
Why should we pay more in taxes because of loser drug addicts? No one forced them to become addicts. No one is making them overdose. If they want to risk their lives for their high so be it.,0,1
Trump is a disaster,0,1
"hey loser, i guess you are not living in reality since this deal needs ALL the provinces to make any national grid work! you cant just run a few lines overtop of a province.",0,1
"Rally the gender bender crowd and Hillary's latte sipping hipsters....you know,the ones that were too busy to get out to vote! Bill and his corrupt bag lady,and the pant suit cabal in crime, never give up on what was clearly a fair and democratic choice by the Qmerican people! Enough already with the whining of the loser crowd!",0,1
Yet you clearly judge others without merit.  I call that hypocritical. Stop condemning others.,0,1
"And when they grow up, and no body wants to watch them any more, what happens then?
Their self worth goes to crap I guess. This is almost child abuse.",0,1
And he should know - he is an expert at making ridiculous comments.,0,1
"I tried to watch the Vice special but apparently need a subscription to HBO. In the intro President Obama said he had a goal to reach across party lines and build consensus. I'm paraphrasing but HUH? That's ridiculous. How many meetings did Obama have with the Republican leadership these past eight years, like maybe three? I watched the interview with Trump that Chris Wallace did today. Will be on TV later and is on Youtube now. I think people would have to be stark raving mad not to be able to agree with much of what Trump says. https://www.youtube.com/watch?v=lysx7s9ocJU",0,1
"wow, just wow. 
are you really this ignorant? 

are you a product of public education?

do i have to be a ""christian"" to be in ""your"" country? i was born in Anchorage 47 years ago, I'm not a christian, do i have to leave ""your"" country?

freedom FROM religion is the cornerstone of this nation. read a fricken book!

this""contry"" was NOT founded by christians. there were more atheists involved than someone with your limited knowledge could fathom. 

misguided riff raff are selling the American public out.

seriously read books, they are full of information.",0,1
"What is the name of the racist Black Panthers now? Black lives matter or something? They are no different at all. I have heard them called ""The Klan with a Tan"".",0,1
says the offended flag monkey not using her real name.,0,1
"looks like Jones is on a witch hunt using character assassination himself.  What a hypocrite.  
Demboski shouldn't have risen to the bait , but Jones I think is using the current p.c.  boogy man to try to get himself lifted to a better political position.     I would never vote for him just because of the way he is going about it.  I wouldn't ever trust him either.",0,1
Kelly gets paid for this drivel?,0,1
Sure. Your links are just as useless as the other posters. The same sources you linked are always wrong. A clear example would be the ny times and the guardian  polling and Hillary is a shoe in articles. Your links are just as authoritative(sarcasm) but clearly you are not intelligent enough to see the hypocrisy within yourself. Hopefully you can understand this comment in its English glory.,0,1
You're repugnant.,0,1
Or climb a ladder to kiss a snail's arse.,0,1
"""...CIA says Russia helped Trump win election.... According to a US Government Official - CIA will not comment..."" Ha ! More Clinton campaign spin, now it's the Russians not the FBI and Comey... Hillary might have had a chance if she wasn't  So Damn Corrupt.....!!  Anyone else would have won......",0,1
"They look ridiculous because they wear liturgical vestments? What do you say if you see a male judge in his robes? ""Hey man, you're wearing a DRESS!"".  Do you ever go to graduation ceremonies, and see academics in their gowns and hoods? Does that blow your mind or what - - men wearing ""dresses"" and colorful fabric over top!",0,1
"So the syrian state should not probably fall but bassad should go. Touturing kids because spray paint, what the hell is wrong with this guy. Just nuke him.",0,1
"Actually, he called it ""rediculous"", which says all you really need to know about him",0,1
"Thank you FBI, President Obama and others for your caution and sense of fair play; however, what good does it do us to do nothing until we obtain evidence worthy of impressing a judge or jury in a United States court of law where you will never find the Russian Government standing trial?  The Russians don't play by our domestic rules of law.   I suppose you would have given Messrs. Hitler and Tojo the same consideration until a foreign Army was standing our our shores proving beyond a reasonable doubt to you that there was indeed   ""foreign intervention in the internal affairs of the United States"". There is a reason to listen carefully to an agency that operates in  the world beyond Pennsylvania Avenue.   To quote Forest Gump: ""Stupid is as stupid does.""",0,1
"Nothing can survive the ""polemical debate process"". 
.
Nobody wants to debate you because you are akin to the bearded, disheveled gentleman standing on the plinth in Hyde Park. Your rants as currently presented are as Shakespeare said: 
.
""It is a tale. Told by an idiot, full of sound and fury ... Signifying Nothing"" 

""Pick an issue.""
.
Fascinating, no matter what the topic your ideas are better?  Let us hear your insights into quantum field theory.",0,1
"Hypocrites indeed.  I would add:
- Support for Alberta's industry that produces oil and gas:  BAD
- Support for Ontario's auto industry that burns oil and gas: GOOD

The anti-Alberta venting in the G&M comments over the past year or more has been difficult to understand.  The province has paid tens of billions of extra dollars in equalization payments  which have subsidized social programs in other provinces, yet the response has been ""Make them pay PST too"".   What's up with the visceral hate of the goose that's been laying golden eggs?",0,1
"I did no such thing.  I highlighted the hypocrisy and double-standards of so-called ""Christian"" anti-abortionists, and nothing more.  The rest is what you read into it, apparently.  Go back and read it again, then tell me how I blamed Muslim misdeeds on anyone but themselves.",0,1
"Can you point me to one post where any of the resident 'defenders of the faith' have actually accepted a contrary argument and conceded a point? I'll save you the time, Sarasi. There are none. Not one.

 Even when one of them was actually lecturing the board about Burke's dubia, accusing us of not having read his letter, he then went on to say that the Cardinals were not just asking for one word, 'yes' or 'no' answers, they demanded explanations with the answers and they were entitled to them.

I directed the poster to the letter and the part where the Cardinals specifically say the polar opposite - i.e. That they want 'yes' or 'no' to each of the questions and NO ""theologising.""

I'm still waiting for the poster concerned to apologise. He simply went off and started the same uninformed cr@p with someone else. Trolls, all of them.",0,1
"Disgustingly Evil and wicked young men without direction, and without positive adult role models, brutally killed David.  

David had everything these young men apparently did Not have and they despised him for having: a vehicle, a girlfriend, a good direction and bright future in technical school, a happy helpful personality, and above all loving and supportive, caring parents.

The pain and grief David's mother and father are experiencing this Christmas holiday is beyond my comprehension.  Prayers to them.",0,1
<  the loser deleted  >,0,1
"The best way we can help is to continuously  question the idiots in Washington DC - their interests, their motives, their objectives 

For if they hadn't armed the rebels in Syria - there would not be an unending war there

Had they not bombed Libya and removed Qaddafi from power the arms flowing from that country would have never reached the rebels in the middle east (including ISIL) 

 Had they not  invaded Iraq  over a decade ag while lying to the american public about WMD they might have the  world on their side

And had they  not continuously provoked Putin in his own backyard he might actual be working with them to find  a lasting solution

Without the idiots in Washington DC there would be no victims for the white helmets to rescue

Name ONE Muslim state that has attacked the United States of America. Name One.

Now count how many Muslims America has killed, assassinated, declared collateral damage, targeted,  tortured, bombed, shelled, annihilated",0,1
I don't have anymore time for mental midgets like yourself.,0,1
"Actually..right wing Christians have committed more mass murders in US since 9/11 than Muslims. All generalizations, hate, and fear-mongering aimed at a group of people for the terrible actions of some of them is generally a bad policy and unconstitutional to boot. Totally unacceptable from a public official or media personality.",0,1
"You before, you can't  even bear to say the correct term ""illegal immigrant,"" and won't admit to the existence of immigration law,  so of course you believe anyone who cites such laws is some kind of racist.    

I think your view of the issue is ridiculous, but you're welcome to it.  Cry racist all you like lady.",0,1
"WFT your province cannot even deal with your own problems in you province , high cost of housing 
street drugs and overdoses  who is going to pay for thees people in the long term.

The syrian  men should stay in syria to fight their battle rather the run like cowards .
they are a liability  economically and socially and security wise .

wake up  this is a Trojan horse in the making  and our queer prime minister is supplying 
the tools and material. 

Hindsight is 100%",0,1
"Your English is horrid, fyi - so is your regime; but clearly you are all dumb at a lot of things.",0,1
"This gov. is so full of shlt, all their eyes are
turning brown. All this is about that sack of
shlt pothead and all his azz kissing members
stuff their pockets. They are just lying 
thieves.
 Here's a challenge mommies boy pothead.
You, me in the squared circle and we sign off
all is fair. Just the two of us, to the end. winner
walks away. Your wife will need a new, well
you're not a man anyway. So she can find a man 
or another piece of shlt. Grow a set ""COWARD""",0,1
"It is truly incredible how hypocritical you are. You are talking about her painting a bad picture of herself? What about you? You have contradicted yourself at least once and probably more times, as well as exhibiting a writing skill level that would get you a C at best on any high school freshman paper. Get a grip, look at yourself, stop making a fool of yourself. Once more, your writing will improve if you stop capitalizing random stuff.",0,1
"The white helmets?
RAED AL SALEH?

Maybe it was harmless fun when they were pretending Bana Alabed was real.  But trying to present these fraudulent terrorist scum as some kind of heroes is a new low for the Globe & Mail.  Just shameful.",0,1
"you think I can't connect you to North Korea and mandarin/Cantonese slave workers? for your regime>?

You have to be insane to think even a 14 year old can't - you ARE THAT FAR BEHIND.",0,1
"A friend of mine voted for Trump because as he puts it, Hillary should be in jail and only Trump can save the middle class. 

Today, that same friend when asked what he though about Trumps nominations for cabinet positions responded with, 'well I haven't really been following things since the elections...' 

Ugh! 

Silly people did stupid things and now they aren't even paying attention to the consequences. 

But the silver lining is we will have four great years of SNL.",0,1
"""Trudeau Liberals' national climate deal to have big price tag for Canadians"". A fool and his money are soon parted, or should we say our money.",0,1
CHINA can go straight to HELL.  We have been ripped off by these crooks and money launderers for too long. Slap YUGE tariffs on them to show them they aren't controlling us anymore,0,1
"Make sure you fill out your ""selective-service"" cards, boys and girls. Trump is going to need you very soon. Don't worry, Trump loves veterans, he's simply going to give almost everyone a chance to be a veteran.

China does have a lot of bullet catchers, and the USA has a lot of expendable population. China could do with about 600Million less, and the USA with about a good reduction of 50-60M.

Make sure you have a happy holiday season, this will be the last one in a while where you can get cheap Chinese crap.

Draft dodging will once again become the American sport, but then again, when you aren't concerned about quality , just quantity, the usual schemes won't work.",0,1
"Why would anyone want to support the ludicrous financial structure of major league baseball?
High ticket prices.
Outrageous concessions prices.
Very low entertainment value, unless and until your team is in the pennant race/playoffs.
Then, limited value for really excelling during the year, it's back to one series knockouts.

Baseball used to be a pastime.  When the Expos were a young team, the bleachers were a buck.  Box seats were $5 or $6.  You could go to a game without deciding if the family got to eat that week.  Then came the greed.  Cyclical greed.  Setting new levels of excess with every cycle.

Watch an occasional game on TV.  You'll get all the available value of today's game.  The Bautista affair should show you, unless you're stupid, that the players you cheer don't give a rat's behind about you.  They only ""represent"" you and your city if you're delusional.

It's what George Orwell called soma.  Cathall Kelly pushes the stuff.",0,1
Penalty kicks seem ridiculous to end a game but Toronto had an entire game to score 1 goal.   That's why I don't really care or feel bad about it.  Both teams played like cowards to get to the end.  Total bore fest.,0,1
hateful little prog aren't you?,0,1
"meanwhile mr trump who understands more taxation is bad for the economy while doing NOTHING for the environment now is in charge,, while in canada we have a lover of communism bent on his cult sky is falling stupidity that is about to do real damage to everyone",0,1
"There is only one study I need and that is my nose, my sneezing etc. Smokers are pigs. Plain and simple. Smell bad and throw litter on the ground. No consideration for the people around them or anything else. Disgusting.",0,1
its the ignorance of loonies like you that are the problems we face,0,1
Too bad none of the geniuses who voted for these clowns cared to open their eyes before casting their ballot.,0,1
"typical left wing corrup lover of scams, ,, you are the problem",0,1
".""Trump is a buffoon and an example of how terrible humans can be""
Unbelievable how many continue to underestimate Trump.
Let's revisit in three years and see what a ""mistake"" he is.
So far I only see a genius who will do just fine.",0,1
NO one is a bigger bully than a scorned left-wing extremist.,0,1
"Your list is a bit ridiculous - 
Russia did hack the DNC - both the FBI & the CIA say so. The CIA says it was done to help Trump win the election, the FBI won't go that far.
The globe has never said all white people are racists, just that some are. There's racists in every ethnic group.
Did the globe really say for certain that Iraq had wmd's?
Pizzagate is definitely fake. Do you really believe that nonsense????
The white helmets are doing good work.
Trump definitely called Mexicans rapists.
The globe said stupidly that the cons should be elected but their leader should resign. They didn't say you could elect the party without their leader becoming pm.
Your points range from ridiculous to manipulative but are mostly stupid.",0,1
"1) There are plenty of folks formed in the pre-conciliar era who do not agree with you. I go to mass with them every sunday. That invalidates that argument.
2) No one prior to vatican 2 knew how to love God? All the catholics prior to vatican 2 had it all wrong with respect to God and worship? I would suggest that that shows an awful temerity on your part, and a lack of examination of conscience. It is massively arrogant and ignorant.",0,1
".
...except that's not an option.  The welfare is too large. 

 No amount of cutting will fix the debt obligations.

.
(besides, …it's idiotic to cut our own throats to save welfare for oil corporations.)
.",0,1
"Kleptocracy is a government with corrupt rulers (kleptocrats) that use their power to exploit the people and natural resources of their own territory in order to extend their personal wealth and political power.
Kleptocracy - Wikipedia
https://en.wikipedia.org/wiki/Kleptocracy
The definition of kleptocracy clearly defines what Trump has been since Putin won the election for him. Trump has  been exploiting the tax payers from day one and idiots can't see what is happening. Some conservative taxpayers don't mind giving a corporation $700M per year to move jobs to Mexico.",0,1
Some people don’t need dope to be dopey.,0,1
"You sickening liar.  I didn't delete anything; it's still there.

BTW, I'll bet you Hillary voted for herself too.",0,1
The story is from the Washington Post...The paper that hired dozens of reports just to stop Trump at all costs....they have lied and spun everything since the beginning and this is just more of their garbage..!!!,0,1
Always shoot yourself more than once if you're committing suicide. Leave no doubt as to the outcome.,0,1
Got it now. Feel silly.,0,1
Yes they are definitely nuts.,0,1
"Brilliant, thanks Ms. Renzetti for so eloquently saying what we're all thinking, but are too incensed to say it without the lacing of four letter pejoratives that it warrants.  Bloody disgusting detachment from the plight of real people in this country namely the middle class that that lot of scumbags said they were going to represent.",0,1
Why not eliminate the middle man (game) and go straight to shoot out?,0,1
I am astounded by the bloodlust for war in these comments.  Can people really be that ignorant?,0,1
I thought nutters like you didn't read the Globe and Mail,0,1
"Yes they are definitely nuts.
(Second post)",0,1
"Sure the Russians attempt to hack into other countries systems and of course the US plainly stays out of any such business obvious because nothing is ever mentioned about how or why we would ever do such a dastardly deed. Of course the Chinese and most all of the countries do the same but not us. This is a terrible thing that they do while we remain pure and fair, Darn Russians!",0,1
"She never posted any picture of the dogs playing, always just standing or on a table. Backgrounds often blurred. No indoor pictures, ever, hmm???? No toys????  She was always posting about different foods make one think she was bargain shopper only, what was  a good price which week? She talked the talk but that was  all. She was deceitful. Didn't want people to know how the dogs were kept, RED FLAG #1.  She always was dealing with hot spots and skin issues, no wonder. These are things she posted openly on social media.  She was and is a disgrace to the breed and the dog world.  She is exactly what a breeder should NOT be !  Oh, I could go on and on but sure my point is taken by those that matter not her ignorant supporters. Birds of a feather flock together!",0,1
trump's soft spot is at the top of his skull.,0,1
"You ""reactionary righties"" should have vowed to ""work together"" when Obama came into office, instead of taking a pledge to stonewall everything his administration tried to accomplish. Now, you reactionary righties want to destroy every social safety net since 1934. Do you actually think we ""liberal lefties"" are going to go along with that? Take down the hard-won social improvements of the last eighty years? Are you a fool?",0,1
"It's erections now ,not elections",0,1
"Geeeez, get a damn grip.  Quit revealing you don't have reading comprehension skills for gawd sakes.",0,1
"Rationality in this context is impossible.  

And I don't care if he is legally 'crazy' or not.  The death penalty will remove this useless and dangerous person so that he can never kill another person, particularly an innocent person.

That works for me.  Evil personified.",0,1
Seems like you didn't even pay attention to the ktva story because Gin Berry in the interview flat out stated she was their friend so your statement about seeing her on erick almindingers facebook is stupid to say the least,0,1
"Q:  ""Had he known these community norms, it would have never come to this,"" Provost said. He said So was fired from his job because of the charges.   /Q

While it sucks about how he treated the dog, it also sucks that he lost his JOB because of it. 

I also have neighbors with yappy-assed dogs. My dog barks only if someone is in the driveway or we're playing, or if a moose ambles in on us. It can be annoying as hell, since said dogs seem to bark at a leaf blowing past their dog dishes.",0,1
"After almost two decades of Wente's ignorant climate contrarianism, she's learned nothing.

Pretending that a corrupt and foolish man in the White House means that the laws of physics are somehow put on hold and that the world must passively accept disaster isn't ""climate realism"", it is the same lazy nihilism that Wente has always brought to this issue.",0,1
In the jargon a troll is someone you disagree with who can defend his position.,0,1
Are you completely insane?  You admire dictators because 'they get things done'?,0,1
"Suck it Princess, oil is our blood line and parasites like your self are quickly becoming an endangered species!!!!

Yes the global Marxist movement is over, Britain, USA, Russia, Australia - soon France, Netherland, Germany and Italy. 

We see you and we Reject YOU!!!!!!

Fyi, Kathleen will need your help in 14 months.

Pssst Justin, Trump isn't a Globalist - now what little potato????",0,1
".
""Donald Trump has chosen Rick Perry to be Energy Secretary""


Perry? Rick Perry?????!!!!!!!

Is this the same dimwit that 4 years ago at the Republican debate laid-out a three point agenda on how to ""improve""/streamline the federal government ""operations"" and then could NOT remember what the three points were?

THAT Rick Perry? Oh boy, the next four years will a HELL of a LOT of fun.............
.",0,1
"She has become ""toxic"" even to them.",0,1
"You have to give Trump credit.  He dragged this hideous troll out from under the bridge and revealed it to all of us in the full light of day.  Then he French kissed it.  And we're getting something else, but kissing isn't part of it.",0,1
"Ontario elected a School Teacher,so why is anyone surprised that Wynne has no grasp on how people earn a living,about debt,about saving for retirement etc.
Lock her up, and most of the Lying Liberals who have assured future generations a life much worse than their parents and Grand Parents.
I totally blame the Conservatives and Hudak,total stupidity,why cannot they find a person people can vote for??
Rather than highlight Personal Debts, the Government Debt is unpayable.
Trump will shine a mirror on the Socialists and it will reflect how inept the system is.",0,1
Another Trumphobe snowflake lol.,0,1
"I was hopeful that Trump wouldn't do too much damage.  Losing hope of that every day, as the swamp drains into his cabinet.  You can almost hear the organ grinder in the background.   Dance monkey.... dance.",0,1
"Looks like we'll be sacrificed to try and appease the exposed elite (see pizzagate).

And isn't it odd that Trudeau's foundation looks like it models EXACTLY the corrupt Clinton Foundation?  Pay for play.  Even the name is the same.  How stupid are they?

But seriously, kill every Canadian and it won't change the climate one bit.  So yes this is absolutely ludicrous.  Enjoy trying to feed your family and heat your homes.",0,1
I suppose it you aspire to be Putin's lapdog...you should employ Putin's friends.,0,1
"So what if it was for the reward money?  That's why rewards are offered because money matters.  I'm David's uncle and I'm thankful she helped break the case regardless of her real motives.  In my eyes, she's a freaking hero.",0,1
"Aside from throwing spit-balls at the author, do you have any concrete advice to offer. Any millennial reading your comment on this column would think, ""Great, so now what am I supposed to do? RC's advice sounded decent and now this guy says it's rubbish???""",0,1
"Relax, many of US models are TSP without the ""+"", you are still safe and the USA is not going to hell in a handbasket or full of nothing but dumb yahoos.",0,1
"Yes we know Captain Rediculous, you said the same thing before and then you deleted your comment. We got it. How dumb is your behavior on here.",0,1
Kill all four of those monsters. Eye for an eye.,0,1
"I am not at all surprised that Pig supporters are so annoyed by the anti-pig rhetoric in the comments. I seem to remember eight years of inflammatory bumper stickers, billboards, blogs, fake news outlets, Fox News, and so much more aimed at President Obama. From day one when the Rethuglicans decided not to work with him and I am sure it won't stop until President Obama is well out of office.

Treason, I call BS. It's just good clean fun until it's your Pig in office huh?",0,1
"Canadians are so phony! 
-
They only give so they can receive. It is a type of manipulation typical of narcissists.",0,1
If you believe that most people moved on after Obama's election you are delusional as well as deplorable.,0,1
"Ah, the unHoly Triumphirate is assembled:  Trump, Tillerson, and Putin.  There goes the Arctic in the quest for oil. 
The world be damned.",0,1
Kathleen Wynne is a creep.,0,1
"I think people should take responsibility for their barking dogs.   I have dogs that ""want to bark"" I reprimand and bring them in immediately.   I don't like to hear ""idiots barking"" either.   But that man had no right to shoot the dog at all.     He should have contacted  Animal Control not the Anchorage Police.    It became a police matter when he shot the dog.     If he doesn't understand the law - whoever is sponsoring him to the US needs to help him.",0,1
"I always laugh at the per capita argument that econuts like Educated (a more than little arrogant name isn't it?) spout on about. They expect us to have the same per capita emissions like tiny countries such as Denmark. What does it matter what China's per capita rate is? - it doesn't. They are a huge emitter, just like the US (who will not have a carbon tax).  

We are a very large, very cold, northern country, with huge travel distances. We will never be Denmark. Besides, like Margaret says, we will never make any difference to global CO2 emmissions - at all, no matter what. But by jacking up our natural gas and fuel costs, what will happen is that come next election people will vote in a government that is not so adamant about bankrupting Canadians. 

The more the econuts use stupid arguments like the per capita one, the more they are exposed as the illogical  extremists that they are, and the more likely we can do away with carbon taxes.",0,1
"Wow, what an elitist.  Yes I graduated public schools, K-12 and UH so your comments prove my point of the poor public education.  Again, thank you for proving my point. How condescending about my education And that is the problem with you elitist academics.  ""Those who can do, those who can't teach""  It's evident all your experience and knowledge was gained from teachers.  How unfortunate.  I am retired after more meaningful work than you can evedn dream of.  I saved lives, you write crap.",0,1
The shoddy condition of the pitch was noticeable on tv . . .  but still doesn't change the fact it was a crap/boring match.,0,1
"Though i know youre trying to be helpful, Posting that link only takes us to the main page of court view. Fyi. So its might be easier for us to just have the case number or type his crappy name.",0,1
"Trump is a dangerous slime ball that has an obvious Narcissistic Personality Disorder (as in anti social, and psychotic variant).   America is in deep doo doo.",0,1
"'
…but of course, ..that's not the agenda.  DeVos is just another hustler and con.

http://mfi-miami.com/2016/08/devos-family-members/

.
http://www.motherjones.com/politics/2014/01/devos-michigan-labor-politics-gop

.
Kids are a front for the scammers.

You've been played.
.",0,1
"What fool said ""Elections have consequences""???",0,1
"I have been bounding about in the Alaska mountains for 17 years now.  High mountain Alders and Hemlock that used to grow knee high because of the cold and snow at 1100 feet around Cook Inlet now grows 8 feet tall. You idiots with your eyes closed and your hearts hardened by your wallets can deny it al you want, but climate change is happening in a big way. Take a good long look at your grandchildren, because thy are going to look at their children an children and fear desperately for their health and safety if we don't get this under control soon.",0,1
"What a tedious and tiresome troll and trougher for Trudeau - a TTTTT -  you are, Shore.  And your earlier comment here that you were superior to Margaret Wente intellectually and as a journalist is arrogant and delusion beyond words.   All we ever hear from you are the same old and mainly discredited Liberal talking points, blatantly false and misleading claims about conservative politicians and journalists, and cries for the banning of conservative posters and the concomitant creation of ""safe areas"" for all lefty loons all the time posts.

Give it a rest, Shore.  Besides, Cassie and Chris from Ottawa should be back anytime now to take their shifts as apologists for Justin and The Butts Kissers.",0,1
That fat chick.,0,1
"I can picture the fingers of some 300 lb sweating, grunting inmate intertwined and grasping the locks of hair in each and everyone of these scum, day after day after day.",0,1
These punks are lucky that Alaska does not have the death penalty. The two are psychopaths at the very least and do not deserve to have free room and board plus medical for the rest of their lives.,0,1
"Renfro looks like the runt who thought he was bigger than life. Let's see how life in prison takes him up on his challenge. You're no Alpha buddy, just a weak and powerless kid who took a life over a few bucks of weed. After 50 years you come tell us if your actions were justifiable. I'm sure however, you realized how neck deep in your foolish choices you were after you wrongfully took a life. 

Society is solid on your verdict and sentence, we want you to take every breath you have left behind bars. To drown in your thoughts of David and weep for the changes you wish you could have made, but out of arrogance, ignorance, and inferiority...you didn't.",0,1
"Does that include the New Years rapists in Germany?  Islam prohibits alcohol and those pigs committed rapes and sexual assaults without that excuse.

And the US is the only nation in the world with a 21 year old drinking age.  The rest of the world's younger people seem to be able to control themselves; only the US can't teach their youth moderation.",0,1
"Jump in a frigid lake pothead. All you are
doing is robbing Canadians, you blowhard 
butt phuker.",0,1
"it's time we the majority spearhead the 1%
who are to lazy to feed themselves. We are
the ones who have payed for all are amenities
and now they intend to kill us off so the scum 
can have it all. Come on people, there are
more of us than them. They will perish.",0,1
"Trump said ""global warming is a Chinese hoax"" What a fool. You cannot deny the climate is warming. You can argue the cause of the warming",0,1
"Foolish pot smokers thought that it would be a complete free-for-all. Marijuana will continue to be a controlled substance. That means that there will be regulations on how it is manufactured, sold, and consumed.

You will not be allowed to walk down the street smoking a joint anymore than you would be allowed to drink a beer.",0,1
China  needs a swift kick up the butt and to stop stealing from the West.,0,1
Do please provide cites to support your ridiculous statements.,0,1
Kirk Cameron is definitely not a prominent public intellectual. Kirk Cameron is a religious nut job.,0,1
"A bullet to the head, dude.",0,1
Everything the Liberals touch turns to garbage.,0,1
"A thug is anyone that thinks they can take something they haven't worked for themselves to get.  I don't care what you think, they are thugs.  And if they come into my home, they will be a thug with holes.",0,1
Why do we have to spend our hard earned tax dollars for little brats like this? This killing isn't over some pot. Obviously these kids were not raise with any kind of morals. Have a fist fight..don't kill somebody. Absolutely ridiculous and such a waste of a good kid.,0,1
"What a kill joy.  This man isn't a Christian, he's a Grinch.",0,1
"I live next door. They have always been horrible, creepy neighbors. I pray they move. How were  the kids able to get into a trailer multiple times if it's always locked. And no one saw them burning the carpet??  Hmm",0,1
"Ah, ok troll.",0,1
"It will be a long, drawn-out and expensive trial to determine who did what.  And or course, there will be the ""they are only kids!"" pleas.  In the end likely not all of these scumbags will get appropriate punishment, and those that walk free will continue to be heinous Valley Trash.  It's times like this you see he benefits of the justice systems of other 3rd world countries (and the Valley is a 3rd world country).  Many justice systems in the world would have already given these scumbags their deserved punishment.  And they would not have to punish them a 2nd time, if you know what I mean.",0,1
"Call, write, or visit your MP whatever your party affiliation and tell them to put a stop to this nonsense.  

Challenge them to submit a private member's bill.

Massive and sustained public pressure is the only way to get these bastards to act.",0,1
What is it about Alaska that attracts jerks like this?,0,1
"Hello, 
Is anyone else realizing that Justin is just as much a politician as anyone else? The only difference is that he smiles when he lies and takes his shirt off once in a while. Are anyone else's blinders falling off? 
Sunny ways my ass. It is the same old same old.",0,1
"The political stupidity is not just limited to the narrow minded right! So if and when pot is allowed to be purchased will the people who have set the rules still buy their weed from their illegal dealer? The committee that was selected to come up with these recommendation have obviously never grown a single plant of marijuana before. They obviously do not at this time use marijuana, and quite likely never did!  I cannot believe that our government is so naive to suggest that I will be able to grow 4 marijuana plants, but I will only be able to legally possess 30 grams at one time but I can grow for marijuana plants that can only produce up 30 grams of cured consumable is absolutely ridiculous. No one with any real subject intelligence would make such a ridiculous recommendation. Trudeau you have taken what should be a relatively simple transition and instead of listening to the needs of the consumer you have to tried to please the non users.",0,1
".....Communist China and their bought off shiny ponies and flood of future Muslim terrorists, courtesy of the little potato, has sure helped also!",0,1
"What a load of HORSE MANURE.

Just another example of a self-absorbed entitled liberal attempting to hide his illegal doings behind hardworking taxpayers.

Opposition needs to petition the GG for a dissolution of parliament immediately.",0,1
Mulroney was a corrupt PM and a disgrace to this country.,0,1
"That is absolute bull crap. You poke the bear for decades, backing them into a corner, and they will respond. NATO and the West have been building military bases and missile ""defense"" systems for decades and if you look on a map, you see how strategic this build up has been - they surround Russia entirely. It would be crazy to think they would go down without defending themselves (in their own country, or in this case, through an ally).",0,1
Are you out of your mind?,0,1
"If anything, they want full statehood. Yep, it's a dumb analogy.",0,1
"This is not a time to listen to the defeatists.  It is time to listen to the need to mobilize our economy into action to participate in the next great industrial revolution, led by clean energy.  Reformers and other deniers like to talk about economic pain of adjustment.  That is nothing compared to the pain that will emerge if we do not adjust to the new realities.  Billions invested in new pipelines that will be anachronisms soon enough is plain folly.  But, that said, if they adopt leading safety technology and are funded entirely by private money, go ahead and make your mistakes.  Do not, however, expect us to stop modernizing and diversifying our economy simply because you were stupid.",0,1
"Justin, 

I don't like what your doing to my country.

Record deficits. Unachievable climate change goals with ridiculous taxes, reckless spending, loosening of a moral fabric with the legalization of pot, hero worshipping communist dictators and a complete disregard for the Canadian taxpayer and citizen, lip service to our first nation leaders instead if sound accountability, temper tantrums and flying elbows in the HOC and second honeymoons on the taxpayers dime.

You are the epitome of ineffective leadership and ridiculous entitlement.

Time to resign.",0,1
"Well we can all imagine what the *** spells out which is a good description. 
Typically one only has to make reference to Jughead, Zoolander, or LeDouche and everyone knows who it is.
The guy is a self serving narcissist creep.",0,1
"You really are a boot-licking toadie, aren't you. lol",0,1
"The Wynne gov't needs to be tossed ASAP.
We don't have enough Doctors in Ontario now.
Attacking their pay is not the way to attract more of them.
What idiocy.",0,1
Does the Globe editorial department write anything worth reading anymore?  What a piece of junk.,0,1
Typical lying Liberal.,0,1
"Considering there's plenty of explicit lessons on morality and ethics in the bible that the christians ignore as being ""out of context"" or ""subject to interpretation"" I have no doubt that these self-serving egotists that call themselves preachers would find some way to either dismiss or corrupt something as simple as ""dont be an asshole"" and use it for their own benefit.

I mean we are talking about a religious group that manages to make themselves tax exempt, walk all over other people's constitutionally protected rights, and amass great wealth while avoiding doing virtually anything their holy book says about helping the poor, feeding and clothing them, etc.",0,1
DOUCHEBAG!!!,0,1
"Normally I try to add value to the on-line discussions by offering comments that have substance. In the case of Mr. Grisham, I'd just like to say...what a jackass.",0,1
I'd say the pudgy little psycho running North Korea deserves the last prong.,0,1
Except of course Riel Canadian.  Hope he is not referring to Louis Riel with that name as he was another person who MSM (of the time) portrayed unfairly to low effort types like this Riel Canadian.   But I guess he just likes the name without taking the time to read the history of Riel.   Thank Beegor and all you for posting this info.   And thanks G&M for allowing it to be posted.   Shame on the writer Chase for being a fool.,0,1
At least they are allowing us to refute the foolish author of this junk piece of journalism.,0,1
"All I can see then, is that the purpose of the interpreter was to allow him to play stupid for the judge. And the point I made, is that he has been here for 32 years and of course he knew better.",0,1
His answers increasingly smack of a smug narcissism.,0,1
This guy's a low life dog.,0,1
"Paul Martin eliminated the deficit (not the Federal Debt) by massively slashing health and education transfers to the Provinces, which simply transferred the Federal Deficit to the Provinces. Ontario, under the Liberals, is going bankrupt because of Liberal fiscal mismanagement. 
Trudeau junior has already added $30 billion to the deficit and that is only after 1-year in office!
Liberals have nothing to teach us about money management. 
They are fiscal morons.",0,1
kiss my ass comunist Slope and pail.,0,1
I don't believe God is any more real than Santa Claus.- does that give me the moral right to shout at children as the are leaving church?- The guy is an obnoxious nut.,0,1
"I skimmed through yesterday's Question Period and it was depressing.  While The Clown Prince prefers to avoid QP for the same reason the steer prefers to avoid the abattoir, this is the end of parliament until the New Year so it was hard to duck this one.

Trudeau repeated verbatim the same vague, simplistic Liberal talking points he and his ministers have been using for a year in response (actually, in non-response) to every question.  It reminded me why I hadn't watched QP in months - it has become a waste of time and an embarrassing spectacle watching The Boy Blunder and his ministers make fools, liars and weasels of themselves.

But yesterday was a new low inasmuch as there was loud and wide spread laughter at the PM when he recited his ridiculous canned spins on the cash for access issue such as that the Chinese tycoons pay him $1500 a head just to be reminded he will raise their taxes and,. The Trudeau Foundation's 500% increase in donations has nothing to do with him being PM.",0,1
"Who elected this Bill and Hillary Clinton style crook?  Why can't we find a leader like Donald Trump here in Canada but instead have to put up with this little Tru.dope child.  We need a REAL leader, someone other than the three assholes leaders of our regular parties. We need s campaign to DRAIN  THE  RIDEAU-TRUDEAU SWAMP.  If Canadians can''t understand how Trudeau can be so screwed up in the head they need look not further than his mentor and good friend the Globalist George Soros, the most evil man on Earth",0,1
"The mainstream media is the reason Trump won. They were too blinded by the big bright light (Trumps outrageous behavior) to focus on substance. And for all of the right wingers crying and whining in every single article's thread about the evil liberal media, they are unaware of this fact and it's funny to me. Apparently too busy parroting their talking points from garbage right wing sources to use any critical thought. Blah, blah evil liberal media blah blah. Meanwhile, Trump lied to all of them about putting Hillary in jail and building a wall. But are they outraged? Nope. They'll shut their little mouths about it like good minions and say what the right wing media wants them to say. But by all means, keep thinking the only ones getting fooled here are liberals and their media outlets.",0,1
"Apparently, the bang gang kids only needed a weak ass excuse, real or imagined, to kill",0,1
"Give it a rest you troglodyte.  How do we hire more doctors if we cannot lower costs.  Funny, you want to reduce spending on everything but doctors....so you do not even have the mental acumen to see your hypocrisy.     Guess what there are enough doctors in Ontario and many more we could hire...however even if the Ontario government (whom I do NOT support) wish to rein in the over-billers, the low  effort Trumpians on here are against it......the only idiocy here comes from your head(s).",0,1
"Re-read my post.

Where did I state ""these rebels don't work together and coordinate. ""?

My words are right there in print for all to see.

Don't say I said something that I didn't say.

It just makes you look ridiculous.",0,1
"Just as I said earlier, you're nothing but an irritating troll. Thanks for confirming my low opinion of your motives, such as they are.",0,1
"The Russians clearly ""hacked"" the elections, by doing the job the media used to do. (and still does when it comes to Republicans)

The rooskies, in fact, were so clever, they hacked the election in order to give Clinton a 2 million vote win...

Damn rooskies.",0,1
"They all deserve to die, too bad we can stone them in town square.",0,1
Ever seen the turnouts the Garrison inspires for his life appearances? It  puts a lot of neo Nazi populists and phony Christian evangelists to shame! He must have something going for him that most Americans find appealing.,0,1
Just rough gay sex getting a little out of hand.,0,1
"Au contraire....higher rates will probably moderate housing prices....
If you bought a house  in the last 2-5 years you may be the sucker.",0,1
"I would hazard it wouldn't be giving teachers and public servants a raise, which is what wynne has done year over year. 

Or paying $5 million to the unions to negotiate contracts

Or perhaps it wouldn't be plunking $8 billion into eHealth Ontario with nothing to show for it. 

Or perhaps it wouldn't be mismanaging the electrical system to pay green energy providers more than 20 times what the normal price of electricity goes for

Or perhaps it wouldn't be plunking over 1 billion down to cancel gas plants...

Need I go on?

Doctors may be well paid, but they are also the most mobile. They can up and leave, and very likely will if they feel they are being treated like garbage, which they are.

Your defense of wynne is disgusting...",0,1
"Who ever thought you could get a politician in Alaska to do the right thing, for 30 pieces of silver all one has to look at, is, Chief Justice Roberts delivered the opinion of the Court....As the torchbearers and camera crews passed by, Frederick and his friends unfurled a 14-foot banner bearing the phrase: “BONG HiTS 4 JESUS.” App. to Pet. for Cert. 70a. The large banner was easily readable by the students on the other side of the street...The dissent similarly refers to the sign’s message as “curious,” post, at 1, “ambiguous,” ibid., “nonsense,” post, at 2, “ridiculous,” post, at 6, “obscure,” post, at 7, “silly,” post, at 12, “quixotic,” post, at 13, and “stupid,” ibid. Gibberish is surely a possible interpretation of the words on the banner, but it is not the only one, and dismissing the banner as meaningless ignores its undeniable reference to illegal drugs. ALASKA, where every dope smoking politician's been elected for years.",0,1
"Because he's one and the same KooK.  He traveled to Amarillo, from Alaska, and proceeded to make an arse of himself.",0,1
What a lying piece of SH_T!,0,1
"'
Because the electorate voted for this.  

One candidate stated he was only running in order to support this idiocy and he won.


.",0,1
"Trump i a haitual lw breaker.
He i a legally doumented racist.
Of course his entire Adminstration will have mudon their records.",0,1
"justin is an embarrassment to Canada.

he needs a muzzle. 

he needs a brain.",0,1
"Damn the Obama regime for destabilizing Syria, funding and arming ISIS and laying the groundwork for the civil war and ensuing misery!",0,1
"Ha ha ha ha...  the joke is on how stupid Jon Ruiz and his ""team"" have become.  Lately, everything they have proposed has gone-up in flames.",0,1
Silly! What does this mean for truth? Will be start seeing alt-right news masquerading in search engines as truth. Shame on Google for selling out.,0,1
"How about let adults take their kids to the mall and spend some time with them and enjoy the spirit of Christmas instead of being accosted with a straight out of central casting cook from Alaska. Can't wait for the next ADN article talking about how he got his ass kicked outside of the Gaslight Bar ""preaching"" at 3 a.m.",0,1
"Another Romney, eh?  Creatures keep crawling out of the swamp.",0,1
Right...those Norwegians are a bunch of baby's when it comes to heavy industry...,0,1
"Typical democrat
Save the trees, kill the babies.",0,1
"'
Incoming National Security Adviser and retired Lt. Gen. Michael Flynn got caught again deleting a tweet that he made up about Hillary Clinton, money laundering and sex crimes involving children.

The man's a sick and demented menace.
.",0,1
"He is mediocre and arrogant.  He was installed by his dad's old pals.  He is spending like a fool  This was foretold during the election but he was elected anyway, because Harper HAD to go.

So now you have it.

It will take 20 years to dig ourselves out of this hole.",0,1
"In Aleppo, Assad, Syria,  Russia and  humanity win. 

The Islamic terror gangs, Syrian rebels, Obama, the CIA, the American war machine lose. Obama regime change policy dealt a fatal blow. Obama policy of Russia containment and power domination ends in total failure. His EU NATO allies watch in bewilderment - they are supposed to be the superior race right? 

Let's hope the West will leave the Middle East alone, let them sort out their troubles. The West role is protection, not intervention. But of course this is quite idealistic, refuted by 2300 years of history. The West always intervene into non-White cultures and territory. Because they think they are superior. 

Obama the black imperialist will be gone soon. The question is will his replacement conduct the same kind of policy. The U.S. 7th Fleet is itching for a war with China. Mess up SE Asia like Middle East. Trump is itching for a war on Iran, make Israel happy. See war is how the West believe they can fix their economies.",0,1
"Agreed. You can't reach the lost by being a judgmental jerk who makes kids cry. Christ calls real Christians to be compassionate and come along side people in there darkest days, not yell at them to repent as they come out of the bar. There's a time to talk about the consequences of sin but if you don't be compassionate first, nobody will care about what you have to say. Plus, a position of judgment is the worst place to preach from about sin. Paul constantly used his past to lovingly show that he understood where they were right then and he accepted them. When you can say ""look, I've been where you are and have felt what you feel"", you will have much more of an impact. When people act like this, it makes the world think this is Christianity. Just my 2 cents.",0,1
Agreed - I'm pretty sure that none of those who voted for him expected this type of legalistic garbage.,0,1
"This woman is so useless, she should redirect her efforts to the Ontario Liberal party.",0,1
And yet riel she has been to Allepo four times now.  Has this author ever been there?  I get it you are low effort and feel the need to believe the world is good vs evil.  Guess what it is merely shades of grey when it comes to Foreign or domestic powers.  There are NO good guys but there are lots of dupes.,0,1
You are naive.,0,1
"I believe the original quote was ""ass, gas or grass.... nobody rides for free""....... had it on a tee-shirt but sentiment understood",0,1
"Sorry this is just a silly answer. 
First, WHY do you think that - just your gut? You think they'll prefer illegal weed to legal weed? They'll prefer breaking their law to meet up with their dealer than to walk into the dispensary and order from 20 available varieties? 
I'm sorry, but I doubt you've thought about it at all.",0,1
Let's be ready for the damned Yanks.,0,1
"No!  Small craft outrun the cops on the St. Lawrence River and the 401 is rutted to pieces with traffic importing cheap smokes. If these nitwits in Ottawa believe legalizing this crap will halt black market operations, they've overdosed on their own bathwater.",0,1
"All of this plea deal crap aside.  By the way, that is what it is, crap!  

Why has it taken over 2 years to come to an indictment?  He confessed to his Brother, he called the police and turned himself it and the body was in the back seat of his car.  Are the Alaska crime investigators that inept that they could not find evidence?  Now even with the 'deal' it will take until April, another 4 months to sentence a confessed killer?

The simple answer is a broken system.  A system where the criminal has more rights than the honest citizen.  Yes, if there is only circumstantial evidence, there needs to be time given for the facts to come out, but in cases like this, Justice is a total joke!  Justice has been supplanted by Lawyers and Judges intent on garnering mega dollars while they plug the system with cases which should take no more than 6 months!  Thus guaranteeing job security!

SB91?  Has nothing to do with Justice, it is all about money going to the right people!",0,1
Yes its pretty amazing he didnt understand easements. Really hard to figure out that your house gets power from those silly powerlines behind your house and once in a while they need to do maintenance. But hey he was a vet so just start shooting at workers. Right?,0,1
"Right.  When a black drug dealer shoots people, it's 'gang violence'.  When a Da'esh fanatic does so, it's a 'terrorist attack'.  But when a white supremacist murders nine black folks in a church, or seven Sikh worshipers in their temple, he's a 'crazy man.'  Explain to me how that works, James...",0,1
Execute him.,0,1
What in the hell is with all of these young want to be thugs in this State?,0,1
"Now our Postal Service ... and during the Christmas season ... nothing is sacred anymore!  I don't care if it's UPS, FedEx, or USPS - theiving little bastards have gone too far.  I hope they get caught and locked up.",0,1
Moderate Islam is indistinguishable from violent Islam.  Both sides want to kill everybody else.  Violent Islam is willing to dot he killing themselves and the moderates are willing to let them.,0,1
"And I think you are displaying nothing but ignorance of history and the issues, once again, when it comes to Indigenous relations.",0,1
"""We're not anticipating any impact because the roads are already icy (by then), but we ask that anchoragites remove their heads from their asses, prior to getting behind the wheel.""",0,1
"Yeah, what a joke. They can't confirm the gunshot wounds were inflicted by the police? Ridiculous.",0,1
"This is ridiculous - Tax payers are effectively fronting money to prop up the housing market yet again.  
What would help first time home buyers is: LOWER prices.  To get lower prices you need to reduce demand, not increase it!   Economics 101.

Add a 0.5% annual tax on the last assessed value of a home or property if it is owned by a non-Canadian.   Add a 0.1% annual tax if it is owned by a Canadian and it is not their primary residence.  That will reduce demand, increase supply, and make it affordable for first time home buyers.",0,1
"Excellent, still going to try to agitate for WW3 before Trump gets in and Canada is involved. Great stuff. Nothing wrong with this picture at all. Does any of this make sense? Russia and Assad are fighting off all the enemies. You are actually trying to convince me they are more concerned about more ""moderate"" ""rebel"" threats than a more serious one. Nice try criminals!",0,1
Congratulations.  You are in the running for the top silliest comment of 2016.,0,1
"Hey, David, did you forget that you are supposed to be nice to Nancy Pelosi as all of us were supposed to be nice to Hillary.  These wonderful ladies must be respected:  that has become their Right to Passage and we are not to forget it.  When they are dead, there will probably be replacements of the same ilk.  That is new about that?  It has been going on for centuries.  We deserve it because we're to dumb to fix it.",0,1
Hope Roof gets repeatedly and brutally beat up in prison by some black men. That will be karma.,0,1
"Nine people brutally slain and this insensitive, ignorant comment is all you can muster?",0,1
"""How can the U.S. government justify a religious fundamentalist government in Washington and condemn the one in Iran?"" Because the Washington fundamentalists are the ""correct"" Christian ones, while the Iranian ones are ""terrorist"" Muslims. :-(",0,1
"This is ridiculous. Oh yeah, I'm certain no alcohol or other drugs were involved.  Hopefully every one of them got ua'd as soon as they were arrested.",0,1
"Alex is not naive
he is a partisan Liberal lap dog of Justin",0,1
"what a bunch of baloney, you actually think people have money to invest. 71% of all american workers make less than $50K per year. 40% of all workers make less than $20K per year (bls.gov). go to mcdonalds and order a big mac and look into the eyes of the cashier and you can see where you will be when you are 65.",0,1
"We should all go down to the sea and drown ourselves. Maybe, just maybe, a better species will emerge from the tide.",0,1
"""Making America dumb again""",0,1
"Yes Christians are all good, Muslims are all bad !
Trump is always right !

Back to the dark ages for the USA, if this gang get their way.",0,1
"If these kids were any kind of minority, these posts would be full of hate-filled rants!  They're not guilty until a trial (remember the Central Park 5 who after years in prison were totally absolved of any participation in the supposed gang rape that got them convicted.  Our president elect took out a full page ad in all the New York papers at that time saying all 5 deserved the death penalty!)",0,1
Alaska is going nuts. Makes the parents proud I'm sure. I still say put them all on an island and let them kill each other.,0,1
Poor loser much icon? Maybe an abortion will cheer you up,0,1
"you must be referring to slick clinton, the former rapist in chief.",0,1
"Think so? Let's see; everyone is blaming Obama for what Bush caused. I'd say that if the economy hadn't slipped into the toilet as a result of Bush's Republican policies and everything was booming, no one would have cared overmuch about anything else during the Obama presidency.  I think it's fair to say that the Bush-caused depression set the stage for a Trump nomination and election by the mouth-breathing knuckle-draggers, who blamed it all on Obama. And immigrants, and people of color, blah, blah, blah.  An election that could end the United States as we know it or just end it, period, with a big boom when the idiot you all elected pushes the wrong button.",0,1
Don't want him to shoot your mother do ya?,0,1
I bet he drew a really thick red line! What a pssy,0,1
NO I wouldn't. Why are you making excuses for this scum? How they were before has nothing to do with how they are now. Not everyone would do the same thing in any situation. I say shoot them.,0,1
At least someone with balls took charge!,0,1
You're lucky they didn't put a little hot sauce up your anus,0,1
Because Trudeau knows that his federal Liberal Party survives on voters with brain damage from recreational pot use.,0,1
"Why would Putin smile to see a weak fool leave the white house? 
No, he's smiling because one is on his way in. That should be obvious to anyone.",0,1
It's no surprise that a Con doesn't understand how massive tax cutting can ruin places too. One just has to look at the difference between Kansas (massive tax cut) and California (tax raise) to spot the difference.  Business is actually fleeing  Kansas while California has just surpassed France as the 6th largest GDP on the planet. Massive tax cuts when they are already low and when your government cannot afford them is just plain stupid and the stats are there to prove it. California is finally prospering after getting rid of their tax cut republican masters.,0,1
"akallegro

You had a small minor typo there buddy.  You meant to say ""till this special kind o stupid is in office.""  darn keyboard got you again.

It doesn't take anyone with a whole lot of smarts to know that Drumpf is the most unqualified, uninformed person to ever be elected.  What is most scary is that he does not show the curiosity to become informed and qualified.  That small fingered vulgarion.  Not to mention he is a self admitted sexual predator.  

I know you didn't mean to imply that Obama was ""stupid"".  Because if you did, that would be a direct reflection on your intelligence, or lack thereof.  

Thanks Obama",0,1
"You must not have noticed, but this article isn't ABOUT Canada. It is about the US election and the reckless fool who 'won' it.",0,1
Another traitor awaiting his meeting with Madam LaGuillotine. January can't come soon enough. Then the prosecutions can begin. Congress can appoint an independent prosecutor and I urge them to do so. Trump does not need to do anything. We already have a process for dealing with these vermin.,0,1
"I see the psycho cat hating muslim is still trying to make every story about Amy. 
you always manage to weave you're hatred for Caucasians, Jews and Christians into you're fanatic diatribes. The fact that you work for the federal government should be a concern for everyone. jones is not the story here. get over it. aloha snackbar.",0,1
"Yea, let's retaliate for people gaining access to the truth of the corruption of the Democratic Party before they casted their votes..  Thank you Russia.  Thank you Snowden.  Thank you Assange.  Of course there are those who think us regular peons should not know the truth and should believe the lies told to us by our leaders.  Screw them!",0,1
"Empty indeed.  These accomplishments came at a price tag of 10 trillion dollars and no fix to the major economic issues that have now been passed onto trump as is usually the case.  Clinton left bush with a mess, bush left obama a mess, and now obama is leaving trump a mess.  You have obamacare falling apart with premiums jumping into the 100's of percents, insurance companies dropping clients, and you cant even keep your own doctor anymore which was a big promise, that and 2500 in savings.  Its a joke and would've been cheaper for Americans to just cover the less fortunate's doctors visits.  I am a firm believer in averages of presidents over there duration.  When i compare economics of bush and obama and average them over 8 years, Bush wins hands down, which is pathetic because bush was a bonehead.  Obama also put in some damaging executive orders and seriously angered many foreign leaders.  Obama was a stooge dummies like you think he was a success.  Shame really.",0,1
Hot sauce to anus = psychopath,0,1
You must have a crappy dealer then,0,1
"The crime was kidnapping, battery and weird, bad touching. They used completely legal pot outdoors to bait their trap, pacify the victim.  It was premeditated, not a stoner idea, alarmist presumptive fools.",0,1
"Ask the bag lady where the 153 tons of gold went after the Libyan treasury was looted. Her and Harper destroyed the only stability in the region and turned the country over to ....ISIS. Our former muffin man of a PM was good for a global laugh after his 'victory' parade and flyover in Ottawa. Even Hillary wasn't that stupid,and Obama called it the worst failure of his(Hillary's) government on his two term watch!",0,1
"His exact words were ""stop whining and focus on getting votes"", amazing the irony in once again blaming someone else for his dereliction on what was by his own freaking words a non-issue!  Wow.",0,1
"""Massive tax cutting""???????  What part of 54%, 53.5%, $53.3% does not compute here?  As it happens, 8.6 million citizens of Canada are not pulling their weight at all.  I call that free-loading!  Personally, I am sick of the socialist, greedy pig, ignorant calls for more taxes.  I am not even into the 3rd tax bracket.  I paid more tax on income last year than my entire gross salary from my first reasonable, full-time job out of university.  That does not include all the other taxes on absolutely everything.

My wife works full-time too.  Between the two of us, we can barely pay our mortgage and hydro (second mortgage) bills, pay for groceries, etc.  Next year, it may in fact be too expensive to work with this ill-conceived carbon tax.  Yet, members of our extended family live off social assistance, pay no tax, have a full cable package with the fastest internet and the latest I-phones with the full data package to go.

Fair, I think not! Irresponsible socialism is a cancer on society.",0,1
Parity has worked out so well.  Monsef the Iranian Spy and Freeland the Weeper,0,1
Cull the herd.,0,1
Dumb question: how many fentanyl users are left in Vancouver given the mortality rate?,0,1
"Johann, you are a total dope!! Who is the current president of the USA right now? Its your boy Obama and he is just going to rolled over like a whipped dog....woof-woof-woof.... while the Chinese spit into our faces.",0,1
"ADN is continuing a mistake to give intentionally misleading garbage like this the prominence that they give serious news and opinion.  Somehow, the media needs to help our ill informed population sort out truth from fiction.",0,1
"This moralizing crap hasn't worked and never will work.
Why do you even bother posting it?
Are you trying to prove how much better you are?",0,1
"OK, at first I was feeling bad for those that OD'd on this cr@p, but now it's getting down right stupid. Every news outlet, online, print, radio and TV has been reporting on how dangerous that stuff is. Sorry, but all my sympathy is used up.",0,1
whatever happened happened on obamas watch.....does the quack of a lame duck echo?  obama is truly a pathetic failure..  monday and then january 20th cant come soon enough..,0,1
Take your race baiting troll comments somewhere else.,0,1
"Oh please, you are the poster child for bias, knee-jerk comments.  You wouldn't know an ""unbiased citation"" if it bit you on the butt.  You are a walking agenda pining for the days when Crux hosted your comments.",0,1
The Liberals are traitors. Period.,0,1
Huh? how do you cook that up? I simply stated sick little kids should be put down.,0,1
"This is so ridiculously foolish! the Whole thing is B.S. yesterday we get jailed, for what today our government is telling us to stand behind.                A product being taxed at A level that will be sure to keep our police employed because the only way that makes $ sense is to become A black market supplier. This is freedom so they say! My God have you all lost your mind? Now that it is taxed it has made it acceptable but we still have people in prison doing hard time for the same thing. And plowing snow is not going to be any different if they are stoned this time, than I can tell u they were stoned last time too! Nothing has changed eccept that our government wants in before the cartel, oh yea they have always been the cartel! What have we gained? The price went sky high right along with the rest of you. By the way when the 50 asks you to do field sobriety because they smell weed and they want to make sure your not impaired don't fall for it! Just blow it is not refusal",0,1
That b*itch ain't gettin my car no matter what that Feminazi divorce judge sez...,0,1
The Catholic Church has thousands of married priests at this very moment. The only thing stopping them from ministering is closed minded ignorance.,0,1
Was she drunk in that interview? Or just an inept delivery of a hollow promise.,0,1
"Yes very true, when my friends great great great grandmother watched how her daughter was being burnt on the stake for a stupid verse of the Bible I realised how sick and grotesque people can be. King James author of the Bible also has a book called Sorceress. Only 9 million women in Europe alone were burnt for the fun of evil Bible bashers and their sick cult which happens to be the same as Mithra and Dionysus. Americans are very nice, they allow men to marry men and adopt children, the church has openly told the UN they wont hand in pedophiles. The only Western country where drugs kill more than alcohol. Even without Muslims they only have 4 rapes a minute and a murder every 15 minutes. The cream is Americans are so indoctrinated they don't care for their own problems but watch the media becoming the obese people in the world and think they care more for others than themselves.",0,1
Price sucks.,0,1
We may also have been the victim of Russian interference in our election too. It was no secret that Harper distrusted Putin and he knew it. As soon as the Russians helped put that dolt into office as our PM he announced that Daddy Trudeau was very loyal to Russia.,0,1
Get the towel out loser....  Wipe ur eyes...,0,1
".
Latest news: ""FBI agrees with CIA that Russia aimed to help Trump win"" -- WaPo

""37 percent of Republicans view Putin favorably, the poll found in December. ... By comparison, only 17 percent of Republicans have a favorable view of President Barack Obama, the December poll found. Obama’s net negative among Republicans is 64 points – significantly worse than the party’s take on Putin -10 points net negative]."" -- Politico

Here is proof that the Republican party and others who approve of Trump are so deluded that they represent a risk to our democracy.

As Lenin so clearly put it, we are soon to be led by ""useful idiots"" who are supported by a frightening number of ""useless idiots.""",0,1
"Don't be a dick, Tracy.",0,1
"Driving a luxury car is a sure fire way of destroying your wealth.

I finished school in 2008, made good coin. Bought a BMW 335i outright with cash for 60k. Sold it in 2014 for 17,500. People say buying stocks is gambling yet won't think twice about buying a luxury car which is sure to depreciate. As for the fun factor? Not worth it in my opinion. I'd rather take the bus and not deal with idiot drivers.",0,1
"The Entire Hydrocarbon Debacle...
...is proof Humans are a Failed Species.

Humans get at best a D- and most often an F- TOTAL FAIL
when evaluated on our performance of Hydrocarbon Management.

The most common cause of premature death is STUPIDITY

Humans have yet to comprehend what HYDROGEN does in relation to CARBON.
The average moron can't write down a basic definition of ""hydrocarbon"".

The League of Fumblementalists come into focus when we see the economic fumbling associated with failed hydrocarbon management.

Basic Facts:  Carbon, Silicon, Oxygen, Nitrogen, Boron, and many other elements all carry HYDROGEN in unique and fascinating ways. Alloying Hydrides provides amazing benefits to functional efficiency similar to the power of Metallic Alloys.

For Example; 5% Silane & 95% Methane makes amazing supersonic jet-fuel.

If Humans fumble hydrocarbons, what are they doing with radioactive materials ??
https://www.youtube.com/watch?v=v490Z5lo7Xk

$$$ can't fix STUPID     ;-P",0,1
"Damn straight, in fact Mayor Piercy and the liberal city councilors need to march right over to the jail and demand his release! And if the evil sheriff won't comply, a candle light protest with drum circle and of course medical herb party favors should be the order of the Mayor. How dare, how dare the evil authorities jail anyone with a Hispanic-sounding name in progressive sanctuary Eugene.",0,1
"Trudeau will survive this alright as, unfortunately, Canadians are amongst the most dumbed down on the earth thanks to no real media other than his lapdogs.",0,1
"Your condescension speaks volumes Nigel, you silly boy.",0,1
"­Erick ­Joaquin-Espinosa should be put to DEATH, CLEANSE THE GENE POOL.................................READ the SIGN:  DEATH PENALTY.......................",0,1
"If one was watching the proceedings in the House of Commons over the past several weeks, humour seems to be a good tool to get the PM flustered.

I guess that progressives can give it better than they can take it.

Typical bullies.",0,1
"Oh, I  see you went to Trump University to learn how to spell ""rediculous"", good job!  I went to public schools and learned how to spell ""ridiculous"" in elementary school.",0,1
"Another left wing twit who can't get over the fact Trump is the President Elect.

Get over it.   There is no need to fight anyone.

The Globe is going downhill as it continues to publish trash like this article and pass it off as a news item.  I guess this where the term ""Fake News"" originated.",0,1
"So the Trump supporters are not alarmed that: 1) Trump is not going to completely dissociate himself from his business, and he and his minions are talking up that 'there is no such thing as conflict of interest', and how his children are becoming the 'princelings' who have their hands into the White House while running the family business like the Third World kleptocracy 2) he dismissed the conclusion of the intelligence agencies (CIA and FBI) that Russia hackers aimed to help him get elected.  Instead of alarming as any patriotic Americans would, he trashed it like any self serving narcissist would behave.  He still uses tweet liberally including attacking a union boss who corrected him the real no. of jobs saved in Carriers, despite his position .  These people still thinks there is nothing wrong with it?  Useful idiots are in abundance!",0,1
"Right: If the bishops really believe that homosexuals are not suited to priesthood, then they must begin an immediate and transparent purge. 
But of course they don't believe it, not for a nanosecond; and most of them -- especially the most militant among them -- would not survive the purge.
This is hypocrisy of the highest order.",0,1
"You're a fake, alright...",0,1
"His real problems are his smug sanctimony, arrogance, hypocrisy, and intellectual vapidity
--------
you are being too kind

narcissism, shallowness, 
pretending to work hard by always rolling up his shirt sleeves
going to movies with sick kids, to Pride Parades,
traveling the world
anything to get ""out of the office""",0,1
"All the mockery and stupidity of TV entertainers will backfire on the left.  In case no one noticed the flyover country doesn't listen to the elites anymore ... the NYC and LA bubbles are not going to get democrats elected anytime soon.  The democrats, with their poor loser attempts to change the rules and mock, are seriously delusional.",0,1
"H.L. MENCKEN’S prediction:

“As democracy is perfected, the office of the President represents, more and more closely, the inner soul of the people. On some great and glorious day, the plain folks of the Land will reach their heart’s desire at last, and the White House will be occupied by a downright fool and complete narcissist moron.”

  -H.L. Mencken
The Baltimore Evening Sun,
July 26, 1920",0,1
Damn after 8 years ya think they could get some real signs.  Those things look like what my keiki make for the bake sales.,0,1
"According to HHS, in 2012 some 21,000,000 fetuses worldwide suffered miscarriage and died. 
Also -
According to UNICEF - About 29,000 children under the age of five –  21 each minute – die every day.
What kind of "" god "" allows this ? Why doesn't YOUR god protect these children ?
Do you also revere the German, Soviet, Japanese and  Chinese butchers of WW2 ?
Do you also revere Charles Manson ?
I detest the leaders who caused the hundreds of millions of deaths of WW2.
I detest the forces that kill hundreds of millions of innocent infants and young children.
And - YOU think I need a priest ? 
A priest who is a representative of this monster -  your god ?
You see, comprehend, understand and know nothing.
The religious like you are a danger to Mankind....
Go back to your Kool-Aid....",0,1
"f:  Hypocrite?  Maybe, but there's lots of union members who are not satisfied with unions and how they operate.  Unfortunately in this state you have no choice if you work in a unionized shop.  Right to work legislation would solve that but it ain't gonna happen!",0,1
Utility's - you are dead wrong - MSW nevah evah said that. You ARE MAKING STUFF UP. Stop being so silly.,0,1
"Those sneaky bastards. So previously, when President Johnson was commenting on all those voices he recently heard from about keeping the School of Education in SE, he was talking about all those Washington's, a million of 'em. What an upstanding individual and team player.....or backside kisser as the case may be.....",0,1
"I love throwing CONservatives a bone every now and than.  That way the rest of us can click on the React smily face and flush out the wrong-winger naysayers.  It works every damn time.  Yuk, yuk, yuk.  Now get outta here.",0,1
It's still B.S. that non - natives have to import Reindeer if they want to raise them. That law is a big crock of sh*t. I would like to raise my own food.,0,1
"You must insure he can never escape and kill again. Killing him would do that. It won't deter others from what he did, it would just make sure that he never will.",0,1
"That's OK if you don't want to kill him, Ms. Parker.  Let me do it.",0,1
"This is a little more than ""sex outside of marriage,"" Liam!",0,1
"How did this dimwit get there?   Did he seize power?  No, more ons voted for him.  Hit close to home?",0,1
"My firearms haven't killed anything in 6 years . Even then I had a hunting license ,  I have wished I got some of the thieves in my neighborhood , and maybe I will.",0,1
"Another Russia, Assange and FBI apologist.  Do you own stock in one of Trump's Russian enterprises or do you just not care that a presidential election was hijacked?  Nope, not as long as your guy won. You and your fellow defenders of Putin are the definition of hypocrisy.",0,1
"Doufus is putting it mildly.
The Chinese are thieves, actually.",0,1
"I think the US should have taken them out.

One warning, and take them DOWN.

The Chinese are bullies just like their government.",0,1
"""We would call a voter ""ignorant"". That's painting with an awfully broad brush.""

But it's a fact, and it is indeed a generalization.  It's like saying the average person is ignorant of quantum physics or how to read Egyptian hieroglyphics.  Nothing controversial about this fact at all, except for ignorant people who don't like to be called ignorant for some bizarre reason (I don't have a problem with someone telling me that I'm ignorant of hockey -- that's just a fact).  

""People vote with the information they have.""

Which is hopelessly inadequate to make informed political decisions.

""When you say there's not a single paper that says so, a few seconds in Google Scholar shows otherwise.""

I said I'm not aware of any, and then qualified the statement.  You've provided no papers to demonstrate otherwise of course, and certainly none that would overturn the current consensus, which you apparently aren't even aware of.  What exactly did you study in school?  High school civics?",0,1
Lol post that video. Anyone with half a brain can see how you trash would take his full speech completely out of context. Your a fraud.,0,1
"""Two such properties, which were investigated in recent years for suspected illegal suites by the city of Richmond, are owned by businessman Miaofei Pan, a real estate developer who entertained Prime Minister Justin Trudeau in his Vancouver mansion last month at a private fundraising dinner for the Liberal Party.""


It's official. Canada has made the transition from silly to ridiculous.",0,1
"This column confirms my belief that farther to the left you go, the dumber it gets.   Trump is laughing all the way to the White  House. . Trump has been laughing a Hillary for months and you wept for her hurt feelings.  It is the left that can't take a joke.  

How many left wing columnists  does it take to screw in a light bulb?
None. The light bulb over their heads never goes on.",0,1
"Columnists like her are part of the reason people are not reading the Globe. ( or the Star for that mater)   It;s like GM  20 years ago. making  millions of cars  cars nobody wanted to buy because they were such poor  quality.  She is talking about using  laughs, wit and homour to skewer Trump, but is not the least bit  funny while  doing it.   People vote with their money, and they are not supporting this moribund drivel.",0,1
You're unusually ignorant of the world and reality outside China's borders...,0,1
"3rd gen AK
12 hours ago
In reply to:
'Outsiders' like those 3 white men from Goldman Sachs he chose for his cabinet from hell.
— UltraMachoAlaskanWolf
Smart and white... Earths alpha males.

Me: From Lisa Bloom. Lisa Bloom is a Legal analyst for NBC News and Avvo, attorney and bestselling author.

""In our nation’s history, so many of the sickest most appalling crimes have been committed by whites. Yet no matter how sadistic the crime, no matter how young the victims, no matter how much fear is engendered in a community, no matter how much media attention and public discussion the crimes of whites engender, the race itself is never sullied."" 

Lisa Bloom also says white men are at the top of the list for gaining foreign visas to have sex with children. 85-percent in Latin America, she says.

Lisa Bloom also adds the most prolific serial killers in this country (America) are white men. And last, white women are known for killing their children.",0,1
"It would be simply hilarious that Donald ""Stubby Fingers"" Trump is so sensitive about his short comings — so clueless and brittle — if he was just another schmuck failed businessman to be made fun of. Unfortunately, the touchy and ugly narcissist is also now the groper in chief and he will encounter many critical situations where bullying won't work and the standards of intelligence and emotional maturity are far beyond his functional capacity. Sad (for us).",0,1
Every time Donnie Thump opens his mouth he makes a fool of himself. He is at risk of making America a global laughing stock.,0,1
"Must be seen to be believed !

Trump meets the enemy, and it is his own ""vicious,"" ""violent,"" ""crazy,""  ""mean"" and ""nasty"" ""deplorables...""

http://www.youtube.com/watch?v=4Sp717ZS46U

Honestly, NO ONE could script a better comedy routine than this guy.

Don't even bother to try !",0,1
"The fact that 81% of Evangelicals and 67% of Catholics voted for a narcissistic, criminal, misogynist, bigot named Trump tells me everything I need to know about organized, white, male dominated religions. And none of it's good! Which is why I'm a None! If your hero is Donald ""Grab Her By The Pussy"" Trump need I say more?",0,1
"After watching the liberty loathing leftist clowns in the Hussein Obama regime, I am a happy camper.
 33 days !!!",0,1
"He can't really admit that the policy was stupid or unnecessary, since Canadians who voted for him did so largely because he promised a different, transparent and honest way of governing. Backtracking now is tantamount to admitting that those voters were suckers and he fleeced them.",0,1
Russia should continue bombing till all terrorists are dead.,0,1
"Lesbian nuns arise! Demand equal mistreatment, now!!!",0,1
I don't buy cheap junk made with slave labor.,0,1
Drain the swamp...............deport the PFD trash.  Keep crime breakers in prison.,0,1
"Black folks are hunted by the police, whether they are racists or not. They have a license to kill us.",0,1
I am not letting a bunch of evil scum like this prevent me from going.   There was a local nut job convert that was going to blow up a bomb in my city.   He is gone to his maker or more than likely to hell where he belongs with these scum.    I knew of several people that have gone to that country and loved it.,0,1
"'
Wasn't meant for your amusement.

The attention you wanted you solicited.

Beyond that, ...you're a sick one.
.",0,1
Good job smelly.....way to attack the message and not the messenger..,0,1
"Let me get this straight, you are saying that the truth, exposed by the release of dem. e-mails, in your mind, is wrong because you on the left have a very difficult time with truth? You left wing voters are only able to do and say, oh and also to only believe what you are told to and when it is proven you are being treated like useful idiots it is the fault of those who exposed these facts and not the leaders of your corrupt party? You really believe the words of the left, their own words, should not be exposed? Are you in fact saying you are okay with being used? That you are okay with the corruption of the dem. party and instead of looking at what was exposed, we are to fret over maybe someone changed their mind when they allowed their selves to look at facts instead of being a loyal puppet and just listen to what they were told to? What a sad party the dems. have become. I am glad to see such corruption imploding.",0,1
"Writing for the Globe should not include leaving oneself open to being called ""that odious columnist"", a liar and a ""deranged left wing loon.""",0,1
"Don't look now buttercup but the traditional Republicant Party has been highjacked by the ultra wrong-wing of the so-called teA Partiers.  tRump's fraud elect win will shimmy away just like a viewing of a colorful display of fireworks.  Shimmy, shimmy into the darkness.  Poof.",0,1
"Canadians need psychiatric treatment for their obsessive compulsive inferiority complex with Americans and being the most condescending, sanctimonious hypocrites with delusions of their own self importance in the world",0,1
"You're white, so clearly you don't understand or get it.  Dayum!",0,1
"Judging by the comments below, it looks like Prozanski’s bill will certainty create a whole bunch more animosity toward him, and bikers. (BTW - No wonder Trump is so appealing!)

I will lay-on my horn whenever I approach a biker, regardless. I want to make it very clear to them that I am approaching, so they don't do something stupid or foolish.",1,0
"Trump is the other side of the Obama coin.  Both have the same personage: narcissist, sanctimonious, mendacious, pharisical, and complete charlatans.

The only difference is the ideology.",0,1
"No potty mouthing in the editorial DR. But potty mouthing is now front and center for the GOP ""elite"". For example, Rubio's reference to Trump's lack of anatomical size and leaky plumbing. Embarrassment and shame on him. What's next, spitting?",0,1
How quickly they forget their hypocrisy.,0,1
"Well I can think of any number of stupid and anti-social things I could do as well.    Does just being 'different' have so much value to you that you don't care if it also means a total absence of ethics or rational judgement?    

Where is the redeeming quality ofTrump mocking a disabled reporter?     Talking about his trophy wives and ex wives.  Is 'trading up' to a new model OK for a marriage agreement?  A wall?  Paid for by Mexico?  When you think of ""a wall"" what do you think of first;  Communist East Germany/USSR  or China?  Good company for modern democracy?

I agree that no President can, by himself, destroy the country.   I think Trump is a nightmare not a hero.    It's only my opinion, but I am not alone if you believe any polling.

It's only an opinion Out.    But for those who think Trump could, or should, become President of the United States, they should know what they face in opposition.  I would like to see a viable Republican candidate and not a freak show.",1,0
"""hypocrisy"" doesn't begin to cover it. Patriot web-site have numerous quotes from gc many of which are nothing less then libel.",0,1
"Could it be the mirroring of admiration for GOP front runner Donald Trump, a misogynistic xenophobe, serial liar, bully, and overt racist with several divorces and bankruptcies?",0,1
"All of those are just as dangerous as drunk driving and should be treated comparably. Of course that brings us to the fact that Oregon doesn't take drunk driving seriously, which partly explains why we have double the national average of alcohol-related deaths.

Driving a motor vehicle isn't a game. It's a serious activity that can end lives if done poorly. We need to raise our game so that Americans don't have a fifty percent probability of being maimed by a motorist over the course of a lifetime. Unfortunately, we're going the other way in Oregon with highway deaths up by over a third over the past two years.

Are we stupid, or do we just not care about human life any more?",0,1
Trump is an evil man and best represents the nature of his evil flock.,0,1
"I think people are just shocked that somebody from the right is acting like a bully.   The people on the right have been bullied for decades.  First it was civil rights, then abortion, and gay rights.   Now it seems to be transgender rights.   If you do not say or do the current correct things according to the left, you are ridiculed and shut out of the town square.",0,1
Doesn't it matter that a woman was raped while in police custody here in Eugene?  Would you say the same thing if a body was just discovered?  Rape is an act of violence and I find your comment insensitive.  Sorry.,0,1
"If you can't spell the word 'appetizing' correctly, you can't claim to have gourmet taste.  Soul food is for the hard workers, the country kin, and people who don't need their ass kissed by a waitress.",0,1
"America's obsession with perfecting laziness results in fraudsters trying to save a buck by overcutting their parmesan with cellulose fillers... SMH

What people don't know can't hurt them, right? Get a damn grater and a piece of parmesan. Keep it and grate as neccesary over foods. Its really easy. I promise. And it tastes way better too. But who cares.  I know nobody has two extra seconds to shave a bit of parmesan. It's ok, keep buying your mystery crumbles and hope for the best. 

That's what cooks in restaurants for. Pay them for good food, and throw half of it away. Waste is your status symbol. The haute don't have a dime to spare for anyone,  saying ""What can you do for me?"" Yet they always have extra money to toss in the trashcan.

 """"I'm a winner, I get ahead in life buying pre-grated cheese! I can't be bothered to grate my own! My trendy life is too hectic, no extra second to spare!"" Watching people needlessly run this silly rat-race is equal parts depressing and ridiculous.",0,1
Like calling Mexicans rapists?,0,1
"He did not call all Mexicans rapists.   He did say, and it has been proven that some of the illegal aliens are indeed rapists and murders.",0,1
What a disgusting display.,0,1
"Replace age 66 with black, what do you get?  A racist who should be driven out of town.",0,1
"No. Answer my questions. Why do you support an avowed racist and misogynistic 
windbag?",0,1
"I'm certainly glad philosophy helped Newton with gravity.  But, like Descartes, ""I think, therefore.."" I view the effect of philosophy on meeting today's societal needs as tenuous at best and virtually  non-existent in actual effect.   The Ivy League philosophical scholar contemplating the whichness of what is as useful as the monk contemplating his navel in Tibet.  (Although he can't do that anymore because the Chinese won't let him.  Darned reality!)",0,1
"What drives Don Trump? His Hitler bedside tapes, calling women dogs, lies buy the bucketful, racist beliefs, and an evil flock of supporters.",0,1
And the Democrats have Bill Clinton go back into the White House because he is so respectful of women  interns and Democrats are willing and eager to meet his special needs to advance their agenda.  Anyone who sends their daughter to work under Bill Clinton deserves nothing but contempt.,0,1
"The Black one isn't a scientist, unlike her White counterparts.  #Hollywoodsowhite",0,1
"What a surpise. Given that the rest of the day is the worst sort of vile trash from loons who are an insult to any true conservative. I guess I will have to find another way to listen to the Ducks, which was the only other thing worthy of listening to.",0,1
"You would think the author of this post, or an editor at Willamette Week, would have been able to do a simple Google search and realized: 

1. There is already an article titled ""Your Uber Driver Hates You,"" written in Sept. 2014: https://idrivesf.wordpress.com/2015/01/27/your-uber-driver-hates-you/

2. A Buzzfeed listicle titled ""Ten Reasons Why Your Uber Driver Hates You"" followed shortly after: http://www.buzzfeed.com/kellkontraire/ten-reasons-why-your-uber-driver-hates-you-xk61

3. To update the myriad reasons why your Uber driver hates you with one extra reason is just a lazy way to make your point. 

4. Also, lists are dumb.",0,1
"in other words they knew Oregon voters would kill $15 an hour minimum wage, and pushed through this stupidity while they could.
 I am disabled and unemployable. federal laws suspends the minimum wage law and restores my right to negotiate my own wage for the work I render. I can legally work for less than the minimum wage so that I can attain employment as is my right. What this profound stupidity has done is kill trickle up economics 101, and is going to force people to work under the table illegally in order to gain employment. This is not equal rights and equal opportunity. Jobs that once provided priceless opportunity to attain skills and experience needed to attain better paying jobs now require skills and experience to attain. Once again democrats are stripping citizens of our rights to expand the liberal plantation.",0,1
"Coming from a cab driver all I can say is  WAAAAAAAAAAAA! Uber drivers sound like whiny infants.  If you can't handle it, quit driving. Learn some damn customer service,  and get a grip. Quit expecting your job to be easy. This IS NOT an easy job. So quit expecting everything to be handed to you on a silver platter.",0,1
Unquestionably disgusting. Genital mutilation of young girls is an abomination.,0,1
"Hey everyone: this is an amazing comment from an Imago Dei member: ""No one is better off, in any significant way, because the state of Oregon has approved their union. ""
This is the company Jules Bailey keeps. 

No gay people are better off with gay marriage.  I guess all my gay activist friends are dumb, because they worked for something meaningless, as per Jen W's analysis.",0,1
"""...hair trigger firing?""  

No, not really.  

""Let's step back for a minute and consider what happened.""

He reached for his pocket (the pocket with the weapon in it) three times, he was told to get on the ground several times.  He had ample opportunity to prevent his own shooting.  He choose to be shot instead.",0,1
Definitely - SILENCE those wrongful feminists for pointing out an obvious gender bias.,0,1
Amy Miller is a very terrible person.,0,1
"Perhaps your dictionary also has definitions for ""pedant"" and ""sanctimonious.""",0,1
Brown is essentially getting paid to abuse multiple women. That's disgusting.,0,1
"These thugs deserve the full weight of the law, they are domestic terrorists.",0,1
"Neighbor98...You keep railing against a place you've never stepped foot in, and judging people you don't know. The irony is rich, as you continually insult Imago Dei, and try to play the part of the victim...Imago Dei is against you and your choices. I am quite certain no one in that church is overly concerned with who you share a bed with. You seem to be the only one making your lifestyle an issue. 

Why are you so angry about Imago Dei? I think its because you perceive them to be a group of Christians who actually believe something...wait for it...exist in your community. What would you have them do...leave? The loaded words you keep throwing out are way over the top: ""Imago Dei=Westboro Church"", [Imago Dei teaches] ""homophobic misogynist"" doctrine, and you and Imago Dei are ""not friends, [but] enemies."" If you actually believe that last quote, then I'd say you're the one with the problem. Don't be a hypocrite, Neighbor.",0,1
"Wait, fer reals? That went to court?! And he WON?!? For the sake of every fuck. We finally made it criminal to tell the truth, and it started here. How sickening. I mean, I kinda get it, being socially shunned sucks, but not being able to inform your community about dangerous individuals sucks even worse. It would be one thing if the allegations were false, but if they're true ... well ... if you don't like the consequences maybe you shouldn't have done the deeds? I mean, I made the front page of my city's newspaper for being ""different,"" on the heals of Columbine and on Mother's Day no less, and that was awkward as hell. It never even crossed my mind to accuse the newspaper of any misconduct. I was weird, apparently that was news, and they shared it. Well, fuck me then. 
How is Canada these days?",0,1
"Wait, fer real? That went to court?! And he WON?!? For the sake of honesty! We finally made it criminal to tell the truth, and it started here. How sickening. I mean, I kinda get it, being socially shunned sucks, but not being able to inform your community about dangerous individuals sucks even worse. It would be one thing if the allegations were false, but if they're true ... well ... if you don't like the consequences maybe you shouldn't have done the deed? I mean, I made the front page of my city's newspaper for being ""different,"" on the heals of Columbine and on Mother's Day no less, and that was awkward as hell. It never even crossed my mind to accuse the newspaper of any misconduct. I was weird, apparently that was news, and they shared it. Well, fuck me then.",0,1
"Wait, fer real? That went to court?! And he WON?!? For the sake of honesty! We finally made it criminal to tell the truth, and it started here. How sickening. I mean, I kinda get it, being socially shunned sucks, but not being able to inform your community about dangerous individuals sucks even worse. It would be one thing if the allegations were false, but if they're true ... well ... if you don't like the consequences maybe you shouldn't have done the deed? I mean, I made the front page of my city's newspaper for being ""different,"" on the heals of Columbine and on Mother's Day no less, and that was awkward as hell. It never even crossed my mind to accuse the newspaper of any misconduct. I was weird, apparently that was news, and they shared it. Well, fuck me then.",0,1
"Wait, fer real? That went to court?! And he WON?!? For the sake of honesty! We finally made it criminal to tell the truth, and it started here. How sickening. I mean, I kinda get it, being socially shunned sucks, but not being able to inform your community about dangerous individuals sucks even worse. It would be one thing if the allegations were false, but if they're true ... well ... if you don't like the consequences maybe you shouldn't have done the deed? I mean, I made the front page of my city's newspaper for being ""different,"" on the heals of Columbine and on Mother's Day no less, and that was awkward as hell. It never even crossed my mind to accuse the newspaper of any misconduct. I was weird, apparently that was news, and they shared it. Well, fuck me then.",0,1
"This is the fine line.  I mean you can't just say anything about folks (in person, int he press, online) but here he spoke the truth.   I mean provided links to public information.
But to create a whole website to expose/attack one person - no matter how guilty he is...seems a bit extreme.   With any luck Brown will get some help, it sounds if he keeps up some of his past behavior he could end him in jail.   I do think this sucks for Phil, dude was just trying to help...",0,1
"uh-huh.

thanks for the pointless monologue.",0,1
"The Malheur Refuge was created 108 years ago, by President Theodore Roosevelt, considered one of the greatest Presidents in US history.

No one in their right mind was in favor of doing away with this refuge, and opening it up for cattle grazing and hunting, as Bundy and Finicum told the public that they were doing.   They actually tore down a fence to help ranchers bring their cattle on the refuge, only to have the next door rancher have to repair the fence at his own expense, in order to prevent his cattle from straying onto the refuge.   The rancher wanted nothing at all to do with their insanity.  And Finicum even publicly invited hunters to come hunt on the refuge.

No, these men were clearly unhinged and cuckoo.",0,1
"Because they don't. Not only do they not ""emphasize misogyny and homophobia"", but this is a silly stretch and groundless claim. 
It also assumes that folks who see marriage as it has been for 99% of history are somehow scared of gays? And all the women at this church are delusional? Should they be rescued from their fate?",0,1
Please source your material that says ID believes gays are inferior people . You can't.,0,1
"To blame evanagelicals for beating gays 500 years ago, when the movement only came into being less than 50 years ago show your ignorance.",0,1
"No. No.  That's not the way it works.  

There were no 'losers'.  ""neither side in the dispute admits any wrongdoing.""  See. nobody 'lost' and nobody 'won'.  

The taxpayers pay her $80,000 plus another $63,334 in a separate check  and then the taxpayers of Eugene get to pay the $71,000 for her attorney and then they get to pay the firm hired by the City $215,000.  They are already paying the regular attorneys who are supposed to represent the City so that doesn't even count.  

See.  Nobody 'won' nobody 'lost'.  

Well, I guess that the $429, 334 could have been used for something else, but it had already been extracted from the City taxpayers and put into that 'special fund' to pay for City negligence and stupidity; the taxpayers were never going to see it again for any other purpose.",0,1
"I expect the intellectually bankrupt to run like cowards from an honest debate. you cannot refute the facts I reference, much less when I speak from experience, and so, you flag from a debate and run like a coward. There is no civility in being a coward.",1,0
"Why should they have to? They are a church, not a government entity. But the more salient question is why the heck would anyone want to get married in a church if they are not religious? I know it happens everyday, but is the most ridiculous thing ever.",0,1
"I'm thinking the phrase is 'Fools Cubed"", or, since the voters keep doing it over and over, maybe ""Fools to the 4th Power"".",1,0
"This is about the worst thing I have read on the subject. Extremely distasteful and disrespectful. If you only understood how much that animal if suffering, and how long he has suffered after being ripped away from his family 33 years ago, perhaps you would think twice before posting your snarky and heartless opinions. Pure garbage.",0,1
"the RG can be an absolute embarrassment to professional journalism. We're no longer debating the issue of social parasites pawned off as ""homeless,"" we're discussing the intellectual bankruptcy of the RG censoring debate.",0,1
"Because nearly ramming an FBI roadblock is considered peaceful. You narrative is destroyed Outsider77. Own that Finnicum died for no reason other than blatant stupidity. Normal people don't run from police, or threaten to kill law enforcement officials. Maybe your family does, but nobody I know is like that. You need to accept the reality of the situation.",0,1
"This is really pathetic. You're complaining about how you drive a cab but you get lost. You're complaining about not getting tipped while working for a company that tells it's customers not to tip you. You're complaining about there are  plenty of cabs on the road and you don't want more competition. News flash! You're a cab driver now, except for a shitty multinational corporation that doesn't care about you or their passengers, just the bottom line. This is why real cab drivers didn't want this shitbag corporation you work for around.  It can be a fun job, and I appreciate that you've recognized that. But I hate to break it to you, the flood gates are open now and you're 100% disposable to them. Enjoy your reduced pay & good luck forming that union that will never happen",0,1
"$55 to see Dave Chappelle is already pretty damned steep. 

That MULTIPLE shows within the same city would sell out in minutes, if not seconds, is literally INSANE. That tickets to see him (or anyone) are going for $400 online makes me want to move to another planet. Humans suck.",0,1
You didn't hurt my feelings. Why would you assume you did? I enjoyed pointing out how Obama not attending the funeral is an example of the dumb attacks rampant in the GOP these days.,0,1
"Wow.  This piece is ignorant in the extreme.
It's neither funny nor informative.  It's just... I don't know, a demonstration of the author's inability to write cogently?  Why did you even write this?  Trolling?",0,1
"How about back when black/hispanics used to live on MLK Blvd. instead of California transplants and yuppie hipsters alongside their organic food grocery chains and microbreweries?

I don't see this gentrification stuff going away.  Pretty soon, all the young white people of the next generation will be making similar claims about the good old days when Portland was ""weird"" instead of the semi-Oakland/semi-SF situation we'll have in 10-20 years.

People in Portland are so clueless sometimes to the things that don't happen to them.",0,1
"I know right?

Textiles got all stupidly expensive when we stopped allowing eight year old kids dodge around the machinery. 

Why would we stop such a good thing when were had such a usable textile industry?",0,1
"that's because you have the debate skills of a child. you could not refute anything I posted, and like a child you boast of your uncivil flagging of posts you cannot refute that expose your profound ignorance. I expect people like you to behave socially retarded.",0,1
"You left out the part where the one who got shot said shoot me shoot me shoot me, refused to surrender, ran a road block, refused to obey LEO's orders, and was reaching into a pocket where he had a loaded gun.",0,1
"You know, this is just silly -  ""Obama is trying to destroy America.""  He, his wife, his kids, and all of the people who support him want to destroy the very country they live in.  That's nuts!  Eldridge makes some good points in her letter.  And if it was a conservative Republican who was president and nominated someone for the Supreme Court I would expect a Democratic Senate to do their duty by holding hearings, and giving due consideration to the nominee, just like the Constitution says they should.  Republicans and Democrats come and go. They are duly elected by the people. Honoring the Constitution and our system of government is what preserves this country and makes it work. Not liberals or conservatives, Democrats or Republicans.  No one party has all of the answers. Stop disrespecting and demonizing the other side.  It's what is killing this country.",0,1
"Again, hutch was the one on trial not brown. I'm sure you understand what a civil suit is. There is one plaintiff and one defendant photo hutch was the plaintiff and brown  was the defendant . Hutch probably lost because him and his friends don't understand the law whatsoever like yourself and what a plaintiff and a defendant is. If you all appeal this I sure hope you can get it straight and understand whos on trial.   In the mean time I would be very careful about throwing around harsh words like rapist. You are only repeating hutchs errors and you most certainly will be next if you don't cut it . It doesn't make you look good, positive or very together. You make it seem like it's not about a rapist or a criminal like you say. What it really seems like it's about is winning. That's selfish and Very disingenuous. There are hundreds of sex offenders and you're very area. Stop targeting one person because you lost due to trolling .It wil Only lead to more  suffering for you",0,1
Who said anything about opposing liberals going to the MWR to physically remove Bundy? Answer no one! As I pointed out I believe at least 6 who did oppose the Bundy's did go and meet face to face. That leaves the vast majority of liberal trash talkers with apparently a  weak bladder problem in my estimation.,0,1
The Planned Parenthood Motto: We like to kill at a very young age!,0,1
"too funny. once again this emotional cripple editor has deleted my post after I received several thumbs up. To a liberal emotional cripple stating the truth is being uncivil, but I will always say in their defense, they can only work with the )&$% fer brains they were born with.",0,1
"bwahahahahahahaha. The mentally ill cannot change their way of thinking, and above all else, liberalism is a mental illness.",0,1
"When you want complete diversity in hatred, bigotry, xenophobia, misogyny, and
racism - vote for the little king, Donald Trump. You can be assured no one escapes his version of ""diversity"".",0,1
"Bernie isn't a democrat, he is a socialist running on the democrat ticket. Even so he is a hell of lot better then the pathological liar Hillary. Seeing how Hillary is leading Bernie speaks volumes as just how morally and mentally bankrupt democrats truly are to even support such a low life as Hillary.",0,1
"that's true, and why I qualified this social disease as LIBERAL DEMENTIA.  This isn't about trash talking liberals, it is a fact that these people have a mental illness that is incapable of grasping simple facts.",0,1
"Those ""sleepers"" are the same chronic mendicants who are polluting our lands and waterways with their human waste, needles, garbage, etc. No one has the right to defile, or otherwise destroy, our public spaces in this manner. The practice of leaving it better than you found it continuously eludes the majority of these derelicts. You are purposefully confusing the issue of sleep with the issue sanitation, particularly when its relationship to public safety, or in this case, financial responsibility is in everyone's best interest. The right to sleep does not include the right to be a pig.",0,1
"Not at all, that is your delusions. I am addressing a social disease. Those who make slurs about people on the short bus are not intelligent enough to understand the difference between mentally handicapped, and pure stupidity. You need to look up the word ""dementia"" and learn it's meaning.",0,1
That hat must smell if he wears it every day..lol,0,1
"""Probably most 21st-century Americans would agree that wearing, say, blackface or Native American war paint is generally outside the accepted bounds of taste, civility and human decency."" How racist stereotyping of Injuns calling it ""war paint."" Us Injuns have been painting our faces for every occasion under the sun. I only put on ""war paint"" when I come to debate the profound stupidity of Political Correctness.",0,1
"Dementia: ""medical : a mental illness that causes someone to be unable to think clearly or to understand what is real and what is not real."" You are incapable of grasping the difference between dementia my family with Huntington's disease exhibited, and LIBERAL DEMENTIA that is incapable of grasping reality based facts. You cannot refute anything I have posted on this thread, and in shameless intellectual bankruptcy accuse me of mocking the handicapped to deflect off subject. Your dementia does not make your charge fact. It does show just how shameless you are.",0,1
The media views its 'job' as defining the debate so it can guide the electorate to its preferred result.  The fact that Trump and Sanders are demonstrating that they don't have that power is what has their knickers in a bunch.  They are finding out what the non-establishment voters know already; it sucks to be irrelevant.,0,1
"I speak from several experiences. I have firsthand experience with family members with mental disabilities. I didn't have to 8th grade because I had a 10th grade aptitude having taught myself. Oregon public schools made me a teachers aide for students with learning disabilities and that's what I did for that school year. Currently my adopted daughter is a special ed teacher. As for your ""or maybe you're just an idiot"" comment, I never expect people like you to post anything remotely intelligent as you are incapable of addressing what I posted. That would require intelligence.",0,1
"Chomp, chomp ... SLURP! Pigs at the trough. More slop from the public, please!",0,1
"And yet probably 1/2 of my passengers are non-white.  
  
You should be careful there, your racism and bigotry are showing.",0,1
"This is a textbook example of how some people are incapable of rational intelligent thought, primarily liberals. Property taxes have hammered the middle class, and have caused an emergency poverty-affordable housing crisis, and yet these educated idiots fail to grasp this fact, and boast of property taxes as being beneficial to our community.",0,1
"Liberal dementia strikes again! What I find hysterical comedy is how Bernie Sanders has gone on the Thom Hartmann program every Friday for years, and those 2 political clowns often praised the brilliance of Paul Krugman...the same Krugman who has attacked sanders time and time again as an economic fool. Now, while the democrats are fiercely split, and the dem hierarchy is trying to take down Sanders to install team Billary, professionals at shaking down Wall Street for $$$...this political clown wants to talk about the GOP. Paul Krugman, the master economist (sic) has never risked his own money running a business and is clueless what it takes to make payroll. The only thing this political clown as ever ran is his mouth, and frankly be sucks at that too.",0,1
And apparently they were dummies. No threat to anyone at any time. The handling of this story is quite worrisome. So much misinformation from media sources which reported first and investigated later. A real litmus test of which sources are reliable and which are not.,0,1
"Here's the rebuttal: Krugman is a player for the democrats political establishment to believe otherwise is foolishness. When the RG as with many liberal newspapers don't want to appear as the lone ranger they run a Krugman kind of column. His column isn't about Trump, it's all about getting Hillary elected. Like most democrats you don't see it anymore then the next tool. The Clintons are among the top 1%, the insider political establishment   and they intend to stay there no matter what or who they use. Independents like myself see it plainly for it is, a few Master Gardeners the 1% [the Clintons] have a shed full of foolish tools willing to be used. It all boils down to Forrest Gump's story.... ""stupid is as stupid does"". The really question is: So what does Hillary's moral and mental character have to offer the nation I know the answer do you?",0,1
"Interesting you of all people accuse others of trolling when in fact thats exactly what YOU did and you suffered the consequences of it. Your wide array of diversionary tactics such as focusing on arbitrary details while avoiding personal accountability for your actions are unsustainable. A trial includes both criminal and civil proceedings and any attorney, reference book or attorney will tell you that. If you , the self appointed troll of the ""rapists"" find it your job to tell everyone the truth about your truth the way you see it, then there should be no problem with me being a appointed watchdog for those like yourself who attempt to re-define what is real. You messed up...no fancy, manipulative speech is going to change that. The less straightforward you are, the deeper hole you dig. You're transparent. There are better ways of getting laid  like being a man accountable for his actions. Not by being a whiny socialist with unresolved mother issues avoiding responsibility.",0,1
"Nice job, WW, posting unofficial heresay poached from a personal FB page as news. Slimy.",0,1
"Disagree with the Trump part, but I do agree that it is past due for a major shake up in this city of it's incompetent and deluded managers.",0,1
"You're assuming this man is telling the truth about that and yet, this is not the only animal he has abused or killed.",0,1
"63 is way too old.  He would be a senior citizen for practically the entire time that he is office.

Young Americans are sick of being ruled by tired, old, senile men who grew up in such a distant generation and are so totally out of touch with current society. Members of the Supreme Court should face mandatory retirement at age 65.  Having them serve until they die is totally idiotic and archaic.  It creates chaos like this whenever one of them dies.

The only good thing going for him is that he is a hardliner on domestic terrorism, and would come down strongly on nutcases like the Bundys.  As a prosecutor, he ran the investigation and preliminary hearings in the Oklahoma City Bombing case against Timothy McVeigh.   And he then supervised the team that prosecuted him and got the death sentence.  

So he would help insure that America's domestic enemies like the Bundys and their allies receive the stern justice that they deserve.",0,1
If black people cared about black lives. Then they would spend their time and energy getting black people to stop killing each other.,0,1
"All you people defending this guy have no scope of the matter. I am a neighbor and this guy has been terrorizing the area for yrs. If you were here in this nhood you would be singing a different tune I guarantee.
Furthermore,  killing the neighbors pet because of boundary issues is ridiculous.  Has anyone ever thought of knocking on the door and talking with someone and figuring it out? Or is ""just kill it"" is all you can come up with?  The man is a psychopath. Why don't you come up to his house on s4th and d and look at what is on his fence.",0,1
"no, cats are not a natural part of life, they were imported to America and the emotional cripples who let them run lose overcompensating their vain pathetic lives don't give a damn to the damage they do to their neighbors property much less the song birds. These scum are never going to understand their sick vile behavior as they are emotional cripples, known as the cat lady.",0,1
Praised by Faint Damns ... ?,1,0
"You know, you just can't make this stuff up!   

Hillary barking like a dog.  She seems so natural!",0,1
"When Piercy was running for re-election as state rep we crossed paths. She told me if I voted for her she would work hard to restore school budgets to adequate levels. I asked a simple question: ""what is the school budget per child now?"" She pretended not to understand the question so I rephrased it; ""how much as we spending per child on public education?"" She finally admitted she had no idea the answer, and so I asked her: ""if you do not know what the school budget actually is, how do you know if it is adequately funded or not?"" She wouldn't answer that question, and bailed. I am hard pressed to think of a more incompetent, uneducated fool, to hold office than Piercy.",0,1
"You know, you just can’t make this stuff up!

Hillary barking like a dog.",0,1
"He can't even spell ""Springfield"" good lord.. Also LOL that 24 hrs ago he posted a ""I don't always correct spelling but when I do I google it so I don't look stupid,"" meme!",0,1
"Had this same sequence occurred with my cat or dog, this man would be dead. I have a concealed permit, and if he refused to let go of my animal, I would have shot him right then and there.",0,1
"Pure, unfounded ignorance.  A disgrace to your profession, if you are a journalist like you say.  Shame on you.  Springsteen does nothing self indulgently - he does it for his FANS.  You're the self indulgent one in this story.",0,1
I have more than addressed everything you said as a coward debater who put me down about Singapore and how I should show you how it's done. Now you're running like a coward from the fight you picked because you're only humiliating yourself in public an ignorant boob who hasn't a clue of what you're talking about.,0,1
A whole load of rubbish,1,0
"A fool and his money are soon parted. If you're going to pay 750 for a 55 ticket, you deserve to be fleeced all the way back to wherever you transplanted from.",0,1
"was rezoned to farmland so that land being farmed could be rezoned and developed. You show me so much as 1 acre of ""farmland"" that has been protected from development and I'll show you an ignorant person who didn't do their homework, or a shameless lying liberal who is hoping I didn't do mine.",0,1
"I can't even see how someone could construe controversy or make any negative feedback.   It's a bakery!   And she didn't deny anyone a crumpet (looking at you Kleins!).  
Ridiculous, food based on a time period...  I'm pretty sure Genghis Khan ate meats cooked on around grill...I'm going to go poop on Chang's Mongolian Grill's front door!   Seriously...",0,1
"We got to get everyone to keep on puffing!   My kid's school needs a few more teachers, full time library and PE!  Seriously with any luck, this could make an positive impact (in time).   Come on stoners, get to it!",0,1
"Criminy, WW, what the hell? Did I also miss your self-righteous tirade against Best Baguette and how French imperialism is so bitter, it ruined your boba tea?",0,1
"Are you kidding me?? It's called CIVIL RIGHTS. And guess what? The idea that ""marriage is between a man and a woman"" is NOT ""no big deal - it's bigotry. So at least own your bigoted beliefs. Your ignorance is blowing my mind.",0,1
"It's only tragic for people like you who are going to be on the receiving end of the nastiness and mean-spiritedness. But your hurt feelings are just collateral damage. We don't get rid of the cancer that is leftist doctrine with an aspirin; we get rid of it with radiation, chemotherapy or other unpleasant treatment.",0,1
"You all call it transit.  Here is what I have heard folks  call this so called ""transit""---all heard at the transit center in Eugene: bum trains,  shame train, limo for lushes, a place to hit up (shoot heroin), trash stash (alluding to the allure of the riders), the mission migrator (all the bums headed to the Eugene Mission between 5:30 and 6:00 when they have curfew), the loony bin; getaway car; and so on.   The U of O students get free passes and the bums get free bus passes.  I have to tell you, I am not paying $65 a month to ride with junkies and bums, petty little criminals, a drunk puking into the seat next to him or the guy passed out in the back, with five garbage bags at his feet blocking the aisles.  After working all day,  it would not be worth it. Nope, I will drive.",0,1
"He got one thing right, liberal democrats have been obnoxious political bullies, and frankly I am amazed more are not shot dead daily. The GOP demanded Trump sign a pledge he would not run as a third party candidate if he didn't get the nomination. Now that he's the front runner the GOP is trying to destroy Trump by hook or by crook because the pseudo conservatives of today will do anything to retain power. In brokering a convention with corrupt backdoor deals, it is the pseudo conservatives who will instigate riots, not the political correct clowns we have come to know as the instigators of despicable behavior. This is why so many pseudo conservatives stayed in the race for so long, it waters down the vote so no one gains a majority, and they hierarchy can put up who they want, and damn the people.",0,1
your statement is laughably delusional. Are you high on crack?,0,1
"how shameful, a jew practising eugenics",0,1
"hire someone who is NOT a cis-het white man, even if that person is the most qualified (because he’s had the most opportunities)

That is Straight up racist and sexist.",0,1
"What does he being Jewish have to do with this???
Nice way to pigeon hole someone,and to show ignorant anti-semiticism.
Maybe he isn't that religious, or religious at all.
I know Catholics who have gotten divorces, gotten abortions,
were gay- do you see how ignorantly bigoted what you said is. 
And it doesn't send any bad message to the girls. He said he loves his daughters. He wanted a son, what's wrong with that. 
The only real issue in this article is the custody battle.
Other than that, the rest i.e being rich, being Jewish, wanting a son only,etc. is totally irrelevant. So many need to find something to complain about.",0,1
"What are you insinuating from your comment???
Because he wants to raise his son alone, are you saying he's a misogynist?
That he hates women, just because he wants a son, and doesn't want a mother for the son?
Not saying he's right or wrong in the custody issue, just feel your comment is a bit ignorant if you're suggesting he dislikes women",0,1
"what exactly is your definition of anti Semitic, woyzeck? is it still anti semitism if i'm a jew? it's shameful he is practising eugenics regardless his being a jew. based on your other post, you seem to support the idea of letting the rich and powerful have their way. unfortunately, you are ignorant of the consequences this type of behaviour can result in. perhaps if you had members of your family murdered by 'white supremacists', i.e ""nazi's"" ,or any other racial/genetically motivated ""supremacy"", you'd be more sympathetic to those of us who have. i doubt very much you will be included in their future, except as slave labour, for the ""Genetically Superior"" ignorance isn't bliss",0,1
"Your post is pure bias and makes no mention of this. Now, after the fact, you make this statement. No, I did not get this wrong, you need to articulate better than a bias opinion condemning one while saying nothing of the other equally guilty. as for the latter, Junior, I staunchly opposed Bush in agreement with William F Buckley who warned the GOP they were committing political suicide with this incompetent clown. Now you're deflecting off subject of your BIAS post I addressed.",0,1
I think it's safe to say no-one is looking to make a statement by going to his show they just want to hear him play...and yes his generation fucked up America...I think thats the take away.,0,1
"Look, it's possible to aware of the vast ocean of wrongs we benefit from without reducing it to saying ""this is bad"" and ""this is good."" ""The lie, here,"" as you put it, is that white people who try to acknowledge the really seriously bad shit that put them in the places of privilege they are in now, that white people (you and me, dude) benefit from every single day, feel ""the need to be offended for others."" No, I'm really, actually, distressed by the lack of historical understanding and cultural awareness this name represents. Portland needs to do better at having a perspective that reaches beyond our own noses. That's pretty much all I'm asking for. It's not about the food, it's about the name and the theme. But I already said that.",0,1
"Your ignorance once again is profound, and once again I will confuse you with simple facts. In 1981 the social conservative Jack Kemp, teaming up with Ronald Reagan, pushed through a first time home buyer program that targeted specifically the working poor, and empowered my friend Marty to purchase a home earning $3.35, the federal minimum wage. Kemp-Reagan got people off welfare by lifting Marty's standard of living to entry level middle class. What you advocate chains people to poverty and a dependence on programs.",0,1
Curtis:  do you like fighting alongside an enabler of a sexual predator?,0,1
"No, Junior. It's in print and you still cant follow. I never asked you for examples, that is someone else. I pointed out you bias. You then deflected, and now humiliate yourself in public unable to follow a friggin post that's IN PRINT. Junior, if you're not on drugs, get help.",0,1
"No but your use of ""white people"" in all your posts, regardless of what has been stated, makes me suspicious you are a racist.",0,1
"$65,000 dollars?
Really?
You people are so out of touch with reality.
Throwing around $65,000 dollars on a fence, to keep people from sleeping under a bridge? It's shit like this that can make a person hope the system burns.",0,1
"Hey kids! When coloring Easter eggs, color one (or two) that is uncooked. Great fun! Just remember, play dumb!",1,0
"and yet none of these liberal clowns have a problem with liberal corporations like Saturday Market claiming they own public property in downtown Eugene. While these liberal clowns demand Citizens United being repealed because corporations should not possess equal rights of citizens, they have no problem with liberal corporations like Saturday Market- Lane County Farmers Market being granted, by fiat, far more rights than the citizens who own the property they operate on. Never underestimate the staging hypocrisy of liberal bigots.",0,1
"Funny how you can be so offended by a restaurant name, but not give a rat's ass about a ""comedian"" who has made a career of tired racist and homophobic BS.  It sure is fun for white people to be able to gather and not feel guilty about laughing out loud at stuff like this....and it being ""ok"" solely because it is coming from a funny black guy.",0,1
"it is delusional to think these people can be helped. There is a reason why drug-alcohol programs have a pathetic success rate and at best provide a short break in between binges giving their livers a break. They are dead end dead beats void of a work ethic or dignity and no program is ever going to change that fact. Simply put, they refuse to grow up and accept responsibility to support themselves. Programs become their obnoxious enabler, and especially food stamps. Go to the university district and you will find many who live on the streets but work to support their drug-alcohol habits. They'd rather pick up pop cans and scrap metals etc. than work a 9-5 job, which is their choice. I have no problem with that. they are not inflicting their dysfunction on the community. Spirit is a prime example. he lived homeless by choice, but worked. He does amazing carvings and hustled up temp jobs. which brings me to the working poor (to be continued).",0,1
The groups you mentioned are the shock troops of the elite who are scared of a POTUS they can't control when in office. All of those groups are financed by the George Soros types of the world who are stripping this country of anything of value before they collapse our economy. The only person with what it takes to make the tough decisions and to resist the zio mafia currently in charge is Trump our only fear should be that he will find himself channeling JFK RFK MLK and many others before him before he is able to rid us of these parasites,0,1
"The slurs against Hillary should be stopped---- it's time to confront them at every appearance. We all have seen that to ignore them as too ridiculous isn't effective, i.e. Saddam had WMDs, Saddam caused 9/11, Obama is a Muslim, etc.",0,1
It's his thing. He wants to be cool and different. At like 35. Kinda sad really. If he really is angry about it that is. And of course by sad I mean pathetic,0,1
"Oh, silly me! ;) Well, they are not totally empty. There IS a driver!",0,1
Killing terrorists before they kill us is a valid foreign policy.,0,1
My mistake. I knew there was problem when I wrote that. I meant hypocritical. Democrats are often called hypocritical. And there is a lot of truth in that. Reid and O'Connel this morning were both two faced about their earlier efforts to block the nominating process or their previous support for it. Each had exactly different views than they professed before.,0,1
What a crock of deluded *&^&.  I would highly recommend this person get to the hospital STAT and have their head removed from their buttocks. This is about a religious war of Islam against Islam. Not even their hatred against Israel and America can unite them.,0,1
Hate is driving Trump protesters.,0,1
"Ah me ... I've actually written a proposal, enthusiastically adopted by the Jefferson Westside Neighbors, for a (big mouthful) multi-generational, family-friendly, mixed-density (but averaging ""high"") housing project on the old Naval Reserve site on W. 13th Ave., across 14th from Caesar Chavez Elementary. Shot down by Envision Eugene planners and the Planning Commission.

Yes, this seems unbelievably stupid, and it was. But they wanted to simply rezone the site to R-2, no plan at all for how it would be developed. That's Envision Eugene - no credible analysis, no real ""plans,"" no genuine involvement of neighborhood folks. Just ""true believers"" who still see the world as ""density versus sprawl.""
 
I'm not too worried about the Willamette Valley farmland actually being ""covered"" with houses, and that's a straw man. Doing some intelligent development, with mixed densities, in some areas just outside the current UGB could be a good idea. There are also lots of ""opportunity sites"" close in.",0,1
Those crazy backwards Washingtonians with standing in line to vote.,0,1
"This looks like an article from 'The Onion'?

Kind of silly, in content and as well as any goofy message it's trying to send.",0,1
"What about this statement leads you to believe he wasn't talking about Mexicans?

Quote from Trump on June 16, 2015: ""When Mexico sends its people, they're not sending their best. They're not sending you. They're not sending you. They're sending people that have lots of problems, and they're bringing those problems with us. They're bringing drugs. They're bringing crime. They're rapists. And some, I assume, are good people."" 

And this is the candidate you support...pathetic.",0,1
